pathID,sequence,distanceAlongPathMetre,elevationMetres,latitude,longitude
1,0,10,190.06,43.16367,-1.23492
1,1,10,189.9,43.16365,-1.23504
1,2,10,189.68,43.16363,-1.23516
1,3,10,189.71,43.1636,-1.23527
1,4,10,189.34,43.16357,-1.23539
1,5,10,188.94,43.16354,-1.2355
1,6,10,188.65,43.1635,-1.23561
1,7,10,188.52,43.16345,-1.23571
1,8,10,188.41,43.16339,-1.23581
1,9,10,187.84,43.16334,-1.23592
1,10,10,187.39,43.16329,-1.23602
1,11,10,186.94,43.16324,-1.23612
1,12,10,185.92,43.16319,-1.23622
1,13,10,184.58,43.16314,-1.23632
1,14,10,183.02,43.16309,-1.23643
1,15,10,181.5,43.16304,-1.23653
1,16,10,179.89,43.16299,-1.23663
1,17,10,178.38,43.16294,-1.23673
1,18,10,176.94,43.16289,-1.23683
1,19,10,175.49,43.16283,-1.23693
1,20,10,174.39,43.16276,-1.237
1,21,10,173.39,43.16268,-1.23706
1,22,10,172.54,43.1626,-1.23711
1,23,10,171.87,43.16252,-1.23715
1,24,10,171.41,43.16243,-1.23719
1,25,10,171.05,43.16235,-1.23723
1,26,10,170.8,43.16226,-1.23727
1,27,10,170.64,43.16218,-1.23731
1,28,10,170.58,43.16209,-1.23736
1,29,10,170.58,43.16201,-1.23741
1,30,10,170.66,43.16193,-1.23745
1,31,10,170.76,43.16185,-1.2375
1,32,10,171.03,43.16176,-1.23755
1,33,10,171.3,43.16168,-1.2376
1,34,10,171.6,43.1616,-1.23765
1,35,10,171.94,43.16152,-1.2377
1,36,10,172.36,43.16143,-1.23775
1,37,10,172.77,43.16135,-1.2378
1,38,10,173.21,43.16127,-1.23785
1,39,10,173.68,43.16119,-1.2379
1,40,10,174.16,43.1611,-1.23795
1,41,10,174.57,43.16102,-1.23799
1,42,10,174.98,43.16094,-1.23804
1,43,10,175.41,43.16085,-1.23809
1,44,10,175.81,43.16077,-1.23813
1,45,10,176.23,43.16069,-1.23818
1,46,10,176.66,43.16061,-1.23823
1,47,10,177.16,43.16052,-1.23828
1,48,10,177.61,43.16045,-1.23835
1,49,10,178.08,43.16038,-1.23842
1,50,10,178.5,43.16029,-1.23839
1,51,10,179.01,43.16021,-1.23844
1,52,10,179.54,43.16013,-1.23849
1,53,10,180.11,43.16005,-1.23855
1,54,10,180.68,43.15997,-1.2386
1,55,10,181.29,43.15989,-1.23866
1,56,10,181.89,43.15981,-1.23871
1,57,10,182.89,43.15973,-1.23877
1,58,10,183.86,43.15965,-1.23882
1,59,10,184.85,43.15956,-1.23886
1,60,10,185.7,43.15947,-1.23888
1,61,10,186.38,43.15938,-1.23888
1,62,10,186.99,43.15929,-1.23887
1,63,10,187.5,43.1592,-1.23885
1,64,10,188.02,43.15912,-1.23884
1,65,10,188.99,43.15904,-1.23887
1,66,10,190.16,43.15897,-1.23893
1,67,10,191.54,43.15889,-1.239
1,68,10,192.76,43.15882,-1.23906
1,69,10,194.18,43.15874,-1.23913
1,70,10,195.53,43.15866,-1.23919
1,71,10,196.91,43.15859,-1.23926
1,72,10,198.3,43.15851,-1.23932
1,73,10,199.71,43.15843,-1.23938
1,74,10,201.41,43.15835,-1.23942
1,75,10,203.09,43.15826,-1.23944
1,76,10,204.73,43.15817,-1.23946
1,77,10,206.22,43.15808,-1.23947
1,78,10,207.79,43.15799,-1.23949
1,79,10,209.32,43.1579,-1.23951
1,80,10,210.74,43.15781,-1.23952
1,81,10,212.15,43.15772,-1.23954
1,82,10,213.15,43.15763,-1.23956
1,83,10,214.17,43.15755,-1.2396
1,84,10,215.29,43.15747,-1.23966
1,85,10,216.33,43.1574,-1.23973
1,86,10,217.34,43.15731,-1.23977
1,87,10,218.19,43.15723,-1.2398
1,88,10,219.09,43.15714,-1.23983
1,89,10,220.02,43.15705,-1.23987
1,90,10,220.34,43.15697,-1.2399
1,91,10,220.63,43.15688,-1.23993
1,92,10,220.9,43.15679,-1.23996
1,93,10,221.19,43.15671,-1.24
1,94,10,221.44,43.15662,-1.24003
1,95,10,221.68,43.15653,-1.24006
1,96,10,221.92,43.15645,-1.24009
1,97,10,222.35,43.15636,-1.24013
1,98,10,223.05,43.15628,-1.24018
1,99,10,223.84,43.1562,-1.24024
1,100,10,224.62,43.15612,-1.2403
1,101,10,225.41,43.15604,-1.24036
1,102,10,226.23,43.15597,-1.24043
1,103,10,227.01,43.15589,-1.24049
1,104,10,227.87,43.15581,-1.24056
1,105,10,228.69,43.15574,-1.24063
1,106,10,229.55,43.15566,-1.24069
1,107,10,230.88,43.15559,-1.24076
1,108,10,232.86,43.15552,-1.24083
1,109,10,234.91,43.15553,-1.24095
1,110,10,236.38,43.1555,-1.24101
1,111,10,237.15,43.15541,-1.24099
1,112,10,238.28,43.15532,-1.24099
1,113,10,240.06,43.15524,-1.24103
1,114,10,241.8,43.15515,-1.24106
1,115,10,243.76,43.15506,-1.2411
1,116,10,245.62,43.15498,-1.24114
1,117,10,247.56,43.15489,-1.24118
1,118,10,249.25,43.15481,-1.24122
1,119,10,250.77,43.15472,-1.24125
1,120,10,252.36,43.15464,-1.2413
1,121,10,253.76,43.15455,-1.24134
1,122,10,254.94,43.15447,-1.24138
1,123,10,256.09,43.15439,-1.24143
1,124,10,257.26,43.1543,-1.24147
1,125,10,258.62,43.15422,-1.24152
1,126,10,259.77,43.15413,-1.24156
1,127,10,260.64,43.15405,-1.24159
1,128,10,261.5,43.15396,-1.24162
1,129,10,262.15,43.15387,-1.24164
1,130,10,262.77,43.15378,-1.24166
1,131,10,263.47,43.15369,-1.24169
1,132,10,263.97,43.15361,-1.24171
1,133,10,264.02,43.15352,-1.24174
1,134,10,264.05,43.15343,-1.24177
1,135,10,264.03,43.15334,-1.2418
1,136,10,264.02,43.15326,-1.24183
1,137,10,263.94,43.15317,-1.24186
1,138,10,263.83,43.15308,-1.24189
1,139,10,263.68,43.15299,-1.24192
1,140,10,263.48,43.15291,-1.24195
1,141,10,262.81,43.15282,-1.24197
1,142,10,262.22,43.15273,-1.242
1,143,10,261.56,43.15264,-1.24202
1,144,10,260.99,43.15255,-1.24205
1,145,10,260.53,43.15247,-1.24208
1,146,10,259.98,43.15238,-1.24211
1,147,10,259.45,43.15229,-1.24214
1,148,10,258.92,43.1522,-1.24216
1,149,10,258.62,43.15212,-1.24219
1,150,10,258.39,43.15203,-1.24223
1,151,10,258.25,43.15195,-1.24227
1,152,10,258.19,43.15186,-1.24232
1,153,10,258.08,43.15178,-1.24236
1,154,10,258.05,43.15169,-1.24241
1,155,10,257.97,43.15161,-1.24245
1,156,10,258.05,43.15153,-1.2425
1,157,10,257.83,43.15144,-1.24254
1,158,10,257.71,43.15136,-1.24259
1,159,10,257.36,43.15128,-1.24263
1,160,10,256.91,43.15119,-1.24268
1,161,10,256.28,43.15111,-1.24271
1,162,10,255.39,43.15102,-1.24273
1,163,10,254.4,43.15093,-1.24274
1,164,10,253.75,43.15084,-1.24276
1,165,10,253.95,43.15075,-1.24277
1,166,10,254.18,43.15066,-1.24279
1,167,10,254.33,43.15057,-1.24279
1,168,10,254.5,43.15048,-1.2428
1,169,10,254.64,43.15039,-1.24279
1,170,10,254.78,43.1503,-1.24277
1,171,10,254.91,43.15022,-1.24274
1,172,10,254.91,43.15013,-1.24271
1,173,10,254.77,43.15004,-1.24268
1,174,10,254.68,43.14995,-1.24265
1,175,10,254.65,43.14987,-1.24262
1,176,10,254.65,43.14978,-1.24259
1,177,10,254.69,43.14969,-1.24256
1,178,10,254.78,43.1496,-1.24253
1,179,10,254.81,43.14952,-1.24252
1,180,10,254.74,43.14943,-1.24252
1,181,10,254.59,43.14934,-1.24253
1,182,10,254.49,43.14925,-1.24253
1,183,10,254.32,43.14916,-1.24254
1,184,10,254.23,43.14907,-1.24254
1,185,10,254.22,43.14898,-1.24253
1,186,10,254.32,43.14889,-1.24251
1,187,10,254.36,43.1488,-1.2425
1,188,10,254.86,43.14871,-1.24249
1,189,10,255.47,43.14862,-1.24247
1,190,10,255.98,43.14853,-1.24246
1,191,10,256.5,43.14844,-1.24245
1,192,10,257.03,43.14835,-1.24244
1,193,10,257.31,43.14826,-1.24245
1,194,10,257.46,43.14817,-1.24247
1,195,10,257.76,43.14808,-1.24249
1,196,10,258.15,43.14799,-1.24252
1,197,10,258.81,43.1479,-1.24253
1,198,10,259.38,43.14782,-1.24254
1,199,10,260.03,43.14773,-1.24255
1,200,10,260.69,43.14764,-1.24256
1,201,10,261.73,43.14755,-1.24254
1,202,10,262.65,43.14746,-1.24253
1,203,10,263.35,43.14737,-1.24252
1,204,10,264.08,43.14728,-1.2425
1,205,10,264.79,43.14719,-1.24248
1,206,10,265.82,43.14711,-1.24243
1,207,10,266.88,43.14702,-1.24238
1,208,10,267.87,43.14694,-1.24233
1,209,10,268.85,43.14686,-1.24228
1,210,10,269.69,43.14678,-1.24224
1,211,10,270.39,43.14669,-1.24219
1,212,10,270.83,43.14661,-1.24214
1,213,10,271.59,43.14653,-1.24208
1,214,10,272.62,43.14647,-1.242
1,215,10,273.57,43.1464,-1.24192
1,216,10,274.44,43.14633,-1.24184
1,217,10,275.24,43.14626,-1.24176
1,218,10,275.96,43.14619,-1.24168
1,219,10,276.62,43.14612,-1.2416
1,220,10,277.26,43.14606,-1.24152
1,221,10,278.04,43.14599,-1.24144
1,222,10,279.07,43.14592,-1.24136
1,223,10,280.05,43.14585,-1.24128
1,224,10,280.98,43.14578,-1.2412
1,225,10,281.72,43.14571,-1.24113
1,226,10,282.56,43.14564,-1.24105
1,227,10,283.35,43.14557,-1.24097
1,228,10,283.91,43.14549,-1.2409
1,229,10,284.47,43.14542,-1.24083
1,230,10,285.08,43.14535,-1.24076
1,231,10,285.85,43.14527,-1.24069
1,232,10,286.59,43.1452,-1.24062
1,233,10,287.15,43.14512,-1.24056
1,234,10,287.66,43.14504,-1.2405
1,235,10,288.14,43.14496,-1.24044
1,236,10,288.57,43.14488,-1.24038
1,237,10,288.85,43.1448,-1.24033
1,238,10,289.0,43.14472,-1.24029
1,239,10,289.54,43.14463,-1.24025
1,240,10,290.31,43.14455,-1.24021
1,241,10,291.12,43.14446,-1.24017
1,242,10,291.72,43.14437,-1.24015
1,243,10,292.22,43.14428,-1.24014
1,244,10,292.53,43.14419,-1.24015
1,245,10,292.63,43.14411,-1.24018
1,246,10,292.55,43.14403,-1.24023
1,247,10,292.84,43.14395,-1.24029
1,248,10,293.24,43.14388,-1.24036
1,249,10,293.61,43.14381,-1.24044
1,250,10,294.25,43.14373,-1.24051
1,251,10,294.71,43.14366,-1.24059
1,252,10,295.21,43.14359,-1.24067
1,253,10,295.84,43.14352,-1.24074
1,254,10,296.56,43.14345,-1.24082
1,255,10,297.37,43.14338,-1.24089
1,256,10,298.38,43.1433,-1.24096
1,257,10,299.52,43.14323,-1.24102
1,258,10,300.68,43.14315,-1.24109
1,259,10,301.51,43.14308,-1.24116
1,260,10,302.4,43.143,-1.24123
1,261,10,302.97,43.14293,-1.2413
1,262,10,303.58,43.14285,-1.24137
1,263,10,304.27,43.14277,-1.24142
1,264,10,304.84,43.14269,-1.24147
1,265,10,305.76,43.1426,-1.24149
1,266,10,306.63,43.14251,-1.2415
1,267,10,307.32,43.14242,-1.24152
1,268,10,308.15,43.14233,-1.24153
1,269,10,309.14,43.14224,-1.24153
1,270,10,310.31,43.14215,-1.24152
1,271,10,311.51,43.14206,-1.24151
1,272,10,312.72,43.14197,-1.2415
1,273,10,313.29,43.14188,-1.24149
1,274,10,313.49,43.1418,-1.24148
1,275,10,313.9,43.14171,-1.24146
1,276,10,314.08,43.14162,-1.24145
1,277,10,314.25,43.14153,-1.24144
1,278,10,314.77,43.14144,-1.24141
1,279,10,315.47,43.14135,-1.24137
1,280,10,316.01,43.14127,-1.24134
1,281,10,315.73,43.14118,-1.24131
1,282,10,315.43,43.14109,-1.24127
1,283,10,315.07,43.14101,-1.24124
1,284,10,314.97,43.14092,-1.24119
1,285,10,315.0,43.14084,-1.24114
1,286,10,315.04,43.14076,-1.24109
1,287,10,315.3,43.14068,-1.24103
1,288,10,315.38,43.1406,-1.24098
1,289,10,315.49,43.14052,-1.24091
1,290,10,315.49,43.14045,-1.24084
1,291,10,315.11,43.14037,-1.24078
1,292,10,314.53,43.1403,-1.24071
1,293,10,313.7,43.14022,-1.24064
1,294,10,313.03,43.14015,-1.24058
1,295,10,312.34,43.14007,-1.24051
1,296,10,311.89,43.14,-1.24044
1,297,10,311.34,43.13992,-1.24037
1,298,10,311.01,43.13985,-1.2403
1,299,10,310.86,43.13978,-1.24022
1,300,10,310.67,43.13971,-1.24015
1,301,10,310.57,43.13964,-1.24007
1,302,10,309.82,43.13957,-1.24
1,303,10,309.22,43.13949,-1.23992
1,304,10,308.91,43.13942,-1.23985
1,305,10,308.9,43.13935,-1.23977
1,306,10,309.03,43.13928,-1.2397
1,307,10,309.36,43.13921,-1.23963
1,308,10,309.52,43.13913,-1.23957
1,309,10,309.71,43.13905,-1.23951
1,310,10,309.97,43.13897,-1.23945
1,311,10,310.24,43.13889,-1.23939
1,312,10,309.76,43.13881,-1.23933
1,313,10,309.38,43.13873,-1.23927
1,314,10,309.09,43.13865,-1.23922
1,315,10,308.88,43.13857,-1.23917
1,316,10,308.76,43.13848,-1.23914
1,317,10,308.92,43.1384,-1.2391
1,318,10,309.08,43.13831,-1.23907
1,319,10,309.25,43.13822,-1.23904
1,320,10,309.35,43.13813,-1.23903
1,321,10,309.5,43.13804,-1.23901
1,322,10,309.62,43.13795,-1.239
1,323,10,309.78,43.13786,-1.23898
1,324,10,310.17,43.13778,-1.23897
1,325,10,311.0,43.13769,-1.23895
1,326,10,311.82,43.1376,-1.23893
1,327,10,312.62,43.13751,-1.23891
1,328,10,313.46,43.13742,-1.23887
1,329,10,314.17,43.13734,-1.23884
1,330,10,314.9,43.13726,-1.23879
1,331,10,315.68,43.13717,-1.23873
1,332,10,316.18,43.13709,-1.23868
1,333,10,316.44,43.13701,-1.23862
1,334,10,316.41,43.13694,-1.23855
1,335,10,316.21,43.13687,-1.23847
1,336,10,315.94,43.1368,-1.23839
1,337,10,315.94,43.13672,-1.23833
1,338,10,316.14,43.13664,-1.23829
1,339,10,316.54,43.13655,-1.23826
1,340,10,316.89,43.13646,-1.23823
1,341,10,317.44,43.13638,-1.23821
1,342,10,317.98,43.13629,-1.23818
1,343,10,318.49,43.1362,-1.23815
1,344,10,318.97,43.13611,-1.23812
1,345,10,319.77,43.13602,-1.23811
1,346,10,320.55,43.13593,-1.2381
1,347,10,321.56,43.13585,-1.23811
1,348,10,322.69,43.13576,-1.23812
1,349,10,322.68,43.13567,-1.23812
1,350,10,322.84,43.13558,-1.23813
1,351,10,323.01,43.13549,-1.23814
1,352,10,322.99,43.1354,-1.23814
1,353,10,322.75,43.13531,-1.23813
1,354,10,322.72,43.13522,-1.23813
1,355,10,322.21,43.13513,-1.23811
1,356,10,321.66,43.13504,-1.2381
1,357,10,320.37,43.13495,-1.23808
1,358,10,319.33,43.13486,-1.23807
1,359,10,319.02,43.13477,-1.23809
1,360,10,319.5,43.13469,-1.23814
1,361,10,320.45,43.13461,-1.23821
1,362,10,321.46,43.13454,-1.23828
1,363,10,323.02,43.13448,-1.23837
1,364,10,324.23,43.13441,-1.23845
1,365,10,326.01,43.13435,-1.23854
1,366,10,328.0,43.13428,-1.23863
1,367,10,329.79,43.13422,-1.23871
1,368,10,331.44,43.13415,-1.2388
1,369,10,332.8,43.13408,-1.23887
1,370,10,333.83,43.134,-1.23892
1,371,10,334.29,43.13391,-1.23894
1,372,10,334.11,43.13382,-1.23893
1,373,10,333.92,43.13373,-1.23892
1,374,10,333.93,43.13364,-1.2389
1,375,10,333.86,43.13356,-1.23887
1,376,10,333.28,43.13348,-1.23882
1,377,10,332.19,43.1334,-1.23875
1,378,10,330.62,43.13334,-1.23867
1,379,10,329.07,43.13327,-1.23859
1,380,10,327.24,43.1332,-1.2385
1,381,10,325.64,43.13313,-1.23842
1,382,10,323.96,43.13307,-1.23834
1,383,10,323.48,43.13298,-1.2383
1,384,10,324.03,43.13289,-1.2383
1,385,10,325.28,43.13281,-1.23833
1,386,10,326.81,43.13272,-1.23837
1,387,10,328.27,43.13264,-1.23841
1,388,10,329.74,43.13255,-1.23845
1,389,10,331.14,43.13247,-1.23849
1,390,10,332.79,43.13238,-1.23854
1,391,10,334.31,43.13231,-1.2386
1,392,10,334.94,43.13223,-1.23867
1,393,10,335.66,43.13216,-1.23874
1,394,10,336.54,43.13209,-1.23881
1,395,10,337.52,43.13201,-1.23889
1,396,10,338.35,43.13194,-1.23896
1,397,10,339.42,43.13187,-1.23904
1,398,10,339.96,43.1318,-1.2391
1,399,10,339.95,43.13171,-1.23915
1,400,10,340.05,43.13163,-1.2392
1,401,10,339.87,43.13155,-1.23925
1,402,10,339.46,43.13147,-1.2393
1,403,10,338.98,43.13139,-1.23936
1,404,10,339.12,43.13132,-1.23944
1,405,10,339.37,43.13125,-1.23952
1,406,10,339.94,43.13119,-1.23961
1,407,10,339.91,43.13112,-1.23969
1,408,10,340.0,43.13106,-1.23977
1,409,10,340.36,43.131,-1.23987
1,410,10,340.55,43.13094,-1.23996
1,411,10,341.57,43.13088,-1.24006
1,412,10,342.29,43.13082,-1.24015
1,413,10,343.45,43.13078,-1.24025
1,414,10,344.79,43.13074,-1.24036
1,415,10,346.45,43.13071,-1.24048
1,416,10,347.94,43.13068,-1.24059
1,417,10,349.6,43.13065,-1.24071
1,418,10,350.26,43.13062,-1.24083
1,419,10,349.89,43.13058,-1.24094
1,420,10,349.44,43.13053,-1.24104
1,421,10,349.11,43.13048,-1.24115
1,422,10,348.67,43.13042,-1.24123
1,423,10,348.08,43.13034,-1.2413
1,424,10,347.64,43.13027,-1.24136
1,425,10,347.94,43.13019,-1.24142
1,426,10,348.23,43.13011,-1.24149
1,427,10,348.44,43.13003,-1.24155
1,428,10,348.75,43.12995,-1.24161
1,429,10,349.12,43.12988,-1.24167
1,430,10,349.63,43.1298,-1.24173
1,431,10,350.29,43.12975,-1.24184
1,432,10,351.0,43.12971,-1.24195
1,433,10,351.75,43.12967,-1.24205
1,434,10,352.86,43.12963,-1.24217
1,435,10,354.38,43.1296,-1.24228
1,436,10,355.98,43.12958,-1.2424
1,437,10,357.82,43.12955,-1.24252
1,438,10,359.6,43.12952,-1.24263
1,439,10,361.56,43.12949,-1.24275
1,440,10,363.1,43.1295,-1.24287
1,441,10,365.08,43.12951,-1.24299
1,442,10,366.84,43.12953,-1.24311
1,443,10,368.57,43.12955,-1.24323
1,444,10,370.07,43.12958,-1.24335
1,445,10,371.39,43.12961,-1.24346
1,446,10,372.7,43.12965,-1.24357
1,447,10,374.2,43.12969,-1.24368
1,448,10,375.63,43.12973,-1.24379
1,449,10,377.02,43.12977,-1.2439
1,450,10,377.91,43.12982,-1.244
1,451,10,378.93,43.12987,-1.24411
1,452,10,380.19,43.12991,-1.24422
1,453,10,381.19,43.12996,-1.24432
1,454,10,382.66,43.13,-1.24443
1,455,10,383.63,43.13005,-1.24453
1,456,10,384.8,43.1301,-1.24464
1,457,10,385.72,43.13015,-1.24474
1,458,10,386.62,43.1302,-1.24484
1,459,10,387.36,43.13025,-1.24494
1,460,10,387.44,43.13031,-1.24504
1,461,10,387.61,43.13036,-1.24513
1,462,10,388.82,43.13039,-1.24524
1,463,10,392.22,43.13031,-1.24529
1,464,10,393.33,43.13024,-1.24524
1,465,10,394.19,43.13016,-1.24517
1,466,10,395.2,43.13008,-1.24511
1,467,10,396.37,43.13,-1.24506
1,468,10,397.51,43.12992,-1.24501
1,469,10,399.08,43.12983,-1.24497
1,470,10,400.36,43.12975,-1.24493
1,471,10,401.88,43.12966,-1.24489
1,472,10,403.05,43.12958,-1.24485
1,473,10,404.59,43.12949,-1.24481
1,474,10,405.84,43.12941,-1.24477
1,475,10,406.84,43.12933,-1.24472
1,476,10,408.34,43.12924,-1.24468
1,477,10,409.55,43.12916,-1.24464
1,478,10,411.26,43.12907,-1.24461
1,479,10,412.96,43.12898,-1.24458
1,480,10,414.9,43.12889,-1.24456
1,481,10,416.18,43.12881,-1.24452
1,482,10,417.72,43.12872,-1.24448
1,483,10,418.97,43.12864,-1.24444
1,484,10,420.49,43.12855,-1.2444
1,485,10,421.71,43.12847,-1.24436
1,486,10,423.2,43.12838,-1.24432
1,487,10,425.19,43.12829,-1.2443
1,488,10,426.86,43.1282,-1.24427
1,489,10,427.63,43.12812,-1.24425
1,490,10,428.55,43.12803,-1.24423
1,491,10,429.99,43.12794,-1.24423
1,492,10,431.17,43.12785,-1.24422
1,493,10,432.62,43.12776,-1.24422
1,494,10,433.79,43.12767,-1.24421
1,495,10,435.23,43.12758,-1.24421
1,496,10,436.75,43.12749,-1.24422
1,497,10,437.82,43.1274,-1.24423
1,498,10,438.89,43.12731,-1.24424
1,499,10,439.97,43.12722,-1.24425
1,500,10,441.05,43.12713,-1.24426
1,501,10,442.13,43.12704,-1.24427
1,502,10,443.22,43.12695,-1.24428
1,503,10,444.61,43.12686,-1.2443
1,504,10,445.91,43.12677,-1.24431
1,505,10,447.59,43.12668,-1.24433
1,506,10,449.25,43.12659,-1.24435
1,507,10,451.04,43.12651,-1.24438
1,508,10,453.18,43.12642,-1.24442
1,509,10,455.01,43.12633,-1.24445
1,510,10,456.95,43.12625,-1.24449
1,511,10,460.96,43.12608,-1.24457
1,512,10,462.85,43.12599,-1.2446
1,513,10,464.25,43.1259,-1.24461
1,514,10,465.87,43.12581,-1.24463
1,515,10,467.24,43.12572,-1.24464
1,516,10,468.61,43.12563,-1.24465
1,517,10,470.2,43.12554,-1.24467
1,518,10,471.56,43.12545,-1.24468
1,519,10,473.25,43.12536,-1.2447
1,520,10,474.57,43.12528,-1.24471
1,521,10,476.02,43.12519,-1.24472
1,522,10,477.27,43.1251,-1.24472
1,523,10,478.71,43.12501,-1.24473
1,524,10,480.15,43.12492,-1.24474
1,525,10,482.15,43.12483,-1.24478
1,526,10,484.02,43.12475,-1.24482
1,527,10,486.28,43.12466,-1.24487
2,528,10,492.91,43.12431,-1.24495
2,529,10,494.84,43.12423,-1.24499
2,530,10,496.89,43.12414,-1.24503
2,531,10,498.75,43.12406,-1.24506
2,532,10,500.05,43.12397,-1.24503
2,533,10,500.83,43.12389,-1.24498
2,534,10,501.69,43.12381,-1.24493
2,535,10,502.65,43.12372,-1.24487
2,536,10,503.7,43.12364,-1.24483
2,537,10,505.27,43.12355,-1.24481
2,538,10,506.82,43.12346,-1.24479
2,539,10,508.29,43.12337,-1.24477
2,540,10,509.82,43.12328,-1.24476
2,541,10,510.69,43.1232,-1.24472
2,542,10,511.85,43.12311,-1.24468
2,543,10,512.75,43.12303,-1.24463
2,544,10,513.88,43.12295,-1.24459
2,545,10,515.19,43.12286,-1.24454
2,546,10,516.39,43.12278,-1.24449
2,547,10,517.35,43.12271,-1.24443
2,548,10,518.18,43.12263,-1.24436
2,549,10,519.08,43.12256,-1.24429
2,550,10,520.47,43.12248,-1.24422
2,551,10,521.44,43.12241,-1.24415
2,552,10,522.8,43.12233,-1.2441
2,553,10,524.45,43.12224,-1.24405
2,554,10,525.91,43.12216,-1.244
2,555,10,527.51,43.12208,-1.24396
2,556,10,528.93,43.122,-1.24391
2,557,10,530.0,43.12192,-1.24384
2,558,10,531.7,43.12183,-1.24381
2,559,10,533.32,43.12175,-1.24379
2,560,10,534.14,43.1217,-1.24371
2,561,10,535.62,43.12163,-1.24365
2,562,10,537.75,43.12154,-1.2436
2,563,10,539.77,43.12146,-1.24355
2,564,10,541.96,43.12138,-1.24349
2,565,10,544.25,43.1213,-1.24344
2,566,10,546.64,43.12122,-1.24339
2,567,10,548.96,43.12115,-1.24332
2,568,10,551.29,43.12109,-1.24322
2,569,10,553.46,43.12104,-1.24312
2,570,10,555.75,43.12099,-1.24302
2,571,10,558.51,43.12093,-1.24292
2,572,10,560.99,43.12088,-1.24283
2,573,10,563.38,43.12084,-1.24272
2,574,10,565.82,43.1208,-1.24261
2,575,10,568.69,43.12075,-1.2425
2,576,10,571.25,43.12071,-1.24239
2,577,10,573.87,43.12067,-1.24228
2,578,10,576.51,43.12063,-1.24217
2,579,10,579.64,43.12057,-1.24209
2,580,10,582.47,43.12049,-1.24211
2,581,10,583.67,43.12043,-1.2422
2,582,10,584.29,43.12038,-1.2423
2,583,10,585.8,43.12031,-1.24238
2,584,10,586.73,43.12025,-1.24247
2,585,10,588.05,43.12018,-1.24255
2,586,10,589.91,43.1201,-1.24261
2,587,10,592.15,43.12002,-1.24264
2,588,10,595.52,43.11996,-1.24255
2,589,10,597.78,43.11993,-1.24244
2,590,10,600.15,43.11991,-1.24232
2,591,10,602.41,43.1199,-1.2422
2,592,10,604.44,43.1199,-1.24208
2,593,10,606.38,43.11991,-1.24195
2,594,10,608.37,43.11991,-1.24183
2,595,10,610.56,43.11987,-1.24176
2,596,10,612.18,43.11978,-1.2418
2,597,10,612.84,43.11971,-1.24186
2,598,10,613.65,43.11963,-1.24192
2,599,10,614.36,43.11955,-1.24198
2,600,10,614.97,43.11947,-1.24204
2,601,10,615.47,43.11939,-1.2421
2,602,10,615.78,43.11931,-1.24216
2,603,10,614.61,43.11923,-1.24221
2,604,10,612.4,43.11915,-1.24226
2,605,10,611.59,43.11906,-1.24226
2,606,10,612.2,43.11898,-1.24222
2,607,10,613.96,43.1189,-1.24215
2,608,10,615.7,43.11883,-1.24208
2,609,10,618.81,43.11881,-1.24198
2,610,10,621.57,43.11888,-1.2419
2,611,10,624.71,43.11894,-1.2418
2,612,10,627.93,43.11898,-1.24169
2,613,10,630.98,43.11902,-1.24158
2,614,10,633.97,43.11904,-1.24147
2,615,10,636.8,43.11906,-1.24135
2,616,10,639.4,43.11904,-1.24125
2,617,10,639.97,43.11895,-1.24126
2,618,10,640.52,43.11886,-1.24127
2,619,10,641.04,43.11877,-1.24128
2,620,10,641.52,43.11868,-1.24129
2,621,10,643.49,43.1186,-1.24125
2,622,10,646.48,43.11854,-1.24115
2,623,10,650.26,43.11858,-1.24104
2,624,10,651.41,43.11865,-1.24098
2,625,10,652.08,43.11873,-1.24092
2,626,10,654.22,43.11878,-1.24082
2,627,10,655.83,43.11883,-1.24072
2,628,10,657.66,43.11886,-1.2406
2,629,10,659.14,43.11889,-1.24049
2,630,10,661.64,43.11889,-1.24036
2,631,10,663.95,43.11889,-1.24024
2,632,10,666.26,43.11889,-1.24012
2,633,10,667.46,43.11888,-1.24
2,634,10,669.42,43.11883,-1.2399
2,635,10,672.38,43.11875,-1.23988
2,636,10,675.52,43.11866,-1.23991
2,637,10,677.88,43.11858,-1.23996
2,638,10,678.73,43.1185,-1.24001
2,639,10,679.66,43.11841,-1.24005
2,640,10,680.89,43.11832,-1.24005
2,641,10,682.35,43.11823,-1.24003
2,642,10,683.99,43.11816,-1.23998
2,643,10,686.1,43.11812,-1.23987
2,644,10,687.95,43.11811,-1.23975
2,645,10,690.11,43.11808,-1.23964
2,646,10,692.53,43.11805,-1.23952
2,647,10,693.93,43.11806,-1.23941
2,648,10,694.67,43.11807,-1.23928
2,649,10,695.47,43.11807,-1.23916
2,650,10,696.26,43.11807,-1.23904
2,651,10,696.75,43.11808,-1.23892
2,652,10,699.08,43.11803,-1.23881
2,653,10,701.46,43.11798,-1.23871
2,654,10,702.52,43.11793,-1.2386
2,655,10,703.84,43.11787,-1.23851
2,656,10,705.14,43.11781,-1.23844
2,657,10,706.64,43.11774,-1.23836
2,658,10,708.53,43.11766,-1.2383
2,659,10,710.88,43.11757,-1.23827
2,660,10,713.22,43.11748,-1.23824
2,661,10,715.26,43.1174,-1.23821
2,662,10,717.58,43.11731,-1.23818
2,663,10,719.88,43.11722,-1.23815
2,664,10,723.18,43.11713,-1.23812
2,665,10,726.03,43.11705,-1.23808
2,666,10,728.81,43.11697,-1.23803
2,667,10,731.25,43.11688,-1.23799
2,668,10,733.05,43.1168,-1.23795
2,669,10,735.53,43.11671,-1.23792
2,670,10,737.98,43.11662,-1.23789
2,671,10,739.66,43.11654,-1.23785
2,672,10,741.84,43.11645,-1.23782
2,673,10,743.97,43.11636,-1.23779
2,674,10,745.72,43.11628,-1.23776
2,675,10,747.44,43.11619,-1.23772
2,676,10,749.5,43.1161,-1.23769
2,677,10,751.19,43.11602,-1.23766
2,678,10,753.2,43.11593,-1.23763
2,679,10,755.87,43.11584,-1.23762
2,680,10,757.17,43.11575,-1.23761
2,681,10,758.85,43.11566,-1.23761
2,682,10,760.17,43.11557,-1.2376
2,683,10,761.49,43.11548,-1.23759
2,684,10,763.18,43.11539,-1.23759
2,685,10,764.53,43.1153,-1.23758
2,686,10,765.88,43.11521,-1.23757
2,687,10,767.33,43.11512,-1.23757
2,688,10,768.75,43.11503,-1.23758
2,689,10,770.16,43.11494,-1.23759
2,690,10,771.56,43.11485,-1.2376
2,691,10,772.96,43.11476,-1.23761
2,692,10,774.66,43.11467,-1.23763
2,693,10,776.35,43.11458,-1.23765
2,694,10,778.02,43.11449,-1.23767
2,695,10,779.34,43.1144,-1.23767
2,696,10,780.72,43.11431,-1.23767
2,697,10,781.83,43.11422,-1.23766
2,698,10,782.25,43.11414,-1.23763
2,699,10,782.89,43.11405,-1.2376
2,700,10,783.59,43.11396,-1.23757
2,701,10,784.34,43.11387,-1.23754
2,702,10,784.98,43.11379,-1.23751
2,703,10,786.0,43.1137,-1.23748
2,704,10,787.07,43.11361,-1.23745
2,705,10,787.99,43.11353,-1.23742
2,706,10,789.15,43.11344,-1.23739
2,707,10,790.35,43.11335,-1.23736
2,708,10,791.22,43.11326,-1.23732
2,709,10,792.55,43.11318,-1.23731
2,710,10,793.69,43.11309,-1.23729
2,711,10,793.88,43.113,-1.23727
2,712,10,794.07,43.11291,-1.23725
2,713,10,794.27,43.11282,-1.23723
2,714,10,794.49,43.11273,-1.23721
2,715,10,795.59,43.11264,-1.23722
2,716,10,796.69,43.11255,-1.23723
2,717,10,797.79,43.11246,-1.23724
2,718,10,798.32,43.11237,-1.23726
2,719,10,797.84,43.11228,-1.23728
2,720,10,798.38,43.1122,-1.23733
2,721,10,798.54,43.11212,-1.23738
2,722,10,798.68,43.11204,-1.23743
2,723,10,798.83,43.11196,-1.23748
2,724,10,798.89,43.11187,-1.23753
2,725,10,799.07,43.11179,-1.23758
2,726,10,798.97,43.11171,-1.23762
2,727,10,798.62,43.11162,-1.23767
2,728,10,798.54,43.11154,-1.23772
2,729,10,798.31,43.11146,-1.23776
2,730,10,798.28,43.11137,-1.23781
2,731,10,798.23,43.11129,-1.23785
2,732,10,798.54,43.11121,-1.2379
2,733,10,798.53,43.11112,-1.23794
2,734,10,798.28,43.11103,-1.23797
2,735,10,798.22,43.11095,-1.23801
2,736,10,797.49,43.11086,-1.23804
2,737,10,796.28,43.11077,-1.23805
2,738,10,795.1,43.11068,-1.23806
2,739,10,794.19,43.11059,-1.23808
2,740,10,793.09,43.1105,-1.23809
2,741,10,792.02,43.11041,-1.2381
2,742,10,791.18,43.11032,-1.23812
2,743,10,789.92,43.11023,-1.23813
2,744,10,788.96,43.11014,-1.23815
2,745,10,788.19,43.11006,-1.23817
2,746,10,787.55,43.10997,-1.2382
2,747,10,787.23,43.10988,-1.23824
2,748,10,787.11,43.1098,-1.23828
2,749,10,786.85,43.10971,-1.23832
2,750,10,786.73,43.10963,-1.23836
2,751,10,786.86,43.10955,-1.23841
2,752,10,787.3,43.10947,-1.23847
2,753,10,788.04,43.10939,-1.23854
2,754,10,788.48,43.10931,-1.2386
2,755,10,789.4,43.10924,-1.23867
2,756,10,790.38,43.10917,-1.23875
2,757,10,791.43,43.10911,-1.23883
2,758,10,792.74,43.10904,-1.23892
2,759,10,794.37,43.10898,-1.23901
3,760,10,799.51,43.10856,-1.23919
3,761,10,801.05,43.10847,-1.23923
3,762,10,802.33,43.10838,-1.23926
3,763,10,804.1,43.1083,-1.2393
3,764,10,806.72,43.10821,-1.23933
3,765,10,809.78,43.10812,-1.23937
3,766,10,812.24,43.10804,-1.2394
3,767,10,814.97,43.10795,-1.23943
3,768,10,816.0,43.10786,-1.23942
3,769,10,817.45,43.10777,-1.23942
3,770,10,818.91,43.10768,-1.23942
3,771,10,820.02,43.10759,-1.23941
3,772,10,822.1,43.1075,-1.23941
3,773,10,823.75,43.10741,-1.2394
3,774,10,825.85,43.10732,-1.2394
3,775,10,827.61,43.10723,-1.23939
3,776,10,829.71,43.10714,-1.23939
3,777,10,831.82,43.10705,-1.23939
3,778,10,833.71,43.10696,-1.23938
3,779,10,836.3,43.10687,-1.23939
3,780,10,839.63,43.10679,-1.23942
3,781,10,843.23,43.1067,-1.23945
3,782,10,845.77,43.10661,-1.23945
3,783,10,845.04,43.10655,-1.23936
3,784,10,844.26,43.10651,-1.23926
3,785,10,842.8,43.10648,-1.23914
3,786,10,840.77,43.10647,-1.23902
3,787,10,838.74,43.10646,-1.2389
3,788,10,836.71,43.10645,-1.23878
3,789,10,834.83,43.10644,-1.23865
3,790,10,833.49,43.10643,-1.23853
3,791,10,832.13,43.10642,-1.23841
3,792,10,830.77,43.10641,-1.23829
3,793,10,830.24,43.10637,-1.23817
3,794,10,830.8,43.10631,-1.23809
3,795,10,831.73,43.10624,-1.23802
3,796,10,831.25,43.10616,-1.23796
3,797,10,831.54,43.10607,-1.23794
3,798,10,831.58,43.10598,-1.23791
3,799,10,832.06,43.10589,-1.2379
3,800,10,832.53,43.1058,-1.23789
3,801,10,833.91,43.10572,-1.23792
3,802,10,835.16,43.10563,-1.23794
3,803,10,837.38,43.10555,-1.238
3,804,10,838.59,43.10548,-1.23807
3,805,10,839.6,43.1054,-1.23814
3,806,10,840.72,43.10533,-1.23821
3,807,10,842.11,43.10526,-1.23829
3,808,10,843.6,43.1052,-1.23837
3,809,10,845.08,43.10513,-1.23845
3,810,10,846.61,43.10506,-1.23853
3,811,10,848.43,43.10499,-1.23862
3,812,10,850.06,43.10492,-1.2387
3,813,10,851.46,43.10486,-1.23878
3,814,10,852.07,43.10479,-1.23886
3,815,10,852.64,43.10472,-1.23894
3,816,10,853.18,43.10465,-1.23902
3,817,10,853.7,43.10458,-1.2391
3,818,10,854.35,43.10452,-1.23918
3,819,10,854.82,43.10445,-1.23926
3,820,10,855.27,43.10438,-1.23934
3,821,10,855.43,43.10431,-1.23941
3,822,10,855.17,43.10423,-1.23948
3,823,10,855.08,43.10415,-1.23954
3,824,10,855.84,43.10407,-1.2396
3,825,10,856.45,43.10399,-1.23965
3,826,10,857.22,43.10392,-1.23971
3,827,10,857.82,43.10383,-1.23976
3,828,10,858.14,43.10375,-1.23979
3,829,10,858.3,43.10366,-1.23981
3,830,10,858.6,43.10357,-1.23984
3,831,10,858.81,43.10348,-1.23986
3,832,10,859.84,43.10339,-1.23988
3,833,10,860.84,43.1033,-1.2399
3,834,10,861.84,43.10321,-1.23992
3,835,10,862.6,43.10313,-1.23993
3,836,10,863.32,43.10304,-1.23993
3,837,10,863.91,43.10295,-1.23992
3,838,10,864.27,43.10286,-1.23989
3,839,10,864.66,43.10277,-1.23986
3,840,10,865.23,43.10268,-1.23984
3,841,10,865.92,43.10259,-1.23983
3,842,10,866.62,43.1025,-1.23982
3,843,10,867.43,43.10241,-1.23982
3,844,10,868.14,43.10232,-1.23981
3,845,10,869.12,43.10223,-1.23983
3,846,10,870.07,43.10214,-1.23985
3,847,10,870.88,43.10206,-1.23987
3,848,10,871.75,43.10197,-1.23989
3,849,10,872.61,43.10188,-1.23991
3,850,10,873.45,43.10179,-1.23993
3,851,10,874.27,43.1017,-1.23995
3,852,10,875.03,43.10161,-1.23996
3,853,10,875.82,43.10152,-1.23998
3,854,10,876.61,43.10143,-1.24
3,855,10,877.33,43.10134,-1.24001
3,856,10,878.09,43.10125,-1.24003
3,857,10,878.79,43.10117,-1.24006
3,858,10,879.3,43.10108,-1.2401
3,859,10,879.49,43.10099,-1.24014
3,860,10,879.61,43.10091,-1.24018
3,861,10,879.8,43.10082,-1.24022
3,862,10,879.91,43.10074,-1.24026
3,863,10,880.88,43.10065,-1.2403
3,864,10,881.69,43.10057,-1.24034
3,865,10,882.67,43.10048,-1.24038
3,866,10,883.48,43.1004,-1.24042
3,867,10,884.46,43.10031,-1.24046
3,868,10,885.39,43.10023,-1.24049
3,869,10,886.37,43.10014,-1.24053
3,870,10,887.18,43.10006,-1.24057
3,871,10,888.18,43.09997,-1.24059
3,872,10,889.16,43.09988,-1.24061
3,873,10,890.12,43.09979,-1.24063
3,874,10,890.96,43.0997,-1.24066
3,875,10,891.91,43.09961,-1.24068
3,876,10,892.71,43.09953,-1.2407
3,877,10,893.52,43.09944,-1.24073
3,878,10,894.49,43.09935,-1.24075
3,879,10,895.67,43.09926,-1.24077
3,880,10,896.86,43.09917,-1.2408
3,881,10,897.76,43.09909,-1.24084
3,882,10,898.78,43.099,-1.24088
3,883,10,899.6,43.09892,-1.24092
3,884,10,900.63,43.09883,-1.24095
3,885,10,901.63,43.09874,-1.24098
3,886,10,902.54,43.09866,-1.24101
3,887,10,903.86,43.09857,-1.24104
3,888,10,905.15,43.09848,-1.24107
3,889,10,906.41,43.09839,-1.2411
3,890,10,907.31,43.09831,-1.24114
3,891,10,908.35,43.09822,-1.24118
3,892,10,909.02,43.09814,-1.24123
3,893,10,909.48,43.09806,-1.24129
3,894,10,910.22,43.09798,-1.24133
3,895,10,911.18,43.09789,-1.24137
3,896,10,911.94,43.09781,-1.24141
3,897,10,913.53,43.09772,-1.24141
3,898,10,915.12,43.09763,-1.24141
3,899,10,916.53,43.09754,-1.24142
3,900,10,917.75,43.09745,-1.24144
3,901,10,918.7,43.09736,-1.24148
3,902,10,919.48,43.09728,-1.24153
3,903,10,920.68,43.0972,-1.24157
3,904,10,921.88,43.09711,-1.24162
3,905,10,922.78,43.09703,-1.24167
3,906,10,923.8,43.09695,-1.24171
3,907,10,924.97,43.09686,-1.24175
3,908,10,926.27,43.09677,-1.24178
3,909,10,927.32,43.09669,-1.24181
3,910,10,928.57,43.0966,-1.24184
3,911,10,929.98,43.09651,-1.24187
3,912,10,930.94,43.09643,-1.24191
3,913,10,932.32,43.09634,-1.24194
3,914,10,933.48,43.09625,-1.24198
3,915,10,934.4,43.09617,-1.24202
3,916,10,935.53,43.09608,-1.24206
3,917,10,936.42,43.096,-1.2421
3,918,10,937.55,43.09591,-1.24214
3,919,10,938.43,43.09583,-1.24219
3,920,10,939.69,43.09574,-1.24223
3,921,10,940.69,43.09566,-1.24227
3,922,10,941.64,43.09558,-1.24231
3,923,10,942.99,43.09549,-1.24234
3,924,10,944.53,43.0954,-1.24236
3,925,10,946.27,43.09531,-1.24237
3,926,10,947.92,43.09522,-1.24238
3,927,10,949.81,43.09513,-1.24237
3,928,10,951.71,43.09504,-1.24236
3,929,10,953.61,43.09495,-1.24235
3,930,10,955.51,43.09486,-1.24234
3,931,10,957.42,43.09477,-1.24233
3,932,10,959.34,43.09468,-1.24232
3,933,10,961.01,43.09459,-1.24232
3,934,10,962.53,43.0945,-1.24232
3,935,10,963.72,43.09441,-1.24233
3,936,10,965.16,43.09432,-1.24233
3,937,10,966.11,43.09423,-1.24235
3,938,10,967.06,43.09414,-1.24237
3,939,10,968.09,43.09406,-1.24238
3,940,10,968.79,43.09397,-1.24241
3,941,10,969.49,43.09388,-1.24244
3,942,10,970.55,43.09379,-1.24247
3,943,10,971.19,43.09371,-1.24251
3,944,10,972.03,43.09362,-1.24255
3,945,10,972.42,43.09354,-1.2426
3,946,10,973.07,43.09346,-1.24264
3,947,10,973.91,43.09337,-1.24268
3,948,10,974.3,43.09329,-1.24273
3,949,10,974.9,43.0932,-1.24278
3,950,10,975.73,43.09312,-1.24282
3,951,10,976.6,43.09304,-1.24287
3,952,10,977.75,43.09295,-1.24292
3,953,10,978.67,43.09287,-1.24297
3,954,10,979.4,43.09279,-1.24303
3,955,10,980.31,43.09271,-1.24308
3,956,10,981.23,43.09263,-1.24313
3,957,10,981.96,43.09255,-1.24319
3,958,10,982.27,43.09248,-1.24326
3,959,10,982.8,43.0924,-1.24333
3,960,10,983.11,43.09233,-1.2434
3,961,10,983.42,43.09226,-1.24347
3,962,10,984.03,43.09218,-1.24354
3,963,10,984.89,43.0921,-1.2436
3,964,10,985.67,43.09202,-1.24366
3,965,10,986.54,43.09194,-1.24371
3,966,10,987.35,43.09186,-1.24376
3,967,10,988.34,43.09177,-1.2438
3,968,10,988.98,43.09169,-1.24384
3,969,10,989.8,43.0916,-1.24388
3,970,10,990.44,43.09152,-1.24392
3,971,10,991.25,43.09143,-1.24396
3,972,10,991.89,43.09135,-1.244
3,973,10,992.71,43.09126,-1.24404
3,974,10,993.35,43.09118,-1.24408
3,975,10,994.19,43.09109,-1.24411
3,976,10,994.8,43.091,-1.24414
3,977,10,995.46,43.09092,-1.24416
3,978,10,996.09,43.09083,-1.24419
3,979,10,997.01,43.09074,-1.24421
3,980,10,998.06,43.09065,-1.24423
3,981,10,999.03,43.09056,-1.24426
3,982,10,1000.11,43.09047,-1.24427
3,983,10,1001.03,43.09038,-1.24428
3,984,10,1001.95,43.09029,-1.24428
3,985,10,1002.79,43.0902,-1.24429
3,986,10,1003.64,43.09011,-1.2443
3,987,10,1004.55,43.09002,-1.2443
3,988,10,1005.4,43.08993,-1.24431
3,989,10,1006.14,43.08985,-1.24432
3,990,10,1006.84,43.08976,-1.24435
3,991,10,1007.82,43.08967,-1.24437
3,992,10,1008.72,43.08958,-1.24441
3,993,10,1009.53,43.0895,-1.24445
3,994,10,1010.52,43.08941,-1.24449
3,995,10,1011.13,43.08934,-1.24456
3,996,10,1012.0,43.08926,-1.24462
3,997,10,1012.74,43.08919,-1.24469
3,998,10,1013.7,43.08911,-1.24476
3,999,10,1014.71,43.08904,-1.24483
3,1000,10,1016.12,43.08897,-1.2449
3,1001,10,1018.1,43.08889,-1.24498
3,1002,10,1019.84,43.08882,-1.24505
3,1003,10,1021.57,43.08875,-1.24512
3,1004,10,1023.33,43.08868,-1.2452
3,1005,10,1025.06,43.08861,-1.24527
3,1006,10,1026.83,43.08854,-1.24535
3,1007,10,1028.43,43.08848,-1.24545
3,1008,10,1028.75,43.08848,-1.24556
3,1009,10,1027.76,43.08855,-1.24563
3,1010,10,1026.15,43.08864,-1.24566
3,1011,10,1024.8,43.08872,-1.24569
3,1012,10,1023.42,43.08881,-1.24573
3,1013,10,1022.89,43.08888,-1.2458
3,1014,10,1022.46,43.08895,-1.24587
3,1015,10,1022.28,43.08902,-1.24595
3,1016,10,1022.66,43.08908,-1.24604
3,1017,10,1023.67,43.08914,-1.24614
3,1018,10,1024.33,43.08921,-1.24622
3,1019,10,1024.77,43.08928,-1.24629
3,1020,10,1024.74,43.08936,-1.24634
3,1021,10,1024.76,43.08944,-1.2464
3,1022,10,1025.01,43.08951,-1.24648
3,1023,10,1025.96,43.08954,-1.2466
3,1024,10,1027.27,43.08953,-1.24672
3,1025,10,1028.83,43.08948,-1.24682
3,1026,10,1030.46,43.08941,-1.2469
3,1027,10,1031.71,43.08934,-1.24698
3,1028,10,1032.4,43.08927,-1.24705
3,1029,10,1033.19,43.0892,-1.24712
3,1030,10,1034.22,43.08912,-1.2472
3,1031,10,1035.23,43.08905,-1.24727
3,1032,10,1036.35,43.08898,-1.24734
3,1033,10,1037.61,43.08891,-1.24743
3,1034,10,1038.8,43.08885,-1.24751
3,1035,10,1040.11,43.08879,-1.2476
3,1036,10,1040.73,43.08873,-1.2477
3,1037,10,1041.14,43.08867,-1.24779
3,1038,10,1041.41,43.08862,-1.24789
3,1039,10,1042.14,43.08856,-1.24798
3,1040,10,1043.02,43.0885,-1.24807
3,1041,10,1044.07,43.08844,-1.24816
3,1042,10,1045.54,43.08837,-1.24825
3,1043,10,1046.6,43.08831,-1.24834
3,1044,10,1047.34,43.08825,-1.24842
3,1045,10,1048.34,43.08818,-1.24851
3,1046,10,1049.15,43.08812,-1.2486
3,1047,10,1050.06,43.08806,-1.24869
3,1048,10,1050.59,43.08801,-1.2488
3,1049,10,1050.99,43.08797,-1.2489
3,1050,10,1051.68,43.08792,-1.24901
3,1051,10,1051.77,43.08788,-1.24912
3,1052,10,1051.82,43.08784,-1.24923
3,1053,10,1051.83,43.0878,-1.24934
3,1054,10,1051.81,43.08776,-1.24945
3,1055,10,1052.16,43.08771,-1.24955
3,1056,10,1052.48,43.08766,-1.24965
3,1057,10,1052.23,43.08761,-1.24975
3,1058,10,1052.5,43.08754,-1.24983
3,1059,10,1053.18,43.08746,-1.2499
3,1060,10,1053.72,43.08739,-1.24996
3,1061,10,1054.69,43.08731,-1.25001
3,1062,10,1056.33,43.08722,-1.25004
3,1063,10,1058.19,43.08713,-1.25006
3,1064,10,1060.01,43.08704,-1.25008
3,1065,10,1062.69,43.08695,-1.2501
3,1066,10,1065.51,43.08687,-1.25012
3,1067,10,1068.74,43.08678,-1.25014
3,1068,10,1071.48,43.08669,-1.25018
3,1069,10,1073.55,43.08661,-1.25023
3,1070,10,1075.14,43.08653,-1.2503
3,1071,10,1076.33,43.08646,-1.25037
3,1072,10,1076.39,43.0864,-1.25046
3,1073,10,1075.74,43.08635,-1.25056
3,1074,10,1075.24,43.0863,-1.25066
3,1075,10,1075.0,43.08625,-1.25076
3,1076,10,1074.77,43.0862,-1.25086
3,1077,10,1075.07,43.08614,-1.25096
3,1078,10,1074.89,43.08609,-1.25106
3,1079,10,1074.16,43.08604,-1.25117
3,1080,10,1073.62,43.08599,-1.25127
3,1081,10,1072.99,43.08594,-1.25137
3,1082,10,1072.28,43.08589,-1.25147
3,1083,10,1071.49,43.08584,-1.25157
3,1084,10,1071.39,43.08578,-1.25166
3,1085,10,1073.09,43.0857,-1.25172
3,1086,10,1075.0,43.08562,-1.25177
3,1087,10,1075.92,43.08554,-1.25183
3,1088,10,1077.03,43.08546,-1.25188
3,1089,10,1078.66,43.08537,-1.25192
3,1090,10,1079.67,43.08529,-1.25197
3,1091,10,1081.2,43.0852,-1.25201
3,1092,10,1082.4,43.08512,-1.25205
3,1093,10,1084.12,43.08503,-1.25208
3,1094,10,1085.96,43.08494,-1.2521
3,1095,10,1085.27,43.08485,-1.25213
3,1096,10,1084.85,43.08477,-1.25215
3,1097,10,1084.74,43.08468,-1.25216
3,1098,10,1084.93,43.08459,-1.25216
3,1099,10,1084.81,43.0845,-1.25217
3,1100,10,1085.3,43.08441,-1.25216
3,1101,10,1086.09,43.08432,-1.25214
3,1102,10,1086.59,43.08423,-1.25213
3,1103,10,1087.1,43.08414,-1.25212
3,1104,10,1087.9,43.08405,-1.2521
3,1105,10,1088.69,43.08396,-1.25208
3,1106,10,1089.78,43.08387,-1.25205
3,1107,10,1090.56,43.08378,-1.25203
3,1108,10,1091.6,43.0837,-1.252
3,1109,10,1092.66,43.08361,-1.25197
3,1110,10,1093.44,43.08352,-1.25195
3,1111,10,1094.21,43.08343,-1.25193
3,1112,10,1094.68,43.08334,-1.25192
3,1113,10,1094.86,43.08325,-1.25192
3,1114,10,1095.05,43.08316,-1.25192
3,1115,10,1095.02,43.08307,-1.25193
3,1116,10,1095.22,43.08298,-1.25193
3,1117,10,1095.21,43.08289,-1.25194
3,1118,10,1095.21,43.0828,-1.25195
3,1119,10,1095.25,43.08271,-1.25196
3,1120,10,1095.47,43.08262,-1.25196
3,1121,10,1095.56,43.08253,-1.25197
3,1122,10,1095.79,43.08244,-1.25197
3,1123,10,1096.13,43.08235,-1.25196
3,1124,10,1096.36,43.08226,-1.25196
3,1125,10,1096.59,43.08217,-1.25195
3,1126,10,1096.63,43.08208,-1.25195
3,1127,10,1096.7,43.08199,-1.25194
3,1128,10,1096.72,43.0819,-1.25194
3,1129,10,1096.73,43.08181,-1.25195
3,1130,10,1096.78,43.08172,-1.25196
3,1131,10,1096.85,43.08163,-1.25197
3,1132,10,1096.96,43.08154,-1.25198
4,1133,10,1096.97,43.08129,-1.25213
4,1134,10,1097.88,43.08125,-1.25224
4,1135,10,1099.01,43.08124,-1.25236
4,1136,10,1099.95,43.08122,-1.25248
4,1137,10,1100.33,43.0812,-1.2526
4,1138,10,1100.7,43.08119,-1.25272
4,1139,10,1101.22,43.08116,-1.25284
4,1140,10,1101.72,43.08114,-1.25296
4,1141,10,1102.35,43.08111,-1.25308
4,1142,10,1103.05,43.08108,-1.25319
4,1143,10,1103.88,43.08104,-1.2533
4,1144,10,1104.71,43.081,-1.25341
4,1145,10,1105.5,43.08097,-1.25353
4,1146,10,1106.33,43.08093,-1.25364
4,1147,10,1107.16,43.08089,-1.25375
4,1148,10,1108.12,43.08085,-1.25386
4,1149,10,1109.01,43.08081,-1.25397
4,1150,10,1109.54,43.08077,-1.25408
4,1151,10,1110.19,43.08074,-1.25419
4,1152,10,1110.82,43.0807,-1.2543
4,1153,10,1111.6,43.08066,-1.25442
4,1154,10,1112.47,43.08063,-1.25453
4,1155,10,1113.52,43.08059,-1.25464
4,1156,10,1114.55,43.08055,-1.25475
4,1157,10,1115.72,43.08052,-1.25487
4,1158,10,1116.71,43.08048,-1.25498
4,1159,10,1117.36,43.08042,-1.25507
4,1160,10,1118.15,43.08037,-1.25517
4,1161,10,1119.1,43.08031,-1.25527
4,1162,10,1119.94,43.08025,-1.25536
4,1163,10,1120.95,43.0802,-1.25546
4,1164,10,1121.75,43.08014,-1.25555
4,1165,10,1122.65,43.08009,-1.25565
4,1166,10,1123.38,43.08003,-1.25574
4,1167,10,1124.29,43.07997,-1.25584
4,1168,10,1125.2,43.07992,-1.25594
4,1169,10,1125.87,43.07986,-1.25603
4,1170,10,1126.69,43.0798,-1.25613
4,1171,10,1127.48,43.07975,-1.25622
4,1172,10,1128.34,43.07969,-1.25632
4,1173,10,1129.48,43.07965,-1.25643
4,1174,10,1130.65,43.07961,-1.25654
4,1175,10,1131.77,43.0796,-1.25666
4,1176,10,1132.97,43.07964,-1.25677
4,1177,10,1133.93,43.0797,-1.25685
4,1178,10,1134.74,43.07978,-1.25691
4,1179,10,1135.48,43.07986,-1.25697
4,1180,10,1136.21,43.07993,-1.25704
4,1181,10,1137.05,43.07999,-1.25714
4,1182,10,1137.74,43.08004,-1.25723
4,1183,10,1138.08,43.0801,-1.25733
4,1184,10,1138.28,43.08014,-1.25744
4,1185,10,1138.49,43.08016,-1.25756
4,1186,10,1138.65,43.08017,-1.25768
4,1187,10,1138.79,43.08017,-1.2578
4,1188,10,1138.92,43.08018,-1.25792
4,1189,10,1138.23,43.08019,-1.25805
4,1190,10,1137.5,43.08019,-1.25817
4,1191,10,1136.81,43.08018,-1.25829
4,1192,10,1136.16,43.08016,-1.25841
4,1193,10,1135.57,43.08013,-1.25853
4,1194,10,1134.97,43.08009,-1.25864
4,1195,10,1133.9,43.08005,-1.25874
4,1196,10,1132.75,43.08001,-1.25885
4,1197,10,1131.73,43.07996,-1.25896
4,1198,10,1130.7,43.07992,-1.25907
4,1199,10,1129.92,43.07987,-1.25917
4,1200,10,1129.01,43.07983,-1.25928
4,1201,10,1128.04,43.07978,-1.25938
4,1202,10,1127.21,43.07972,-1.25947
4,1203,10,1126.5,43.07965,-1.25956
4,1204,10,1125.86,43.07959,-1.25964
4,1205,10,1125.2,43.07952,-1.25973
4,1206,10,1124.61,43.07946,-1.25981
4,1207,10,1124.25,43.07939,-1.2599
4,1208,10,1123.98,43.07933,-1.25998
4,1209,10,1123.95,43.07926,-1.26006
4,1210,10,1123.92,43.07919,-1.26014
4,1211,10,1123.48,43.07913,-1.26024
4,1212,10,1123.03,43.07908,-1.26033
4,1213,10,1122.72,43.07902,-1.26042
4,1214,10,1122.29,43.07896,-1.26052
4,1215,10,1121.98,43.0789,-1.26061
4,1216,10,1121.31,43.07885,-1.26071
4,1217,10,1120.74,43.07879,-1.2608
4,1218,10,1120.1,43.07873,-1.2609
4,1219,10,1119.66,43.07867,-1.26099
4,1220,10,1119.2,43.07861,-1.26108
4,1221,10,1118.88,43.07855,-1.26116
4,1222,10,1118.54,43.07848,-1.26125
4,1223,10,1118.17,43.07842,-1.26133
4,1224,10,1117.67,43.07835,-1.26142
4,1225,10,1116.93,43.07829,-1.26151
4,1226,10,1115.84,43.07824,-1.26161
4,1227,10,1115.1,43.07818,-1.2617
4,1228,10,1114.16,43.07812,-1.2618
4,1229,10,1113.07,43.07807,-1.2619
4,1230,10,1112.31,43.07801,-1.26199
4,1231,10,1111.19,43.07796,-1.26209
4,1232,10,1110.52,43.07789,-1.26218
4,1233,10,1109.91,43.07783,-1.26226
4,1234,10,1109.29,43.07776,-1.26235
4,1235,10,1108.72,43.0777,-1.26243
4,1236,10,1108.15,43.07763,-1.26252
4,1237,10,1107.99,43.07756,-1.26259
4,1238,10,1108.21,43.07748,-1.26265
4,1239,10,1108.1,43.07741,-1.26272
4,1240,10,1108.01,43.07733,-1.26278
4,1241,10,1108.09,43.07725,-1.26283
4,1242,10,1108.52,43.07716,-1.26287
4,1243,10,1108.73,43.07708,-1.26292
4,1244,10,1109.45,43.07699,-1.26295
4,1245,10,1109.93,43.07691,-1.26299
4,1246,10,1110.6,43.07682,-1.26303
4,1247,10,1111.2,43.07674,-1.26307
4,1248,10,1111.39,43.07665,-1.26309
4,1249,10,1110.98,43.07656,-1.26312
4,1250,10,1110.42,43.07648,-1.26317
4,1251,10,1109.73,43.07641,-1.26324
4,1252,10,1109.06,43.07634,-1.26332
4,1253,10,1108.59,43.07627,-1.26339
4,1254,10,1108.06,43.07619,-1.26347
4,1255,10,1107.61,43.07612,-1.26354
4,1256,10,1107.26,43.07605,-1.26361
4,1257,10,1107.05,43.07598,-1.26369
4,1258,10,1107.04,43.07591,-1.26377
4,1259,10,1107.16,43.07584,-1.26385
4,1260,10,1107.39,43.07577,-1.26393
4,1261,10,1107.57,43.07571,-1.26402
4,1262,10,1108.04,43.07564,-1.2641
4,1263,10,1108.27,43.07558,-1.26419
4,1264,10,1108.62,43.07552,-1.26427
4,1265,10,1109.14,43.07545,-1.26436
4,1266,10,1109.46,43.0754,-1.26445
4,1267,10,1109.97,43.07534,-1.26455
4,1268,10,1110.8,43.07528,-1.26464
4,1269,10,1111.72,43.07522,-1.26473
4,1270,10,1112.57,43.07516,-1.26483
4,1271,10,1113.27,43.0751,-1.26492
4,1272,10,1114.0,43.07504,-1.26501
4,1273,10,1114.75,43.07498,-1.2651
4,1274,10,1115.81,43.07491,-1.26518
4,1275,10,1116.61,43.07485,-1.26527
4,1276,10,1117.66,43.07478,-1.26536
4,1277,10,1118.56,43.07472,-1.26544
4,1278,10,1119.24,43.07466,-1.26553
4,1279,10,1120.21,43.07459,-1.26561
4,1280,10,1120.82,43.07453,-1.2657
4,1281,10,1122.25,43.07445,-1.26576
4,1282,10,1123.54,43.07437,-1.26583
4,1283,10,1124.56,43.0743,-1.2659
4,1284,10,1126.15,43.07422,-1.26594
4,1285,10,1126.18,43.07417,-1.26605
4,1286,10,1126.3,43.07412,-1.26615
4,1287,10,1126.16,43.07407,-1.26625
4,1288,10,1126.33,43.07401,-1.26634
4,1289,10,1127.37,43.07393,-1.2664
4,1290,10,1128.26,43.07385,-1.26646
4,1291,10,1129.41,43.07377,-1.2665
4,1292,10,1130.75,43.07368,-1.26654
4,1293,10,1131.85,43.0736,-1.26658
4,1294,10,1133.3,43.07351,-1.26661
4,1295,10,1134.72,43.07342,-1.26664
4,1296,10,1135.91,43.07334,-1.26667
4,1297,10,1137.25,43.07325,-1.26669
4,1298,10,1137.78,43.07316,-1.26672
4,1299,10,1138.48,43.07307,-1.26674
4,1300,10,1139.0,43.07298,-1.26677
4,1301,10,1139.87,43.07289,-1.26678
4,1302,10,1140.75,43.0728,-1.26679
4,1303,10,1141.97,43.07271,-1.26678
4,1304,10,1143.25,43.07263,-1.26676
4,1305,10,1144.33,43.07254,-1.26675
4,1306,10,1145.41,43.07245,-1.26673
4,1307,10,1146.44,43.07236,-1.26671
4,1308,10,1147.54,43.07227,-1.26668
4,1309,10,1148.44,43.07218,-1.26666
4,1310,10,1149.39,43.07209,-1.26663
4,1311,10,1150.02,43.07201,-1.26662
4,1312,10,1150.77,43.07192,-1.2666
4,1313,10,1151.44,43.07183,-1.2666
4,1314,10,1152.19,43.07174,-1.26659
4,1315,10,1152.88,43.07165,-1.26659
4,1316,10,1153.54,43.07156,-1.2666
4,1317,10,1154.21,43.07147,-1.26663
4,1318,10,1154.97,43.07138,-1.26666
4,1319,10,1155.74,43.0713,-1.26671
4,1320,10,1156.69,43.07122,-1.26678
4,1321,10,1157.74,43.07115,-1.26684
4,1322,10,1158.83,43.07111,-1.26695
4,1323,10,1159.74,43.07109,-1.26706
4,1324,10,1160.42,43.07109,-1.26718
4,1325,10,1160.98,43.0711,-1.26731
4,1326,10,1161.45,43.07111,-1.26743
4,1327,10,1161.7,43.07113,-1.26755
4,1328,10,1162.02,43.07114,-1.26767
4,1329,10,1162.34,43.07115,-1.26779
4,1330,10,1162.7,43.07116,-1.26792
4,1331,10,1163.02,43.07117,-1.26804
4,1332,10,1163.55,43.07117,-1.26816
4,1333,10,1163.81,43.07117,-1.26828
4,1334,10,1164.04,43.07115,-1.2684
4,1335,10,1164.27,43.07113,-1.26852
4,1336,10,1164.71,43.0711,-1.26864
4,1337,10,1165.16,43.07107,-1.26875
4,1338,10,1165.82,43.07103,-1.26886
4,1339,10,1166.78,43.07097,-1.26896
4,1340,10,1167.65,43.07091,-1.26904
4,1341,10,1168.98,43.07083,-1.26911
4,1342,10,1170.43,43.07075,-1.26915
4,1343,10,1172.05,43.07066,-1.2692
4,1344,10,1173.46,43.07058,-1.26925
4,1345,10,1174.77,43.0705,-1.26929
4,1346,10,1175.95,43.07041,-1.26932
4,1347,10,1177.17,43.07032,-1.26934
4,1348,10,1178.44,43.07023,-1.26935
4,1349,10,1179.7,43.07014,-1.26936
4,1350,10,1180.97,43.07005,-1.26937
4,1351,10,1182.24,43.06996,-1.26938
4,1352,10,1183.55,43.06987,-1.26938
4,1353,10,1184.28,43.06978,-1.26938
4,1354,10,1184.77,43.06969,-1.26937
4,1355,10,1185.25,43.0696,-1.26936
4,1356,10,1185.8,43.06951,-1.26934
4,1357,10,1186.3,43.06943,-1.26932
4,1358,10,1186.85,43.06934,-1.2693
4,1359,10,1187.42,43.06925,-1.26928
4,1360,10,1188.05,43.06916,-1.26925
4,1361,10,1188.57,43.06907,-1.26923
4,1362,10,1189.11,43.06898,-1.26921
4,1363,10,1189.66,43.06889,-1.26919
4,1364,10,1190.23,43.0688,-1.26917
4,1365,10,1190.77,43.06872,-1.26915
4,1366,10,1191.36,43.06863,-1.26913
4,1367,10,1191.98,43.06854,-1.26911
4,1368,10,1192.33,43.06845,-1.26909
4,1369,10,1191.34,43.06836,-1.26908
4,1370,10,1190.53,43.06827,-1.26905
4,1371,10,1189.95,43.06819,-1.26901
4,1372,10,1189.57,43.06811,-1.26895
4,1373,10,1189.11,43.06803,-1.26889
4,1374,10,1188.83,43.06796,-1.26881
4,1375,10,1188.76,43.0679,-1.26872
4,1376,10,1188.92,43.06785,-1.26862
4,1377,10,1189.29,43.06781,-1.26851
4,1378,10,1189.37,43.06776,-1.26841
4,1379,10,1189.53,43.06772,-1.2683
4,1380,10,1189.74,43.06768,-1.26819
4,1381,10,1189.59,43.06762,-1.2681
4,1382,10,1189.41,43.06755,-1.26802
4,1383,10,1189.52,43.06749,-1.26794
4,1384,10,1189.61,43.06741,-1.26786
4,1385,10,1189.73,43.06734,-1.2678
4,1386,10,1189.91,43.06726,-1.26774
4,1387,10,1189.87,43.06717,-1.2677
4,1388,10,1190.02,43.06709,-1.26766
4,1389,10,1190.14,43.067,-1.26762
4,1390,10,1190.13,43.06691,-1.26759
4,1391,10,1190.03,43.06683,-1.26757
4,1392,10,1190.08,43.06674,-1.26754
4,1393,10,1190.13,43.06665,-1.26751
4,1394,10,1190.01,43.06656,-1.26749
4,1395,10,1190.17,43.06648,-1.26746
4,1396,10,1190.14,43.06639,-1.26744
4,1397,10,1190.43,43.0663,-1.26741
4,1398,10,1190.47,43.06621,-1.26739
4,1399,10,1190.61,43.06612,-1.26736
4,1400,10,1190.53,43.06603,-1.26734
4,1401,10,1190.43,43.06595,-1.26732
4,1402,10,1190.37,43.06586,-1.26729
4,1403,10,1190.11,43.06577,-1.26727
4,1404,10,1190.15,43.06568,-1.26724
4,1405,10,1190.36,43.06559,-1.26722
4,1406,10,1190.62,43.06551,-1.26719
4,1407,10,1190.84,43.06542,-1.26716
4,1408,10,1191.01,43.06533,-1.26713
4,1409,10,1191.08,43.06524,-1.26711
4,1410,10,1191.17,43.06515,-1.26708
4,1411,10,1191.27,43.06507,-1.26704
4,1412,10,1191.55,43.06498,-1.26701
4,1413,10,1192.0,43.0649,-1.26697
4,1414,10,1192.45,43.06481,-1.26693
4,1415,10,1192.82,43.06472,-1.2669
4,1416,10,1193.13,43.06464,-1.26686
4,1417,10,1193.07,43.06455,-1.26683
4,1418,10,1192.85,43.06447,-1.26679
4,1419,10,1192.62,43.06438,-1.26675
4,1420,10,1192.33,43.06429,-1.26672
4,1421,10,1191.85,43.06421,-1.26668
4,1422,10,1191.41,43.06412,-1.26664
4,1423,10,1191.12,43.06404,-1.26661
4,1424,10,1190.86,43.06395,-1.26658
4,1425,10,1190.63,43.06386,-1.26655
4,1426,10,1190.52,43.06377,-1.26653
4,1427,10,1190.43,43.06368,-1.26651
4,1428,10,1190.31,43.0636,-1.26649
4,1429,10,1190.27,43.06351,-1.26648
4,1430,10,1190.25,43.06342,-1.26647
4,1431,10,1190.38,43.06333,-1.26649
4,1432,10,1190.47,43.06324,-1.26651
4,1433,10,1190.51,43.06315,-1.26652
4,1434,10,1190.57,43.06306,-1.26655
4,1435,10,1190.62,43.06297,-1.26659
4,1436,10,1190.93,43.06289,-1.26662
4,1437,10,1191.29,43.0628,-1.26666
4,1438,10,1191.61,43.06271,-1.26669
4,1439,10,1191.89,43.06263,-1.26671
4,1440,10,1192.2,43.06254,-1.26674
4,1441,10,1192.49,43.06245,-1.26676
4,1442,10,1192.77,43.06236,-1.26679
4,1443,10,1193.17,43.06227,-1.26681
4,1444,10,1193.98,43.06219,-1.26684
4,1445,10,1194.9,43.0621,-1.26685
4,1446,10,1195.81,43.06201,-1.26687
4,1447,10,1196.74,43.06192,-1.2669
4,1448,10,1197.59,43.06184,-1.26694
4,1449,10,1198.39,43.06177,-1.26703
4,1450,10,1199.12,43.06171,-1.26711
4,1451,10,1199.91,43.06165,-1.2672
4,1452,10,1200.53,43.06161,-1.26731
4,1453,10,1201.17,43.06158,-1.26743
4,1454,10,1201.84,43.06155,-1.26755
4,1455,10,1201.09,43.06153,-1.26766
4,1456,10,1200.42,43.0615,-1.26778
4,1457,10,1199.59,43.06148,-1.2679
4,1458,10,1198.95,43.06145,-1.26802
4,1459,10,1198.9,43.0614,-1.26812
5,1460,10,1200.91,43.06116,-1.26834
5,1461,10,1202.37,43.06107,-1.26835
5,1462,10,1204.11,43.06098,-1.26834
5,1463,10,1205.66,43.06089,-1.26833
5,1464,10,1206.79,43.0608,-1.26831
5,1465,10,1207.79,43.06071,-1.2683
5,1466,10,1208.93,43.06063,-1.26828
5,1467,10,1210.0,43.06054,-1.26827
5,1468,10,1211.34,43.06045,-1.26825
5,1469,10,1212.49,43.06036,-1.26824
5,1470,10,1213.76,43.06027,-1.26822
5,1471,10,1214.3,43.06018,-1.26821
5,1472,10,1214.5,43.06009,-1.26819
5,1473,10,1214.56,43.06,-1.26818
5,1474,10,1214.82,43.05991,-1.26816
5,1475,10,1215.47,43.05983,-1.26812
5,1476,10,1216.36,43.05974,-1.26807
5,1477,10,1217.52,43.05966,-1.26801
5,1478,10,1218.75,43.05959,-1.26795
5,1479,10,1219.89,43.05951,-1.26789
5,1480,10,1221.03,43.05943,-1.26782
5,1481,10,1222.05,43.05935,-1.26776
5,1482,10,1223.18,43.05928,-1.2677
5,1483,10,1224.35,43.0592,-1.26764
5,1484,10,1225.61,43.05912,-1.26758
5,1485,10,1226.31,43.05904,-1.26754
5,1486,10,1226.35,43.05895,-1.2675
5,1487,10,1226.35,43.05886,-1.26747
5,1488,10,1226.49,43.05878,-1.26744
5,1489,10,1226.7,43.05869,-1.2674
5,1490,10,1226.87,43.0586,-1.26737
5,1491,10,1227.1,43.05852,-1.26733
5,1492,10,1227.3,43.05843,-1.2673
5,1493,10,1227.57,43.05834,-1.26726
5,1494,10,1227.84,43.05826,-1.26722
5,1495,10,1228.13,43.05818,-1.26718
5,1496,10,1229.26,43.05809,-1.26713
5,1497,10,1230.34,43.05801,-1.26709
5,1498,10,1231.56,43.05792,-1.26704
5,1499,10,1232.61,43.05784,-1.267
5,1500,10,1233.7,43.05776,-1.26695
5,1501,10,1234.88,43.05767,-1.2669
5,1502,10,1235.87,43.05759,-1.26686
5,1503,10,1236.38,43.05751,-1.26681
5,1504,10,1237.34,43.05742,-1.26677
5,1505,10,1238.22,43.05734,-1.26672
5,1506,10,1239.29,43.05725,-1.26668
5,1507,10,1240.23,43.05717,-1.26664
5,1508,10,1241.16,43.05709,-1.2666
5,1509,10,1242.24,43.057,-1.26656
5,1510,10,1243.11,43.05692,-1.26651
5,1511,10,1244.19,43.05683,-1.26647
5,1512,10,1245.46,43.05675,-1.26643
5,1513,10,1247.23,43.05666,-1.26639
5,1514,10,1248.76,43.05658,-1.26635
5,1515,10,1250.5,43.05649,-1.26631
5,1516,10,1252.29,43.0564,-1.26628
5,1517,10,1253.85,43.05632,-1.26625
5,1518,10,1255.69,43.05623,-1.26623
5,1519,10,1257.45,43.05614,-1.2662
5,1520,10,1259.52,43.05605,-1.26618
5,1521,10,1261.57,43.05596,-1.26615
5,1522,10,1263.33,43.05588,-1.26612
5,1523,10,1265.48,43.05579,-1.2661
5,1524,10,1267.86,43.0557,-1.2661
5,1525,10,1270.34,43.05561,-1.26611
5,1526,10,1272.97,43.05553,-1.26616
5,1527,10,1275.52,43.05544,-1.2662
5,1528,10,1277.62,43.05536,-1.26626
5,1529,10,1279.86,43.05527,-1.26626
5,1530,10,1282.11,43.05518,-1.26626
5,1531,10,1283.6,43.05511,-1.26634
5,1532,10,1284.67,43.05505,-1.26643
5,1533,10,1285.62,43.05499,-1.26651
5,1534,10,1286.31,43.05493,-1.26661
5,1535,10,1286.64,43.05488,-1.26671
5,1536,10,1287.06,43.05482,-1.2668
5,1537,10,1288.31,43.05473,-1.26683
5,1538,10,1289.08,43.05465,-1.26685
5,1539,10,1289.78,43.05456,-1.26687
5,1540,10,1290.27,43.05447,-1.26689
5,1541,10,1290.15,43.05438,-1.26693
5,1542,10,1289.55,43.0543,-1.26698
5,1543,10,1288.87,43.05422,-1.26703
5,1544,10,1288.52,43.05413,-1.26707
5,1545,10,1287.67,43.05405,-1.26712
5,1546,10,1287.52,43.05397,-1.26716
5,1547,10,1287.79,43.05388,-1.26719
5,1548,10,1287.66,43.05379,-1.26723
5,1549,10,1287.32,43.05371,-1.26727
5,1550,10,1287.04,43.05362,-1.26731
5,1551,10,1286.93,43.05354,-1.26734
5,1552,10,1287.28,43.05345,-1.26736
5,1553,10,1287.59,43.05336,-1.26738
5,1554,10,1287.63,43.05327,-1.2674
5,1555,10,1287.2,43.05318,-1.26743
5,1556,10,1287.14,43.05309,-1.26745
5,1557,10,1287.91,43.053,-1.26745
5,1558,10,1288.67,43.05291,-1.26745
5,1559,10,1288.52,43.05282,-1.26747
5,1560,10,1287.29,43.05274,-1.26751
5,1561,10,1286.04,43.05265,-1.26755
5,1562,10,1285.24,43.05257,-1.26758
5,1563,10,1284.52,43.05248,-1.26761
5,1564,10,1283.8,43.05239,-1.26764
5,1565,10,1283.93,43.0523,-1.26765
5,1566,10,1284.06,43.05221,-1.26766
5,1567,10,1284.2,43.05212,-1.26767
5,1568,10,1283.93,43.05203,-1.26769
5,1569,10,1284.27,43.05194,-1.2677
5,1570,10,1284.7,43.05186,-1.26771
5,1571,10,1284.88,43.05177,-1.26773
5,1572,10,1284.71,43.05168,-1.26776
5,1573,10,1284.97,43.05159,-1.26778
5,1574,10,1284.91,43.0515,-1.26781
5,1575,10,1284.79,43.05142,-1.26784
5,1576,10,1284.16,43.05133,-1.26789
5,1577,10,1283.95,43.05125,-1.26793
5,1578,10,1284.39,43.05116,-1.26796
5,1579,10,1284.92,43.05107,-1.26799
5,1580,10,1285.37,43.05099,-1.26802
5,1581,10,1286.08,43.0509,-1.26805
5,1582,10,1285.5,43.05083,-1.26812
5,1583,10,1284.16,43.05077,-1.26822
5,1584,10,1284.73,43.05071,-1.2683
5,1585,10,1286.58,43.05062,-1.26833
5,1586,10,1287.25,43.05054,-1.26836
5,1587,10,1287.92,43.05045,-1.26841
5,1588,10,1288.64,43.05037,-1.26839
5,1589,10,1289.34,43.05029,-1.26833
5,1590,10,1289.96,43.05021,-1.26827
5,1591,10,1290.85,43.05013,-1.26821
5,1592,10,1291.95,43.05006,-1.26816
5,1593,10,1293.1,43.04998,-1.2681
5,1594,10,1293.85,43.04991,-1.26802
5,1595,10,1293.39,43.04984,-1.26793
5,1596,10,1293.45,43.04979,-1.26783
5,1597,10,1293.53,43.04974,-1.26773
5,1598,10,1293.64,43.04969,-1.26763
5,1599,10,1294.06,43.04964,-1.26753
5,1600,10,1295.8,43.04959,-1.26743
5,1601,10,1297.4,43.04954,-1.26733
5,1602,10,1298.85,43.04949,-1.26723
5,1603,10,1300.39,43.04944,-1.26712
5,1604,10,1301.27,43.04938,-1.26702
5,1605,10,1302.25,43.04933,-1.26692
5,1606,10,1301.87,43.04926,-1.26685
5,1607,10,1302.06,43.04919,-1.26677
5,1608,10,1302.03,43.04912,-1.2667
5,1609,10,1302.24,43.04905,-1.26662
5,1610,10,1302.16,43.04898,-1.26655
5,1611,10,1302.05,43.0489,-1.26647
5,1612,10,1302.71,43.04884,-1.26638
5,1613,10,1303.35,43.04878,-1.26629
5,1614,10,1303.96,43.04872,-1.2662
5,1615,10,1304.57,43.04866,-1.26611
5,1616,10,1305.14,43.0486,-1.26602
5,1617,10,1305.79,43.04854,-1.26593
5,1618,10,1306.44,43.04847,-1.26585
5,1619,10,1306.45,43.04839,-1.26579
5,1620,10,1307.38,43.04833,-1.26571
5,1621,10,1308.17,43.04826,-1.26563
5,1622,10,1308.3,43.04818,-1.26557
5,1623,10,1308.48,43.0481,-1.26551
5,1624,10,1308.64,43.04802,-1.26545
5,1625,10,1308.81,43.04794,-1.26539
5,1626,10,1308.81,43.04786,-1.26534
5,1627,10,1309.42,43.04778,-1.26529
5,1628,10,1310.03,43.0477,-1.26524
5,1629,10,1310.56,43.04761,-1.26519
5,1630,10,1311.17,43.04753,-1.26514
5,1631,10,1311.78,43.04745,-1.26509
5,1632,10,1312.39,43.04737,-1.26504
5,1633,10,1312.92,43.04728,-1.26499
5,1634,10,1313.53,43.0472,-1.26494
5,1635,10,1314.36,43.04712,-1.26489
5,1636,10,1315.21,43.04704,-1.26484
5,1637,10,1315.97,43.04696,-1.26479
6,1638,10,1315.12,43.04585,-1.26479
6,1639,10,1315.5,43.04576,-1.26481
6,1640,10,1316.44,43.04567,-1.26483
6,1641,10,1317.39,43.04559,-1.26484
6,1642,10,1318.59,43.0455,-1.26484
6,1643,10,1319.68,43.04541,-1.26485
6,1644,10,1320.25,43.04533,-1.2649
6,1645,10,1320.68,43.04525,-1.26497
6,1646,10,1320.8,43.04519,-1.26505
6,1647,10,1321.04,43.04512,-1.26514
6,1648,10,1321.43,43.04506,-1.26522
6,1649,10,1322.01,43.04499,-1.26531
6,1650,10,1322.57,43.04493,-1.26539
6,1651,10,1323.36,43.04486,-1.26548
6,1652,10,1324.25,43.04479,-1.26556
6,1653,10,1324.51,43.04475,-1.26565
6,1654,10,1324.41,43.04472,-1.26577
6,1655,10,1324.13,43.0447,-1.26589
6,1656,10,1323.64,43.04469,-1.26601
6,1657,10,1322.86,43.04469,-1.26614
6,1658,10,1322.06,43.04468,-1.26626
6,1659,10,1321.14,43.04467,-1.26638
6,1660,10,1320.5,43.04465,-1.2665
6,1661,10,1320.86,43.0446,-1.2666
6,1662,10,1321.53,43.04454,-1.2667
6,1663,10,1321.99,43.04449,-1.2668
6,1664,10,1321.97,43.04445,-1.2669
6,1665,10,1321.94,43.0444,-1.26701
6,1666,10,1322.18,43.04435,-1.26711
6,1667,10,1322.01,43.04431,-1.26722
6,1668,10,1322.38,43.04426,-1.26732
6,1669,10,1322.82,43.04421,-1.26742
6,1670,10,1323.19,43.04416,-1.26753
6,1671,10,1323.45,43.04411,-1.26763
6,1672,10,1324.23,43.04405,-1.26772
6,1673,10,1324.53,43.044,-1.26782
6,1674,10,1324.33,43.04396,-1.26793
6,1675,10,1324.7,43.04391,-1.26803
6,1676,10,1325.66,43.04385,-1.26812
6,1677,10,1326.66,43.04379,-1.26821
6,1678,10,1327.75,43.04373,-1.26831
6,1679,10,1329.22,43.04367,-1.2684
6,1680,10,1330.71,43.04361,-1.26849
6,1681,10,1331.65,43.04356,-1.26859
6,1682,10,1331.46,43.04353,-1.26871
6,1683,10,1331.42,43.0435,-1.26882
6,1684,10,1332.42,43.04345,-1.26892
6,1685,10,1333.16,43.0434,-1.26903
6,1686,10,1333.0,43.04337,-1.26914
6,1687,10,1332.86,43.04334,-1.26925
6,1688,10,1333.06,43.0433,-1.26937
6,1689,10,1332.96,43.04327,-1.26948
6,1690,10,1333.19,43.04323,-1.2696
6,1691,10,1333.0,43.0432,-1.26971
6,1692,10,1332.79,43.04317,-1.26982
6,1693,10,1332.91,43.04313,-1.26994
6,1694,10,1333.32,43.04309,-1.27004
6,1695,10,1333.59,43.04305,-1.27015
6,1696,10,1334.39,43.043,-1.27026
6,1697,10,1334.83,43.04296,-1.27037
6,1698,10,1334.83,43.04293,-1.27048
6,1699,10,1334.22,43.04291,-1.2706
6,1700,10,1333.6,43.04289,-1.27072
6,1701,10,1332.99,43.04287,-1.27084
6,1702,10,1332.86,43.04284,-1.27096
6,1703,10,1332.91,43.04281,-1.27107
6,1704,10,1332.37,43.04279,-1.27119
6,1705,10,1330.38,43.0428,-1.27131
6,1706,10,1327.89,43.04282,-1.27143
6,1707,10,1325.89,43.04283,-1.27155
6,1708,10,1324.36,43.04283,-1.27167
6,1709,10,1323.25,43.04281,-1.27179
6,1710,10,1322.15,43.04279,-1.27191
6,1711,10,1322.87,43.04274,-1.27201
6,1712,10,1322.93,43.0427,-1.27212
6,1713,10,1323.49,43.04265,-1.27223
6,1714,10,1323.54,43.04261,-1.27234
6,1715,10,1323.6,43.04257,-1.27245
6,1716,10,1323.17,43.04254,-1.27256
6,1717,10,1323.22,43.0425,-1.27267
6,1718,10,1320.95,43.0425,-1.2728
6,1719,10,1318.85,43.0425,-1.27292
6,1720,10,1316.76,43.0425,-1.27304
6,1721,10,1313.86,43.04253,-1.27314
6,1722,10,1309.48,43.0426,-1.2732
6,1723,10,1305.61,43.04265,-1.27329
6,1724,10,1305.53,43.04262,-1.2734
6,1725,10,1304.82,43.0426,-1.27352
6,1726,10,1304.68,43.04257,-1.27364
6,1727,10,1303.98,43.04255,-1.27376
6,1728,10,1303.83,43.04252,-1.27387
6,1729,10,1303.52,43.04249,-1.27399
6,1730,10,1302.68,43.04247,-1.27411
6,1731,10,1301.3,43.04246,-1.27423
6,1732,10,1300.45,43.04244,-1.27435
6,1733,10,1299.99,43.04241,-1.27447
6,1734,10,1299.52,43.04238,-1.27458
6,1735,10,1299.44,43.04234,-1.2747
6,1736,10,1299.04,43.04231,-1.27481
6,1737,10,1297.92,43.04229,-1.27493
6,1738,10,1297.39,43.04226,-1.27505
6,1739,10,1297.12,43.04223,-1.27516
6,1740,10,1296.73,43.0422,-1.27528
6,1741,10,1295.2,43.04219,-1.2754
6,1742,10,1293.67,43.04218,-1.27552
6,1743,10,1292.14,43.04217,-1.27564
6,1744,10,1290.44,43.04216,-1.27577
6,1745,10,1291.06,43.04212,-1.27588
6,1746,10,1291.73,43.04208,-1.27599
6,1747,10,1291.83,43.04205,-1.2761
6,1748,10,1292.35,43.04201,-1.27622
6,1749,10,1292.46,43.04198,-1.27633
6,1750,10,1293.13,43.04194,-1.27644
6,1751,10,1292.9,43.04191,-1.27655
6,1752,10,1292.9,43.04187,-1.27667
6,1753,10,1293.09,43.04183,-1.27678
6,1754,10,1293.46,43.04179,-1.27688
6,1755,10,1293.65,43.04175,-1.27699
6,1756,10,1293.09,43.04172,-1.27711
6,1757,10,1292.95,43.04168,-1.27722
6,1758,10,1292.98,43.04163,-1.27732
6,1759,10,1293.06,43.04158,-1.27742
6,1760,10,1294.6,43.04151,-1.2775
6,1761,10,1295.7,43.04145,-1.27758
6,1762,10,1296.39,43.04139,-1.27768
6,1763,10,1295.23,43.04136,-1.2778
6,1764,10,1295.1,43.04132,-1.2779
6,1765,10,1295.38,43.04127,-1.27801
6,1766,10,1295.91,43.04122,-1.27811
6,1767,10,1295.25,43.04119,-1.27822
6,1768,10,1294.95,43.04115,-1.27834
6,1769,10,1294.36,43.04112,-1.27845
6,1770,10,1293.56,43.04109,-1.27857
6,1771,10,1292.88,43.04106,-1.27868
6,1772,10,1292.21,43.04103,-1.27879
6,1773,10,1291.76,43.04099,-1.27891
6,1774,10,1291.2,43.04095,-1.27902
6,1775,10,1290.85,43.04091,-1.27912
6,1776,10,1290.81,43.04086,-1.27923
6,1777,10,1291.04,43.04082,-1.27934
6,1778,10,1291.21,43.04078,-1.27945
6,1779,10,1291.29,43.04074,-1.27956
6,1780,10,1291.3,43.0407,-1.27967
6,1781,10,1291.24,43.04066,-1.27978
6,1782,10,1291.1,43.04062,-1.27989
6,1783,10,1290.23,43.0406,-1.28001
6,1784,10,1289.39,43.04058,-1.28013
6,1785,10,1288.54,43.04056,-1.28025
6,1786,10,1288.06,43.04053,-1.28037
6,1787,10,1287.35,43.04051,-1.28048
6,1788,10,1287.36,43.04047,-1.28059
6,1789,10,1287.3,43.04043,-1.28071
6,1790,10,1287.33,43.04039,-1.28082
6,1791,10,1287.45,43.04035,-1.28092
6,1792,10,1287.94,43.04029,-1.28102
6,1793,10,1287.68,43.04024,-1.28112
6,1794,10,1287.36,43.04019,-1.28122
6,1795,10,1286.8,43.04014,-1.28133
6,1796,10,1286.31,43.04009,-1.28143
6,1797,10,1285.8,43.04004,-1.28153
6,1798,10,1285.07,43.04,-1.28163
6,1799,10,1286.38,43.03991,-1.28166
6,1800,10,1286.51,43.03984,-1.28174
6,1801,10,1286.61,43.03977,-1.28182
6,1802,10,1286.68,43.0397,-1.2819
6,1803,10,1286.51,43.03964,-1.28198
6,1804,10,1286.14,43.03957,-1.28205
6,1805,10,1285.57,43.0395,-1.28213
6,1806,10,1286.06,43.03941,-1.28217
6,1807,10,1286.97,43.03933,-1.28218
6,1808,10,1287.87,43.03924,-1.2822
6,1809,10,1288.79,43.03915,-1.28222
6,1810,10,1289.61,43.03906,-1.28225
6,1811,10,1290.2,43.03898,-1.28229
6,1812,10,1290.49,43.0389,-1.28236
6,1813,10,1290.36,43.03884,-1.28245
6,1814,10,1290.34,43.03878,-1.28254
6,1815,10,1290.13,43.03873,-1.28264
6,1816,10,1290.48,43.03868,-1.28274
6,1817,10,1291.31,43.03862,-1.28284
6,1818,10,1291.84,43.03858,-1.28295
6,1819,10,1292.84,43.03853,-1.28305
6,1820,10,1293.72,43.03849,-1.28316
6,1821,10,1294.45,43.03846,-1.28328
6,1822,10,1295.44,43.03843,-1.28339
6,1823,10,1296.69,43.0384,-1.28351
6,1824,10,1298.02,43.03837,-1.28362
6,1825,10,1299.47,43.03834,-1.28374
6,1826,10,1301.4,43.0383,-1.28385
6,1827,10,1303.08,43.03827,-1.28397
6,1828,10,1304.6,43.03824,-1.28408
6,1829,10,1305.53,43.03822,-1.2842
6,1830,10,1306.46,43.0382,-1.28432
6,1831,10,1307.02,43.03819,-1.28444
6,1832,10,1307.95,43.03817,-1.28456
6,1833,10,1308.88,43.03815,-1.28468
6,1834,10,1309.33,43.03813,-1.2848
6,1835,10,1309.61,43.03811,-1.28492
6,1836,10,1309.89,43.03809,-1.28504
6,1837,10,1310.18,43.03807,-1.28516
6,1838,10,1311.31,43.03803,-1.28527
6,1839,10,1312.02,43.038,-1.28539
6,1840,10,1312.74,43.03796,-1.2855
6,1841,10,1313.04,43.03793,-1.28561
6,1842,10,1312.88,43.03791,-1.28573
6,1843,10,1311.51,43.03792,-1.28585
6,1844,10,1310.15,43.03793,-1.28597
6,1845,10,1310.0,43.03791,-1.28609
6,1846,10,1310.27,43.03788,-1.28621
6,1847,10,1310.14,43.03786,-1.28633
6,1848,10,1310.02,43.03784,-1.28645
6,1849,10,1309.91,43.03782,-1.28657
6,1850,10,1309.82,43.0378,-1.28669
6,1851,10,1309.81,43.03778,-1.28681
6,1852,10,1310.48,43.03775,-1.28692
6,1853,10,1311.08,43.03772,-1.28704
6,1854,10,1311.72,43.03769,-1.28715
6,1855,10,1312.28,43.03766,-1.28727
6,1856,10,1311.61,43.03766,-1.28739
6,1857,10,1311.28,43.03765,-1.28752
6,1858,10,1312.34,43.03761,-1.28762
6,1859,10,1313.58,43.03755,-1.28771
6,1860,10,1312.94,43.03751,-1.28782
6,1861,10,1312.14,43.03747,-1.28794
6,1862,10,1311.33,43.03744,-1.28805
6,1863,10,1310.53,43.0374,-1.28816
6,1864,10,1310.55,43.03737,-1.28827
6,1865,10,1310.54,43.03733,-1.28839
6,1866,10,1310.49,43.03729,-1.28849
7,1867,10,1310.11,43.03714,-1.28879
7,1868,10,1310.47,43.03709,-1.28889
7,1869,10,1311.24,43.03704,-1.28899
7,1870,10,1311.99,43.03698,-1.28909
7,1871,10,1312.81,43.03693,-1.28919
7,1872,10,1313.82,43.0369,-1.2893
7,1873,10,1314.89,43.03687,-1.28942
7,1874,10,1316.05,43.03684,-1.28954
7,1875,10,1317.79,43.03681,-1.28965
7,1876,10,1319.74,43.03678,-1.28977
7,1877,10,1321.54,43.03675,-1.28988
7,1878,10,1323.54,43.03672,-1.29
7,1879,10,1325.63,43.0367,-1.29012
7,1880,10,1327.87,43.03668,-1.29024
7,1881,10,1329.91,43.03664,-1.29034
7,1882,10,1331.6,43.03658,-1.29043
7,1883,10,1333.46,43.03652,-1.29053
7,1884,10,1335.05,43.03646,-1.29062
7,1885,10,1336.6,43.0364,-1.29071
7,1886,10,1338.59,43.03635,-1.29082
7,1887,10,1340.43,43.03631,-1.29092
7,1888,10,1342.48,43.03626,-1.29103
7,1889,10,1344.37,43.03622,-1.29113
7,1890,10,1346.6,43.03617,-1.29124
7,1891,10,1349.0,43.03613,-1.29135
7,1892,10,1351.12,43.03608,-1.29145
7,1893,10,1353.14,43.03603,-1.29155
7,1894,10,1355.06,43.03596,-1.29163
7,1895,10,1356.61,43.03589,-1.29169
7,1896,10,1357.81,43.0358,-1.29174
7,1897,10,1358.46,43.03572,-1.29177
7,1898,10,1358.79,43.03563,-1.29179
7,1899,10,1359.37,43.03554,-1.29182
7,1900,10,1360.64,43.03545,-1.29185
7,1901,10,1362.2,43.03537,-1.29188
7,1902,10,1361.14,43.0353,-1.29181
7,1903,10,1359.3,43.03524,-1.29171
7,1904,10,1357.53,43.03518,-1.29161
7,1905,10,1356.38,43.03513,-1.29151
7,1906,10,1355.56,43.03508,-1.29141
7,1907,10,1354.78,43.03503,-1.29131
7,1908,10,1354.31,43.03497,-1.29122
7,1909,10,1353.62,43.03492,-1.29112
7,1910,10,1353.24,43.03486,-1.29103
7,1911,10,1353.25,43.03478,-1.29099
7,1912,10,1354.11,43.0347,-1.29105
7,1913,10,1355.52,43.03465,-1.29114
7,1914,10,1357.48,43.03461,-1.29126
7,1915,10,1359.35,43.03458,-1.29137
7,1916,10,1361.37,43.03454,-1.29148
7,1917,10,1363.5,43.03451,-1.29159
7,1918,10,1366.36,43.03446,-1.29169
7,1919,10,1368.97,43.03439,-1.29177
7,1920,10,1370.56,43.0343,-1.2918
7,1921,10,1372.2,43.03421,-1.29183
7,1922,10,1373.77,43.03413,-1.29186
7,1923,10,1374.72,43.03404,-1.29187
7,1924,10,1375.68,43.03395,-1.29188
7,1925,10,1376.36,43.03386,-1.29188
7,1926,10,1376.1,43.03377,-1.29185
7,1927,10,1375.77,43.03368,-1.29182
7,1928,10,1375.33,43.0336,-1.29179
7,1929,10,1374.89,43.03351,-1.29176
7,1930,10,1373.87,43.03342,-1.29172
7,1931,10,1372.79,43.03334,-1.29169
7,1932,10,1371.72,43.03325,-1.29166
7,1933,10,1371.69,43.03316,-1.29166
7,1934,10,1372.33,43.03307,-1.29168
7,1935,10,1372.95,43.03298,-1.2917
7,1936,10,1373.56,43.03289,-1.29172
7,1937,10,1375.44,43.03281,-1.29178
7,1938,10,1377.01,43.03274,-1.29184
7,1939,10,1377.7,43.03266,-1.2919
7,1940,10,1379.54,43.03259,-1.29199
7,1941,10,1381.24,43.03253,-1.29207
7,1942,10,1383.28,43.03247,-1.29216
7,1943,10,1385.34,43.03241,-1.29225
7,1944,10,1388.0,43.03235,-1.29234
7,1945,10,1388.73,43.03226,-1.29239
7,1946,10,1389.6,43.03218,-1.29244
7,1947,10,1390.48,43.0321,-1.29249
7,1948,10,1390.99,43.03202,-1.29254
7,1949,10,1393.3,43.03196,-1.29263
7,1950,10,1395.52,43.0319,-1.29272
7,1951,10,1398.03,43.03184,-1.29282
7,1952,10,1400.06,43.03178,-1.29291
7,1953,10,1401.82,43.03172,-1.293
7,1954,10,1401.84,43.03164,-1.29306
7,1955,10,1402.97,43.03158,-1.29314
7,1956,10,1404.97,43.03153,-1.29324
7,1957,10,1405.12,43.03145,-1.29331
7,1958,10,1404.84,43.03137,-1.29337
7,1959,10,1404.97,43.0313,-1.29344
7,1960,10,1405.31,43.03123,-1.29352
7,1961,10,1405.23,43.03116,-1.29359
7,1962,10,1405.16,43.03109,-1.29367
7,1963,10,1404.69,43.03102,-1.29375
7,1964,10,1404.16,43.03095,-1.29383
7,1965,10,1403.89,43.03089,-1.29391
7,1966,10,1404.89,43.03085,-1.29402
7,1967,10,1406.75,43.03083,-1.29414
7,1968,10,1409.14,43.03082,-1.29427
7,1969,10,1410.42,43.0308,-1.29438
7,1970,10,1411.12,43.03077,-1.2945
7,1971,10,1412.16,43.03075,-1.29462
7,1972,10,1413.16,43.03073,-1.29474
7,1973,10,1413.3,43.03069,-1.29485
7,1974,10,1413.73,43.03065,-1.29496
7,1975,10,1414.84,43.03062,-1.29508
7,1976,10,1414.55,43.03056,-1.29516
7,1977,10,1414.21,43.03049,-1.29525
7,1978,10,1414.01,43.03043,-1.29533
7,1979,10,1414.04,43.03037,-1.29542
7,1980,10,1414.31,43.03031,-1.29552
7,1981,10,1414.44,43.03025,-1.29561
7,1982,10,1414.88,43.03019,-1.29571
7,1983,10,1416.01,43.03014,-1.2958
7,1984,10,1416.68,43.03007,-1.29589
7,1985,10,1417.21,43.03,-1.29596
7,1986,10,1419.25,43.02993,-1.29603
7,1987,10,1420.79,43.02984,-1.29608
7,1988,10,1422.07,43.02976,-1.29612
7,1989,10,1423.11,43.02967,-1.29615
7,1990,10,1423.87,43.02958,-1.29617
7,1991,10,1424.65,43.02949,-1.29619
7,1992,10,1424.83,43.0294,-1.29619
7,1993,10,1425.39,43.02931,-1.2962
7,1994,10,1425.92,43.02922,-1.2962
7,1995,10,1426.13,43.02913,-1.29619
7,1996,10,1425.99,43.02905,-1.29617
7,1997,10,1425.9,43.02896,-1.29615
7,1998,10,1425.81,43.02887,-1.29613
7,1999,10,1425.73,43.02878,-1.29611
7,2000,10,1425.64,43.02869,-1.29609
7,2001,10,1424.58,43.02861,-1.29604
7,2002,10,1423.56,43.02853,-1.29599
7,2003,10,1422.97,43.02844,-1.29595
7,2004,10,1422.37,43.02836,-1.29591
7,2005,10,1421.9,43.02827,-1.29587
7,2006,10,1421.15,43.02819,-1.29582
7,2007,10,1421.06,43.0281,-1.29579
7,2008,10,1420.77,43.02801,-1.29575
7,2009,10,1420.66,43.02793,-1.29572
7,2010,10,1420.33,43.02784,-1.29568
7,2011,10,1420.22,43.02776,-1.29565
7,2012,10,1420.03,43.02767,-1.29561
7,2013,10,1420.15,43.02758,-1.29558
7,2014,10,1420.04,43.0275,-1.29554
7,2015,10,1420.3,43.02741,-1.29551
7,2016,10,1420.62,43.02732,-1.29548
7,2017,10,1420.99,43.02723,-1.29546
7,2018,10,1420.92,43.02715,-1.29543
7,2019,10,1420.98,43.02706,-1.2954
7,2020,10,1420.99,43.02697,-1.29536
7,2021,10,1421.04,43.02689,-1.29532
7,2022,10,1421.68,43.0268,-1.29532
7,2023,10,1422.32,43.02671,-1.29532
7,2024,10,1422.95,43.02662,-1.29532
7,2025,10,1423.65,43.02653,-1.29532
7,2026,10,1424.5,43.02644,-1.29535
7,2027,10,1425.21,43.02635,-1.29538
8,2028,10,1425.53,43.02617,-1.29566
8,2029,10,1424.63,43.02613,-1.29576
8,2030,10,1423.57,43.02605,-1.29582
8,2031,10,1422.6,43.02597,-1.29586
8,2032,10,1420.73,43.02593,-1.29596
8,2033,10,1419.33,43.02594,-1.29605
8,2034,10,1417.29,43.02588,-1.29613
8,2035,10,1414.92,43.02581,-1.29621
8,2036,10,1412.44,43.02574,-1.2963
8,2037,10,1410.3,43.02568,-1.29638
8,2038,10,1407.51,43.02561,-1.29646
8,2039,10,1404.68,43.02554,-1.29654
8,2040,10,1401.87,43.02547,-1.29662
8,2041,10,1399.33,43.0254,-1.29669
8,2042,10,1396.57,43.02533,-1.29677
8,2043,10,1394.19,43.02525,-1.29683
8,2044,10,1391.63,43.02518,-1.2969
8,2045,10,1389.1,43.0251,-1.29696
8,2046,10,1386.47,43.02502,-1.29703
8,2047,10,1384.1,43.02495,-1.29709
8,2048,10,1380.92,43.02487,-1.29716
8,2049,10,1377.95,43.0248,-1.29723
8,2050,10,1374.96,43.02472,-1.2973
8,2051,10,1372.45,43.02465,-1.29736
8,2052,10,1369.63,43.02457,-1.29743
8,2053,10,1366.78,43.0245,-1.2975
8,2054,10,1363.62,43.02442,-1.29756
8,2055,10,1360.85,43.02434,-1.29761
8,2056,10,1357.96,43.02426,-1.29767
8,2057,10,1355.44,43.02418,-1.29772
8,2058,10,1352.75,43.02409,-1.29777
8,2059,10,1349.8,43.02401,-1.29782
8,2060,10,1346.99,43.02393,-1.29787
8,2061,10,1344.49,43.02384,-1.29791
8,2062,10,1341.08,43.02376,-1.29796
8,2063,10,1337.74,43.02368,-1.29801
8,2064,10,1334.54,43.0236,-1.29806
8,2065,10,1331.5,43.02351,-1.2981
8,2066,10,1328.56,43.02343,-1.29815
8,2067,10,1326.0,43.02334,-1.29818
8,2068,10,1323.74,43.02325,-1.2982
8,2069,10,1321.74,43.02317,-1.29822
8,2070,10,1318.82,43.02308,-1.29824
8,2071,10,1315.72,43.02299,-1.29826
8,2072,10,1312.44,43.0229,-1.2983
8,2073,10,1309.44,43.02281,-1.29833
8,2074,10,1306.85,43.02273,-1.29836
8,2075,10,1304.1,43.02264,-1.29839
8,2076,10,1301.57,43.02255,-1.2984
8,2077,10,1299.26,43.02247,-1.29844
8,2078,10,1295.56,43.02238,-1.29849
8,2079,10,1292.64,43.0223,-1.29852
8,2080,10,1290.1,43.02221,-1.29852
8,2081,10,1287.55,43.02212,-1.29852
8,2082,10,1285.34,43.02203,-1.29849
8,2083,10,1283.32,43.02195,-1.29844
8,2084,10,1280.48,43.02187,-1.2984
8,2085,10,1277.87,43.02178,-1.29842
8,2086,10,1275.95,43.02171,-1.2985
8,2087,10,1273.88,43.02164,-1.29857
8,2088,10,1272.04,43.02157,-1.29865
8,2089,10,1270.41,43.0215,-1.29872
8,2090,10,1269.02,43.02143,-1.2988
8,2091,10,1268.15,43.02137,-1.29889
8,2092,10,1267.31,43.0213,-1.29898
8,2093,10,1266.56,43.02123,-1.29905
8,2094,10,1266.13,43.02116,-1.29913
8,2095,10,1264.59,43.02111,-1.29923
8,2096,10,1262.93,43.02105,-1.29932
8,2097,10,1261.67,43.02102,-1.29944
8,2098,10,1260.5,43.02098,-1.29955
8,2099,10,1259.58,43.02094,-1.29965
8,2100,10,1258.68,43.02088,-1.29974
8,2101,10,1257.79,43.02081,-1.29983
8,2102,10,1255.96,43.02075,-1.29991
8,2103,10,1254.29,43.02068,-1.29999
8,2104,10,1252.86,43.02061,-1.30007
8,2105,10,1252.3,43.02052,-1.3001
8,2106,10,1251.86,43.02043,-1.30013
8,2107,10,1251.3,43.02034,-1.3001
8,2108,10,1250.35,43.02026,-1.30008
8,2109,10,1249.37,43.02017,-1.30004
8,2110,10,1248.78,43.0201,-1.29997
8,2111,10,1248.58,43.02005,-1.29987
8,2112,10,1247.62,43.02003,-1.29976
8,2113,10,1246.43,43.02006,-1.29964
8,2114,10,1245.36,43.02009,-1.29952
8,2115,10,1244.31,43.02011,-1.29941
8,2116,10,1243.73,43.02015,-1.29929
8,2117,10,1243.55,43.02019,-1.29919
8,2118,10,1243.06,43.02024,-1.29908
8,2119,10,1241.7,43.02028,-1.29897
8,2120,10,1239.8,43.0203,-1.29886
8,2121,10,1236.61,43.02028,-1.29875
8,2122,10,1232.85,43.02021,-1.29869
8,2123,10,1231.38,43.02013,-1.29874
8,2124,10,1231.09,43.02006,-1.29882
8,2125,10,1230.92,43.01999,-1.2989
8,2126,10,1230.59,43.01992,-1.29897
8,2127,10,1230.37,43.01985,-1.29904
8,2128,10,1229.96,43.01977,-1.29911
8,2129,10,1229.29,43.0197,-1.29917
8,2130,10,1227.24,43.01961,-1.29921
8,2131,10,1224.99,43.01952,-1.29924
8,2132,10,1223.08,43.01944,-1.29927
8,2133,10,1220.85,43.01935,-1.2993
8,2134,10,1218.43,43.01926,-1.29932
8,2135,10,1216.01,43.01917,-1.29934
8,2136,10,1213.6,43.01908,-1.29936
8,2137,10,1210.79,43.01899,-1.29938
8,2138,10,1207.37,43.0189,-1.2994
8,2139,10,1204.34,43.01882,-1.29942
8,2140,10,1200.83,43.01873,-1.29944
8,2141,10,1197.28,43.01864,-1.29946
8,2142,10,1194.91,43.01856,-1.29953
8,2143,10,1192.86,43.01849,-1.2996
8,2144,10,1190.82,43.01842,-1.29968
8,2145,10,1190.46,43.01838,-1.29979
8,2146,10,1188.66,43.01833,-1.29989
8,2147,10,1187.02,43.01829,-1.3
8,2148,10,1186.4,43.01827,-1.30012
8,2149,10,1185.8,43.01825,-1.30024
8,2150,10,1185.68,43.01824,-1.30036
8,2151,10,1185.1,43.01822,-1.30048
8,2152,10,1183.48,43.01819,-1.3006
8,2153,10,1181.34,43.01815,-1.30071
8,2154,10,1179.74,43.01812,-1.30082
8,2155,10,1178.19,43.01809,-1.30094
8,2156,10,1177.15,43.01807,-1.30106
8,2157,10,1176.15,43.01805,-1.30118
8,2158,10,1175.25,43.01804,-1.3013
8,2159,10,1174.35,43.01803,-1.30142
8,2160,10,1173.16,43.01801,-1.30154
8,2161,10,1172.05,43.01799,-1.30166
8,2162,10,1170.48,43.01795,-1.30177
8,2163,10,1168.81,43.0179,-1.30187
8,2164,10,1166.65,43.01784,-1.30196
8,2165,10,1164.42,43.01777,-1.30204
8,2166,10,1162.41,43.0177,-1.30211
8,2167,10,1159.89,43.01761,-1.30214
8,2168,10,1157.14,43.01752,-1.30213
8,2169,10,1154.67,43.01744,-1.30211
8,2170,10,1151.83,43.01735,-1.30209
8,2171,10,1149.01,43.01726,-1.30209
8,2172,10,1146.81,43.01718,-1.30215
8,2173,10,1146.23,43.01714,-1.30226
8,2174,10,1145.54,43.01709,-1.30237
8,2175,10,1145.21,43.01705,-1.30247
8,2176,10,1144.95,43.01701,-1.30258
8,2177,10,1143.87,43.01697,-1.30269
8,2178,10,1142.76,43.01693,-1.3028
8,2179,10,1141.8,43.01689,-1.30291
8,2180,10,1140.99,43.01685,-1.30302
8,2181,10,1140.51,43.01682,-1.30314
8,2182,10,1140.15,43.01679,-1.30325
8,2183,10,1139.42,43.01675,-1.30337
8,2184,10,1139.02,43.01672,-1.30348
8,2185,10,1138.69,43.01668,-1.30359
8,2186,10,1138.56,43.01664,-1.3037
8,2187,10,1138.67,43.01661,-1.30381
8,2188,10,1138.93,43.01657,-1.30392
8,2189,10,1139.0,43.01653,-1.30403
8,2190,10,1139.2,43.01649,-1.30415
8,2191,10,1139.58,43.01645,-1.30425
8,2192,10,1140.28,43.0164,-1.30436
8,2193,10,1141.11,43.01636,-1.30447
8,2194,10,1142.34,43.0163,-1.30456
8,2195,10,1143.18,43.01623,-1.30464
8,2196,10,1143.62,43.01616,-1.30471
8,2197,10,1144.26,43.01609,-1.30479
8,2198,10,1145.06,43.01602,-1.30487
8,2199,10,1146.03,43.01595,-1.30495
8,2200,10,1147.16,43.01588,-1.30503
8,2201,10,1148.44,43.01582,-1.30512
8,2202,10,1149.86,43.01577,-1.30522
8,2203,10,1151.23,43.01573,-1.30533
8,2204,10,1151.86,43.01569,-1.30544
8,2205,10,1152.67,43.01564,-1.30554
8,2206,10,1153.47,43.01559,-1.30565
8,2207,10,1153.47,43.01554,-1.30575
8,2208,10,1153.53,43.01549,-1.30585
8,2209,10,1153.65,43.01544,-1.30595
8,2210,10,1153.41,43.01538,-1.30605
8,2211,10,1152.91,43.01533,-1.30614
8,2212,10,1152.48,43.01527,-1.30623
8,2213,10,1152.11,43.01521,-1.30633
8,2214,10,1151.88,43.01515,-1.30642
8,2215,10,1151.73,43.01509,-1.30651
8,2216,10,1151.66,43.01503,-1.30661
8,2217,10,1151.56,43.01498,-1.3067
8,2218,10,1150.95,43.01492,-1.3068
8,2219,10,1149.63,43.01486,-1.30689
8,2220,10,1148.24,43.01481,-1.30699
8,2221,10,1146.92,43.01475,-1.30708
8,2222,10,1145.75,43.01468,-1.30715
8,2223,10,1144.6,43.0146,-1.30722
8,2224,10,1143.64,43.01453,-1.30729
8,2225,10,1142.79,43.01445,-1.30734
8,2226,10,1142.01,43.01436,-1.30739
8,2227,10,1141.48,43.01428,-1.30744
8,2228,10,1140.7,43.0142,-1.30749
8,2229,10,1139.06,43.01412,-1.30754
8,2230,10,1137.3,43.01403,-1.30759
8,2231,10,1135.79,43.01395,-1.30763
8,2232,10,1134.41,43.01387,-1.30768
8,2233,10,1133.1,43.01379,-1.30773
8,2234,10,1131.7,43.0137,-1.30778
8,2235,10,1130.57,43.01362,-1.30783
8,2236,10,1129.53,43.01354,-1.30788
8,2237,10,1127.6,43.01346,-1.30794
8,2238,10,1126.18,43.01339,-1.30802
8,2239,10,1124.8,43.01332,-1.3081
8,2240,10,1123.51,43.01325,-1.30818
8,2241,10,1122.65,43.01319,-1.30826
8,2242,10,1121.68,43.01312,-1.30834
8,2243,10,1120.87,43.01305,-1.30842
8,2244,10,1120.61,43.01299,-1.30851
8,2245,10,1120.51,43.01293,-1.3086
8,2246,10,1120.93,43.01288,-1.3087
8,2247,10,1120.75,43.01281,-1.30878
8,2248,10,1120.35,43.01273,-1.30885
8,2249,10,1120.29,43.01266,-1.30892
8,2250,10,1119.94,43.01258,-1.30897
8,2251,10,1119.24,43.01249,-1.309
8,2252,10,1118.19,43.01241,-1.309
8,2253,10,1116.59,43.01232,-1.30898
8,2254,10,1114.71,43.01223,-1.30895
8,2255,10,1112.88,43.01214,-1.30892
8,2256,10,1111.79,43.01206,-1.3089
8,2257,10,1110.12,43.01197,-1.30886
8,2258,10,1107.56,43.0119,-1.30878
8,2259,10,1105.05,43.01183,-1.30871
8,2260,10,1102.05,43.01176,-1.30863
8,2261,10,1098.95,43.01169,-1.30855
8,2262,10,1095.56,43.01163,-1.30846
8,2263,10,1092.27,43.01156,-1.30838
8,2264,10,1088.7,43.0115,-1.30829
8,2265,10,1085.41,43.01143,-1.30821
8,2266,10,1082.0,43.01137,-1.30812
8,2267,10,1079.71,43.01129,-1.30807
8,2268,10,1077.39,43.01121,-1.30802
8,2269,10,1075.62,43.01112,-1.30799
8,2270,10,1074.49,43.01103,-1.30798
8,2271,10,1074.02,43.01094,-1.30799
8,2272,10,1073.22,43.01085,-1.30799
8,2273,10,1072.03,43.01076,-1.30799
8,2274,10,1070.0,43.01067,-1.30799
8,2275,10,1067.97,43.01058,-1.30799
8,2276,10,1066.25,43.01049,-1.308
8,2277,10,1064.21,43.0104,-1.308
8,2278,10,1062.17,43.01031,-1.308
8,2279,10,1060.13,43.01022,-1.308
8,2280,10,1058.09,43.01013,-1.308
8,2281,10,1056.46,43.01004,-1.30803
8,2282,10,1055.11,43.00996,-1.30807
8,2283,10,1053.08,43.00987,-1.3081
8,2284,10,1051.18,43.00978,-1.30814
8,2285,10,1049.68,43.0097,-1.30819
8,2286,10,1048.08,43.00962,-1.30824
8,2287,10,1046.37,43.00954,-1.30829
8,2288,10,1044.24,43.00945,-1.30834
8,2289,10,1042.02,43.00937,-1.30836
8,2290,10,1039.3,43.00928,-1.30836
8,2291,10,1036.33,43.00919,-1.30834
8,2292,10,1033.39,43.0091,-1.30832
8,2293,10,1030.92,43.00901,-1.30834
8,2294,10,1028.94,43.00893,-1.30838
8,2295,10,1028.01,43.00887,-1.30847
8,2296,10,1028.14,43.00884,-1.30858
8,2297,10,1028.31,43.00881,-1.3087
8,2298,10,1027.98,43.00877,-1.30881
8,2299,10,1028.02,43.00874,-1.30893
8,2300,10,1028.11,43.00871,-1.30905
8,2301,10,1027.72,43.00867,-1.30915
8,2302,10,1027.35,43.00863,-1.30926
8,2303,10,1026.5,43.00858,-1.30936
8,2304,10,1025.32,43.00852,-1.30946
8,2305,10,1024.7,43.00847,-1.30956
8,2306,10,1023.14,43.0084,-1.30964
8,2307,10,1021.43,43.00833,-1.30971
8,2308,10,1018.79,43.00824,-1.30976
8,2309,10,1016.36,43.00816,-1.3098
8,2310,10,1013.56,43.00807,-1.30984
8,2311,10,1011.36,43.00799,-1.30988
8,2312,10,1009.27,43.00791,-1.30992
8,2313,10,1007.78,43.00784,-1.31001
8,2314,10,1006.5,43.00778,-1.3101
8,2315,10,1005.25,43.00773,-1.31019
8,2316,10,1004.25,43.00769,-1.3103
8,2317,10,1003.9,43.00767,-1.31042
8,2318,10,1003.16,43.00764,-1.31054
8,2319,10,1002.72,43.00762,-1.31066
8,2320,10,1002.61,43.00761,-1.31078
8,2321,10,1001.86,43.00759,-1.3109
8,2322,10,1001.43,43.00758,-1.31102
8,2323,10,1000.68,43.00756,-1.31114
8,2324,10,1000.3,43.00755,-1.31126
8,2325,10,999.62,43.00753,-1.31138
8,2326,10,998.63,43.0075,-1.3115
8,2327,10,997.54,43.00748,-1.31162
8,2328,10,996.49,43.00746,-1.31174
8,2329,10,995.46,43.00744,-1.31186
8,2330,10,993.92,43.0074,-1.31197
8,2331,10,992.19,43.00735,-1.31207
8,2332,10,990.82,43.00731,-1.31218
8,2333,10,988.87,43.00726,-1.31228
8,2334,10,987.18,43.00722,-1.31239
8,2335,10,985.56,43.00718,-1.3125
8,2336,10,984.02,43.00714,-1.31261
8,2337,10,982.55,43.0071,-1.31272
8,2338,10,981.16,43.00706,-1.31283
8,2339,10,979.41,43.00701,-1.31293
8,2340,10,977.46,43.00694,-1.313
8,2341,10,975.43,43.00687,-1.31309
8,2342,10,973.69,43.00681,-1.31318
8,2343,10,972.41,43.00678,-1.31329
8,2344,10,971.28,43.00676,-1.31341
8,2345,10,970.05,43.00673,-1.31353
8,2346,10,968.89,43.00671,-1.31365
8,2347,10,968.13,43.00672,-1.31377
8,2348,10,967.62,43.00675,-1.31389
8,2349,10,967.16,43.00678,-1.314
8,2350,10,966.47,43.0068,-1.31412
8,2351,10,966.08,43.00684,-1.31423
8,2352,10,965.84,43.00689,-1.31433
8,2353,10,965.67,43.00695,-1.31443
8,2354,10,965.34,43.007,-1.31453
8,2355,10,964.69,43.00703,-1.31464
8,2356,10,964.09,43.00707,-1.31475
8,2357,10,963.29,43.0071,-1.31487
8,2358,10,962.81,43.00714,-1.31498
8,2359,10,962.39,43.00717,-1.31509
8,2360,10,961.86,43.0072,-1.31521
8,2361,10,961.42,43.00724,-1.31532
8,2362,10,960.79,43.00727,-1.31544
8,2363,10,960.03,43.00728,-1.31556
8,2364,10,959.19,43.0073,-1.31568
8,2365,10,958.17,43.0073,-1.3158
8,2366,10,957.09,43.00728,-1.31592
8,2367,10,956.13,43.00727,-1.31603
8,2368,10,955.51,43.00733,-1.31612
8,2369,10,955.22,43.00739,-1.31622
8,2370,10,955.16,43.00744,-1.31631
8,2371,10,954.95,43.00749,-1.31642
8,2372,10,954.53,43.00753,-1.31653
8,2373,10,954.03,43.00757,-1.31664
8,2374,10,953.35,43.0076,-1.31675
8,2375,10,952.72,43.00764,-1.31686
8,2376,10,952.0,43.00768,-1.31697
8,2377,10,951.43,43.00774,-1.31707
8,2378,10,950.88,43.0078,-1.31716
8,2379,10,950.07,43.00785,-1.31726
8,2380,10,949.39,43.00791,-1.31735
8,2381,10,948.51,43.00797,-1.31745
8,2382,10,947.81,43.00803,-1.31753
8,2383,10,947.05,43.0081,-1.31762
8,2384,10,946.37,43.00816,-1.3177
8,2385,10,945.81,43.00823,-1.31778
8,2386,10,945.22,43.0083,-1.31786
8,2387,10,944.44,43.00836,-1.31795
8,2388,10,943.46,43.00841,-1.31805
8,2389,10,943.05,43.00848,-1.31811
8,2390,10,942.38,43.00855,-1.31819
8,2391,10,941.5,43.00861,-1.31828
8,2392,10,940.74,43.00866,-1.31837
8,2393,10,941.3,43.00873,-1.31846
8,2394,10,941.95,43.0088,-1.31854
8,2395,10,942.5,43.00885,-1.31863
8,2396,10,943.05,43.00889,-1.31874
8,2397,10,943.66,43.00894,-1.31885
8,2398,10,943.98,43.00894,-1.31896
8,2399,10,944.42,43.00893,-1.31908
8,2400,10,945.14,43.00891,-1.3192
8,2401,10,945.32,43.00885,-1.31929
8,2402,10,945.83,43.00891,-1.3193
8,2403,10,946.58,43.009,-1.31931
8,2404,10,947.09,43.00909,-1.31929
8,2405,10,947.58,43.00918,-1.31927
8,2406,10,947.96,43.00927,-1.31924
8,2407,10,948.3,43.00936,-1.31921
8,2408,10,948.46,43.00944,-1.31917
8,2409,10,948.55,43.00952,-1.31912
8,2410,10,948.8,43.00961,-1.31908
8,2411,10,948.98,43.00969,-1.31904
8,2412,10,949.5,43.00978,-1.31901
8,2413,10,949.95,43.00987,-1.31897
8,2414,10,950.4,43.00995,-1.31895
8,2415,10,951.02,43.01004,-1.31895
8,2416,10,951.91,43.01013,-1.31897
8,2417,10,953.24,43.01021,-1.31902
8,2418,10,954.99,43.0103,-1.31907
9,2419,10,960.7,43.01035,-1.31937
9,2420,10,960.71,43.01028,-1.31945
9,2421,10,960.75,43.01022,-1.31953
9,2422,10,960.58,43.01015,-1.31962
9,2423,10,960.23,43.01008,-1.31969
9,2424,10,959.71,43.00999,-1.31972
9,2425,10,958.79,43.0099,-1.31972
9,2426,10,958.0,43.00981,-1.31973
9,2427,10,957.08,43.00972,-1.31973
9,2428,10,956.17,43.00963,-1.31973
9,2429,10,955.35,43.00954,-1.31974
9,2430,10,954.43,43.00945,-1.31974
9,2431,10,953.59,43.00936,-1.31975
9,2432,10,952.66,43.00927,-1.31975
9,2433,10,951.72,43.00918,-1.31975
9,2434,10,950.85,43.00909,-1.31976
9,2435,10,949.92,43.009,-1.31976
9,2436,10,948.98,43.00891,-1.31976
9,2437,10,948.08,43.00882,-1.31977
9,2438,10,947.33,43.00874,-1.3198
9,2439,10,947.23,43.00869,-1.3199
9,2440,10,946.65,43.00861,-1.31989
9,2441,10,946.06,43.00853,-1.31986
9,2442,10,945.42,43.00844,-1.31982
9,2443,10,944.82,43.00835,-1.31978
9,2444,10,944.33,43.00827,-1.31975
9,2445,10,943.76,43.00818,-1.31972
9,2446,10,943.15,43.00809,-1.31969
9,2447,10,942.73,43.008,-1.31966
9,2448,10,942.52,43.00792,-1.31963
9,2449,10,942.31,43.00783,-1.3196
9,2450,10,942.12,43.00774,-1.31958
9,2451,10,941.93,43.00765,-1.31956
9,2452,10,941.74,43.00756,-1.31954
9,2453,10,941.58,43.00747,-1.31953
9,2454,10,941.4,43.00739,-1.31951
9,2455,10,941.4,43.0073,-1.31949
9,2456,10,941.55,43.00721,-1.31948
9,2457,10,941.71,43.00712,-1.31947
9,2458,10,941.87,43.00703,-1.31946
9,2459,10,942.03,43.00694,-1.31945
9,2460,10,942.18,43.00685,-1.31943
9,2461,10,942.35,43.00676,-1.31942
9,2462,10,942.53,43.00667,-1.31941
9,2463,10,942.58,43.00658,-1.31941
9,2464,10,942.63,43.00649,-1.3194
9,2465,10,942.7,43.0064,-1.31939
9,2466,10,942.78,43.00631,-1.31937
9,2467,10,942.87,43.00622,-1.31936
9,2468,10,942.97,43.00613,-1.31935
9,2469,10,943.01,43.00604,-1.31937
9,2470,10,943.03,43.00596,-1.31935
9,2471,10,942.67,43.00587,-1.31936
9,2472,10,942.36,43.00578,-1.31935
9,2473,10,942.03,43.00569,-1.31935
9,2474,10,941.65,43.0056,-1.31937
9,2475,10,941.26,43.00551,-1.3194
9,2476,10,940.89,43.00542,-1.31943
9,2477,10,940.55,43.00534,-1.31946
9,2478,10,940.17,43.00525,-1.31951
9,2479,10,939.85,43.00517,-1.31955
9,2480,10,939.53,43.00509,-1.31961
9,2481,10,939.23,43.00501,-1.31966
9,2482,10,938.95,43.00493,-1.31972
9,2483,10,938.38,43.00485,-1.31978
9,2484,10,937.84,43.00477,-1.31983
9,2485,10,937.27,43.00469,-1.31989
9,2486,10,936.74,43.00461,-1.31995
9,2487,10,936.46,43.00453,-1.32
9,2488,10,936.24,43.00445,-1.32005
9,2489,10,936.08,43.00436,-1.3201
9,2490,10,936.04,43.00428,-1.32013
9,2491,10,936.01,43.00419,-1.32017
9,2492,10,935.98,43.00411,-1.32022
9,2493,10,936.0,43.00403,-1.32027
9,2494,10,936.06,43.00395,-1.32033
9,2495,10,936.19,43.00387,-1.32039
9,2496,10,936.31,43.00379,-1.32045
9,2497,10,936.43,43.00371,-1.32051
9,2498,10,936.6,43.00363,-1.32057
9,2499,10,936.76,43.00356,-1.32063
9,2500,10,937.0,43.00348,-1.32069
9,2501,10,937.29,43.0034,-1.32074
9,2502,10,937.66,43.00331,-1.32079
9,2503,10,937.98,43.00323,-1.32085
9,2504,10,937.75,43.00316,-1.32092
9,2505,10,937.55,43.00309,-1.321
9,2506,10,937.36,43.00302,-1.32107
9,2507,10,937.0,43.00295,-1.32115
9,2508,10,936.51,43.00289,-1.32124
9,2509,10,936.04,43.00282,-1.32132
9,2510,10,935.64,43.00275,-1.32139
9,2511,10,935.23,43.00267,-1.32146
9,2512,10,934.87,43.0026,-1.32153
9,2513,10,934.48,43.00252,-1.32159
9,2514,10,934.02,43.00245,-1.32167
9,2515,10,933.61,43.00239,-1.32176
9,2516,10,933.08,43.00233,-1.32185
9,2517,10,932.48,43.00228,-1.32195
9,2518,10,931.92,43.00223,-1.32205
9,2519,10,931.36,43.00218,-1.32216
9,2520,10,930.89,43.00213,-1.32226
9,2521,10,930.46,43.00209,-1.32236
9,2522,10,930.03,43.00205,-1.32247
9,2523,10,929.77,43.00201,-1.32259
9,2524,10,929.58,43.00197,-1.3227
9,2525,10,929.41,43.00194,-1.32281
9,2526,10,929.25,43.00191,-1.32293
9,2527,10,929.14,43.00188,-1.32304
9,2528,10,928.98,43.00184,-1.32316
9,2529,10,928.49,43.00181,-1.32327
9,2530,10,928.02,43.00178,-1.32338
9,2531,10,927.54,43.00175,-1.3235
9,2532,10,927.12,43.00171,-1.32361
9,2533,10,926.71,43.00168,-1.32373
9,2534,10,926.34,43.00166,-1.32384
9,2535,10,925.71,43.00163,-1.32396
9,2536,10,925.07,43.00161,-1.32408
9,2537,10,924.47,43.00159,-1.3242
9,2538,10,924.03,43.00155,-1.32431
9,2539,10,923.65,43.00151,-1.32442
9,2540,10,923.43,43.00146,-1.32452
9,2541,10,923.02,43.00143,-1.32464
9,2542,10,922.84,43.00138,-1.32474
9,2543,10,922.68,43.00133,-1.32484
9,2544,10,922.77,43.00126,-1.32492
9,2545,10,922.77,43.0012,-1.32501
9,2546,10,922.69,43.00114,-1.3251
9,2547,10,922.61,43.00108,-1.32518
9,2548,10,922.26,43.00102,-1.32528
9,2549,10,921.88,43.00096,-1.32537
9,2550,10,921.56,43.0009,-1.32546
9,2551,10,921.19,43.00085,-1.32556
9,2552,10,920.95,43.00079,-1.32566
9,2553,10,920.85,43.00073,-1.32575
9,2554,10,920.81,43.00067,-1.32584
9,2555,10,920.86,43.00061,-1.32593
9,2556,10,921.01,43.00055,-1.32602
9,2557,10,920.87,43.00051,-1.32613
9,2558,10,920.77,43.00046,-1.32624
9,2559,10,920.73,43.00041,-1.32634
9,2560,10,920.53,43.00038,-1.32645
9,2561,10,920.56,43.00033,-1.32655
9,2562,10,920.62,43.00028,-1.32666
9,2563,10,920.62,43.00024,-1.32676
9,2564,10,920.56,43.0002,-1.32687
9,2565,10,920.61,43.00015,-1.32697
9,2566,10,920.52,43.00011,-1.32708
9,2567,10,920.52,43.00006,-1.32718
9,2568,10,920.47,43.00001,-1.32729
9,2569,10,920.73,42.99995,-1.32736
9,2570,10,921.13,42.99987,-1.32742
9,2571,10,921.49,42.99979,-1.32747
9,2572,10,921.71,42.9997,-1.32748
9,2573,10,921.9,42.99961,-1.32751
9,2574,10,922.14,42.99952,-1.32753
9,2575,10,922.4,42.99943,-1.32754
9,2576,10,922.68,42.99934,-1.32756
9,2577,10,922.97,42.99925,-1.32757
9,2578,10,923.26,42.99917,-1.32759
9,2579,10,923.42,42.99908,-1.32761
9,2580,10,923.35,42.99899,-1.32765
9,2581,10,923.29,42.99891,-1.32769
9,2582,10,923.22,42.99882,-1.32773
9,2583,10,923.13,42.99873,-1.32776
9,2584,10,923.04,42.99865,-1.32778
9,2585,10,922.97,42.99856,-1.32782
9,2586,10,922.9,42.99847,-1.32786
9,2587,10,922.9,42.99839,-1.3279
9,2588,10,922.97,42.99831,-1.32795
9,2589,10,923.0,42.99823,-1.328
9,2590,10,923.0,42.99814,-1.32804
9,2591,10,923.0,42.99806,-1.32809
9,2592,10,923.0,42.99798,-1.32813
9,2593,10,923.0,42.99789,-1.32818
9,2594,10,923.0,42.99782,-1.32826
9,2595,10,923.0,42.99775,-1.32833
9,2596,10,922.89,42.99768,-1.3284
9,2597,10,922.71,42.99761,-1.32849
9,2598,10,922.52,42.99756,-1.32859
9,2599,10,922.26,42.99749,-1.32866
9,2600,10,921.83,42.99741,-1.32873
9,2601,10,921.39,42.99735,-1.32882
9,2602,10,920.95,42.99729,-1.32891
9,2603,10,920.52,42.99723,-1.329
9,2604,10,920.08,42.99717,-1.32909
9,2605,10,919.64,42.99711,-1.32918
9,2606,10,919.21,42.99706,-1.32928
9,2607,10,918.92,42.997,-1.32937
9,2608,10,918.53,42.99695,-1.32947
9,2609,10,918.01,42.9969,-1.32958
9,2610,10,917.47,42.99686,-1.32968
9,2611,10,916.78,42.99681,-1.32979
9,2612,10,916.1,42.99677,-1.32989
9,2613,10,915.23,42.99672,-1.33
9,2614,10,914.07,42.99668,-1.33011
9,2615,10,912.81,42.99663,-1.33021
9,2616,10,911.53,42.99658,-1.33031
9,2617,10,910.39,42.99651,-1.33038
9,2618,10,909.9,42.99642,-1.33037
9,2619,10,909.47,42.99633,-1.33037
9,2620,10,909.38,42.99624,-1.33036
9,2621,10,909.3,42.99615,-1.33035
9,2622,10,909.43,42.99606,-1.33032
9,2623,10,909.49,42.99598,-1.3303
9,2624,10,909.64,42.99589,-1.33027
9,2625,10,909.69,42.9958,-1.33025
9,2626,10,909.75,42.99571,-1.33023
9,2627,10,910.05,42.99562,-1.33019
9,2628,10,910.27,42.99554,-1.33016
9,2629,10,910.36,42.99545,-1.33014
9,2630,10,910.7,42.99536,-1.3301
9,2631,10,910.94,42.99528,-1.33007
9,2632,10,911.19,42.99519,-1.33004
9,2633,10,911.17,42.9951,-1.33003
9,2634,10,911.17,42.99501,-1.33
9,2635,10,910.78,42.99492,-1.32998
9,2636,10,910.39,42.99484,-1.32996
9,2637,10,909.93,42.99475,-1.32994
9,2638,10,909.46,42.99466,-1.32992
9,2639,10,908.98,42.99457,-1.3299
9,2640,10,908.53,42.99448,-1.32987
9,2641,10,908.04,42.99439,-1.32985
9,2642,10,907.63,42.99431,-1.32982
9,2643,10,907.49,42.99423,-1.32977
9,2644,10,907.46,42.99416,-1.32969
9,2645,10,907.42,42.99409,-1.3296
9,2646,10,907.34,42.99402,-1.32952
9,2647,10,906.97,42.99396,-1.32958
9,2648,10,906.84,42.99389,-1.32951
9,2649,10,906.48,42.99381,-1.32953
9,2650,10,906.11,42.99372,-1.32954
9,2651,10,905.73,42.99363,-1.32955
9,2652,10,905.29,42.99354,-1.32959
9,2653,10,904.89,42.99346,-1.32962
9,2654,10,904.43,42.99338,-1.3297
9,2655,10,904.02,42.99331,-1.32977
9,2656,10,903.61,42.99324,-1.32984
9,2657,10,903.16,42.99316,-1.32991
9,2658,10,902.75,42.99309,-1.32998
9,2659,10,902.34,42.99302,-1.33005
9,2660,10,901.92,42.99295,-1.33013
9,2661,10,901.6,42.99288,-1.33021
9,2662,10,901.33,42.99281,-1.33029
9,2663,10,901.09,42.99274,-1.33036
9,2664,10,900.86,42.99267,-1.33044
9,2665,10,900.67,42.99261,-1.33053
9,2666,10,900.5,42.99255,-1.33062
9,2667,10,900.36,42.99249,-1.33071
9,2668,10,900.07,42.99242,-1.33079
9,2669,10,899.73,42.99236,-1.33088
9,2670,10,899.37,42.9923,-1.33097
9,2671,10,898.97,42.99226,-1.33108
9,2672,10,898.6,42.99224,-1.3312
9,2673,10,898.24,42.99222,-1.33132
9,2674,10,897.99,42.9922,-1.33144
9,2675,10,897.95,42.99216,-1.33155
9,2676,10,897.86,42.99211,-1.33165
9,2677,10,897.72,42.99206,-1.33175
9,2678,10,897.54,42.99201,-1.33186
9,2679,10,897.35,42.99197,-1.33196
9,2680,10,897.07,42.99192,-1.33207
9,2681,10,896.85,42.99187,-1.33217
9,2682,10,896.67,42.99183,-1.33228
9,2683,10,896.52,42.99179,-1.33239
9,2684,10,896.39,42.99175,-1.3325
9,2685,10,896.25,42.9917,-1.3326
9,2686,10,896.14,42.99165,-1.3327
9,2687,10,896.05,42.9916,-1.33281
9,2688,10,896.04,42.99155,-1.33291
9,2689,10,896.18,42.99151,-1.33301
9,2690,10,896.37,42.99146,-1.33312
9,2691,10,896.58,42.99141,-1.33322
9,2692,10,896.82,42.99136,-1.33333
9,2693,10,897.04,42.99132,-1.33343
9,2694,10,897.28,42.99128,-1.33354
9,2695,10,897.58,42.99123,-1.33365
9,2696,10,897.85,42.99119,-1.33375
9,2697,10,898.2,42.99114,-1.33386
9,2698,10,898.23,42.99115,-1.33396
9,2699,10,898.55,42.99111,-1.33407
9,2700,10,898.8,42.99106,-1.33418
9,2701,10,898.6,42.99102,-1.33428
9,2702,10,898.41,42.99097,-1.33439
9,2703,10,898.41,42.99091,-1.33447
9,2704,10,898.13,42.99086,-1.33458
9,2705,10,897.72,42.99082,-1.33468
9,2706,10,897.42,42.99076,-1.33477
9,2707,10,897.11,42.9907,-1.33486
9,2708,10,896.76,42.99062,-1.33493
9,2709,10,896.63,42.99054,-1.33497
9,2710,10,896.45,42.99046,-1.33502
9,2711,10,896.07,42.99039,-1.3351
9,2712,10,895.87,42.99031,-1.33516
9,2713,10,895.69,42.99023,-1.33522
9,2714,10,895.47,42.99016,-1.33528
9,2715,10,895.34,42.99007,-1.33533
9,2716,10,895.06,42.99001,-1.33541
9,2717,10,894.99,42.98993,-1.33547
9,2718,10,895.01,42.98985,-1.33552
9,2719,10,894.82,42.98977,-1.33558
9,2720,10,894.62,42.98969,-1.33564
9,2721,10,894.41,42.98961,-1.3357
10,2722,10,893.26,42.98922,-1.33595
10,2723,10,893.01,42.98914,-1.33602
10,2724,10,892.86,42.98907,-1.33608
10,2725,10,892.85,42.98898,-1.33613
10,2726,10,892.86,42.9889,-1.33618
10,2727,10,892.83,42.98882,-1.33623
10,2728,10,892.44,42.98874,-1.33628
10,2729,10,891.92,42.98867,-1.33635
10,2730,10,891.48,42.98859,-1.33642
10,2731,10,891.33,42.9885,-1.33646
10,2732,10,891.21,42.98842,-1.3365
10,2733,10,890.76,42.9884,-1.33658
10,2734,10,889.93,42.98843,-1.3367
10,2735,10,889.09,42.98847,-1.33681
10,2736,10,888.16,42.9885,-1.33692
10,2737,10,886.87,42.98854,-1.33703
10,2738,10,885.51,42.98857,-1.33715
10,2739,10,884.87,42.98853,-1.33723
10,2740,10,884.36,42.98846,-1.33731
10,2741,10,883.3,42.98847,-1.33741
10,2742,10,882.04,42.9885,-1.33752
10,2743,10,881.15,42.98851,-1.33764
10,2744,10,880.67,42.98855,-1.33774
10,2745,10,880.22,42.98859,-1.33785
10,2746,10,879.85,42.9886,-1.33797
10,2747,10,879.5,42.98861,-1.33809
10,2748,10,879.16,42.98863,-1.33821
10,2749,10,879.06,42.98864,-1.33833
10,2750,10,879.2,42.98865,-1.33845
10,2751,10,879.35,42.98866,-1.33858
10,2752,10,879.5,42.98868,-1.3387
10,2753,10,879.66,42.9887,-1.33882
10,2754,10,879.84,42.98872,-1.33894
10,2755,10,879.9,42.98875,-1.33905
10,2756,10,879.95,42.98878,-1.33916
10,2757,10,879.99,42.98881,-1.33928
10,2758,10,880.08,42.98885,-1.33939
10,2759,10,880.19,42.98889,-1.3395
10,2760,10,880.33,42.98893,-1.33961
10,2761,10,880.42,42.98896,-1.33972
10,2762,10,880.54,42.989,-1.33984
10,2763,10,880.65,42.98904,-1.33995
10,2764,10,880.77,42.98908,-1.34006
10,2765,10,880.86,42.98911,-1.34017
10,2766,10,880.97,42.98915,-1.34028
10,2767,10,881.09,42.98919,-1.34039
10,2768,10,881.21,42.98923,-1.3405
10,2769,10,881.32,42.98927,-1.34061
10,2770,10,881.41,42.9893,-1.34073
10,2771,10,881.53,42.98934,-1.34084
10,2772,10,881.62,42.98937,-1.34095
10,2773,10,881.68,42.98941,-1.34106
10,2774,10,881.64,42.98945,-1.34117
10,2775,10,881.67,42.98951,-1.34125
10,2776,10,881.5,42.9895,-1.34136
10,2777,10,881.29,42.98948,-1.34148
10,2778,10,881.1,42.98947,-1.3416
10,2779,10,880.99,42.98945,-1.34172
10,2780,10,881.58,42.98946,-1.34185
10,2781,10,882.12,42.98946,-1.34197
10,2782,10,882.66,42.98947,-1.34209
10,2783,10,883.11,42.98952,-1.34219
10,2784,10,883.48,42.98957,-1.34229
10,2785,10,883.77,42.98963,-1.34238
10,2786,10,883.79,42.98967,-1.34249
10,2787,10,883.81,42.98969,-1.34261
10,2788,10,883.86,42.98969,-1.34273
10,2789,10,883.92,42.98967,-1.34285
10,2790,10,883.96,42.98966,-1.34297
10,2791,10,883.99,42.98964,-1.34309
10,2792,10,883.84,42.98962,-1.34321
10,2793,10,883.69,42.98961,-1.34333
10,2794,10,883.54,42.9896,-1.34345
10,2795,10,883.4,42.98961,-1.34357
10,2796,10,883.24,42.98961,-1.3437
10,2797,10,883.09,42.98962,-1.34382
10,2798,10,882.93,42.98963,-1.34394
10,2799,10,882.77,42.98964,-1.34406
10,2800,10,882.58,42.98964,-1.34419
10,2801,10,882.42,42.98965,-1.34431
10,2802,10,882.26,42.98966,-1.34443
10,2803,10,882.21,42.98967,-1.34455
10,2804,10,882.18,42.98968,-1.34467
10,2805,10,882.14,42.98969,-1.3448
10,2806,10,882.08,42.98967,-1.34491
10,2807,10,882.03,42.98965,-1.34503
10,2808,10,882.0,42.98961,-1.34514
10,2809,10,882.0,42.98955,-1.34524
10,2810,10,881.99,42.98948,-1.34532
10,2811,10,881.95,42.98942,-1.3454
10,2812,10,881.89,42.98936,-1.34549
10,2813,10,881.82,42.98931,-1.34559
10,2814,10,881.74,42.98928,-1.3457
10,2815,10,881.68,42.98929,-1.34583
10,2816,10,881.44,42.98929,-1.34595
10,2817,10,881.2,42.98929,-1.34607
10,2818,10,880.96,42.98929,-1.34619
10,2819,10,880.69,42.98929,-1.34632
10,2820,10,880.45,42.98929,-1.34644
10,2821,10,880.36,42.98929,-1.34656
10,2822,10,880.47,42.9893,-1.34668
10,2823,10,880.6,42.9893,-1.34681
10,2824,10,880.72,42.98931,-1.34693
10,2825,10,880.84,42.98931,-1.34705
10,2826,10,880.97,42.98932,-1.34717
10,2827,10,881.04,42.98932,-1.3473
10,2828,10,881.09,42.98932,-1.34742
10,2829,10,881.13,42.98932,-1.34754
10,2830,10,881.18,42.98932,-1.34766
10,2831,10,881.22,42.98933,-1.34779
10,2832,10,881.27,42.98934,-1.34791
10,2833,10,881.43,42.98935,-1.34803
10,2834,10,881.61,42.98935,-1.34815
10,2835,10,881.77,42.98936,-1.34827
10,2836,10,881.94,42.98937,-1.3484
10,2837,10,882.07,42.98939,-1.34851
10,2838,10,882.05,42.98941,-1.34863
10,2839,10,881.85,42.98943,-1.34875
10,2840,10,881.63,42.98946,-1.34887
10,2841,10,881.42,42.98948,-1.34899
10,2842,10,881.24,42.98951,-1.3491
10,2843,10,881.09,42.98953,-1.34922
10,2844,10,880.96,42.98955,-1.34934
10,2845,10,880.85,42.98958,-1.34946
10,2846,10,880.74,42.9896,-1.34958
10,2847,10,880.68,42.98963,-1.34969
10,2848,10,880.61,42.98966,-1.34981
10,2849,10,880.53,42.98968,-1.34993
10,2850,10,880.69,42.9897,-1.35005
10,2851,10,880.88,42.98973,-1.35017
10,2852,10,881.03,42.98975,-1.35028
10,2853,10,881.2,42.98978,-1.3504
10,2854,10,881.36,42.98981,-1.35052
10,2855,10,881.48,42.98983,-1.35063
10,2856,10,881.69,42.98986,-1.35075
10,2857,10,881.9,42.98988,-1.35087
10,2858,10,882.12,42.98991,-1.35099
10,2859,10,882.32,42.98993,-1.35111
10,2860,10,882.52,42.98996,-1.35122
10,2861,10,882.72,42.98998,-1.35134
10,2862,10,882.86,42.98999,-1.35146
10,2863,10,882.97,42.98998,-1.35159
10,2864,10,883.07,42.98997,-1.35171
10,2865,10,883.14,42.98995,-1.35183
10,2866,10,883.22,42.98994,-1.35195
10,2867,10,883.28,42.98992,-1.35207
10,2868,10,883.35,42.98991,-1.35219
10,2869,10,883.42,42.9899,-1.35231
10,2870,10,883.44,42.98988,-1.35243
10,2871,10,883.51,42.98987,-1.35256
10,2872,10,883.51,42.98985,-1.35268
10,2873,10,883.63,42.98984,-1.3528
10,2874,10,883.77,42.98983,-1.35292
10,2875,10,883.85,42.98981,-1.35304
10,2876,10,883.98,42.9898,-1.35316
10,2877,10,884.07,42.98978,-1.35328
10,2878,10,884.18,42.98977,-1.3534
10,2879,10,884.14,42.98975,-1.35352
10,2880,10,884.19,42.98975,-1.35364
10,2881,10,884.18,42.98973,-1.35376
10,2882,10,884.2,42.98971,-1.35388
10,2883,10,884.25,42.9897,-1.354
10,2884,10,884.27,42.98969,-1.35412
10,2885,10,884.24,42.98967,-1.35425
10,2886,10,884.23,42.98966,-1.35437
10,2887,10,884.22,42.98965,-1.35449
10,2888,10,884.19,42.98963,-1.35461
10,2889,10,884.19,42.98963,-1.35473
10,2890,10,884.19,42.98963,-1.35485
10,2891,10,884.16,42.98961,-1.35497
10,2892,10,884.14,42.9896,-1.35509
10,2893,10,884.14,42.9896,-1.35521
10,2894,10,884.08,42.98956,-1.35532
10,2895,10,884.01,42.98951,-1.35542
10,2896,10,884.44,42.98944,-1.3555
10,2897,10,884.92,42.98937,-1.35557
10,2898,10,885.31,42.98931,-1.35565
10,2899,10,885.46,42.98928,-1.35577
10,2900,10,885.34,42.98929,-1.35589
10,2901,10,885.16,42.98931,-1.35601
10,2902,10,885.13,42.98931,-1.35613
10,2903,10,885.49,42.98929,-1.35625
10,2904,10,885.82,42.98927,-1.35637
10,2905,10,886.01,42.98928,-1.35649
10,2906,10,886.17,42.9893,-1.35661
10,2907,10,886.39,42.98931,-1.35673
10,2908,10,886.67,42.98933,-1.35685
10,2909,10,887.11,42.98936,-1.35697
10,2910,10,887.5,42.98939,-1.35708
10,2911,10,887.97,42.98941,-1.3572
10,2912,10,888.4,42.98944,-1.35732
10,2913,10,888.8,42.98947,-1.35743
10,2914,10,889.23,42.9895,-1.35755
10,2915,10,889.71,42.98953,-1.35766
10,2916,10,890.23,42.98954,-1.35778
10,2917,10,890.8,42.98955,-1.35791
10,2918,10,891.32,42.98955,-1.35803
10,2919,10,891.85,42.98956,-1.35815
10,2920,10,892.11,42.98956,-1.35827
10,2921,10,892.28,42.98957,-1.3584
10,2922,10,892.44,42.98957,-1.35852
10,2923,10,892.59,42.98958,-1.35864
10,2924,10,892.73,42.98959,-1.35876
10,2925,10,892.88,42.98959,-1.35889
10,2926,10,892.9,42.98959,-1.35901
10,2927,10,892.94,42.98957,-1.35913
10,2928,10,892.96,42.98957,-1.35925
10,2929,10,892.98,42.98956,-1.35937
10,2930,10,893.0,42.98953,-1.35949
10,2931,10,893.0,42.98952,-1.3596
10,2932,10,893.03,42.98948,-1.35971
10,2933,10,893.12,42.98942,-1.35981
10,2934,10,893.21,42.98936,-1.3599
10,2935,10,893.29,42.9893,-1.35999
10,2936,10,893.4,42.98923,-1.36006
10,2937,10,893.5,42.98916,-1.36014
10,2938,10,893.54,42.98913,-1.36024
10,2939,10,893.91,42.98913,-1.36037
10,2940,10,894.26,42.98913,-1.36049
10,2941,10,894.62,42.98912,-1.36061
10,2942,10,894.97,42.98908,-1.36071
10,2943,10,895.0,42.989,-1.36068
10,2944,10,895.22,42.98891,-1.36071
10,2945,10,895.45,42.98883,-1.36075
10,2946,10,895.96,42.98875,-1.36073
10,2947,10,896.78,42.98867,-1.36078
10,2948,10,897.71,42.98858,-1.36083
10,2949,10,898.54,42.9885,-1.36087
10,2950,10,899.15,42.98842,-1.36085
10,2951,10,900.11,42.98834,-1.36092
10,2952,10,901.26,42.98826,-1.36099
10,2953,10,902.31,42.98819,-1.36105
10,2954,10,903.7,42.98811,-1.36112
10,2955,10,905.35,42.98804,-1.36118
10,2956,10,907.11,42.98796,-1.36124
10,2957,10,908.86,42.98787,-1.36128
10,2958,10,910.46,42.98779,-1.36133
10,2959,10,912.11,42.9877,-1.36137
10,2960,10,913.61,42.98762,-1.36142
10,2961,10,915.01,42.98754,-1.36146
10,2962,10,916.44,42.98746,-1.36152
10,2963,10,917.96,42.98738,-1.36157
10,2964,10,919.5,42.9873,-1.36162
10,2965,10,921.43,42.98721,-1.36167
10,2966,10,923.09,42.98713,-1.36172
10,2967,10,924.64,42.98705,-1.36177
10,2968,10,926.2,42.98696,-1.36181
10,2969,10,927.53,42.98688,-1.36185
10,2970,10,928.89,42.98679,-1.36188
10,2971,10,929.8,42.9867,-1.36189
10,2972,10,930.39,42.98662,-1.36193
10,2973,10,930.81,42.98655,-1.36201
10,2974,10,931.05,42.98649,-1.3621
10,2975,10,931.12,42.98644,-1.3622
10,2976,10,931.04,42.9864,-1.36231
10,2977,10,931.25,42.98637,-1.36242
10,2978,10,931.41,42.98633,-1.36253
10,2979,10,931.51,42.98632,-1.36266
10,2980,10,931.58,42.98631,-1.36278
10,2981,10,931.56,42.98627,-1.36288
10,2982,10,931.42,42.98621,-1.36296
10,2983,10,931.14,42.98613,-1.36302
10,2984,10,930.71,42.98605,-1.36307
10,2985,10,929.87,42.98597,-1.36312
10,2986,10,928.97,42.98589,-1.36317
10,2987,10,927.93,42.9858,-1.36322
10,2988,10,926.93,42.98572,-1.36327
10,2989,10,925.88,42.98564,-1.36332
10,2990,10,924.67,42.98555,-1.36337
10,2991,10,923.56,42.98547,-1.36341
10,2992,10,922.36,42.98539,-1.36346
10,2993,10,921.19,42.98531,-1.36351
10,2994,10,919.99,42.98523,-1.36356
10,2995,10,918.69,42.98515,-1.36362
10,2996,10,917.32,42.98507,-1.36369
10,2997,10,916.16,42.98499,-1.36375
10,2998,10,914.98,42.98491,-1.36381
10,2999,10,913.78,42.98483,-1.36387
10,3000,10,912.69,42.98476,-1.36393
10,3001,10,911.54,42.98468,-1.36399
10,3002,10,910.73,42.9846,-1.36405
10,3003,10,909.86,42.98452,-1.36411
10,3004,10,908.93,42.98444,-1.36417
10,3005,10,907.96,42.98437,-1.36424
10,3006,10,906.84,42.98429,-1.36431
10,3007,10,905.76,42.98423,-1.36439
10,3008,10,904.59,42.98416,-1.36447
10,3009,10,903.39,42.98409,-1.36455
10,3010,10,902.17,42.98402,-1.36463
10,3011,10,901.27,42.98395,-1.36471
10,3012,10,900.37,42.98388,-1.36479
10,3013,10,899.48,42.98381,-1.36486
10,3014,10,898.43,42.98374,-1.36494
10,3015,10,897.42,42.98367,-1.36501
10,3016,10,896.49,42.9836,-1.36508
10,3017,10,895.67,42.98353,-1.36516
10,3018,10,894.81,42.98346,-1.36524
10,3019,10,893.89,42.98338,-1.36531
10,3020,10,893.07,42.98331,-1.36539
10,3021,10,892.79,42.98325,-1.36547
10,3022,10,892.47,42.98318,-1.36555
10,3023,10,892.08,42.98311,-1.36563
10,3024,10,891.7,42.98304,-1.3657
10,3025,10,891.45,42.98297,-1.36578
10,3026,10,891.29,42.98291,-1.36587
10,3027,10,891.05,42.98284,-1.36594
10,3028,10,890.64,42.98277,-1.36602
10,3029,10,890.09,42.9827,-1.3661
10,3030,10,889.42,42.98263,-1.36618
10,3031,10,888.87,42.98256,-1.36626
10,3032,10,888.2,42.98249,-1.36634
10,3033,10,887.49,42.98242,-1.36641
10,3034,10,886.91,42.98235,-1.36649
10,3035,10,886.31,42.98228,-1.36657
10,3036,10,885.67,42.98221,-1.36664
10,3037,10,884.94,42.98214,-1.36671
10,3038,10,884.01,42.98206,-1.36679
10,3039,10,883.17,42.98199,-1.36685
10,3040,10,882.27,42.98191,-1.36691
10,3041,10,881.41,42.98183,-1.36697
10,3042,10,880.58,42.98175,-1.36702
10,3043,10,879.64,42.98167,-1.36708
10,3044,10,878.85,42.98159,-1.36713
10,3045,10,878.19,42.9815,-1.36717
10,3046,10,877.55,42.98142,-1.36721
10,3047,10,876.83,42.98133,-1.36725
10,3048,10,876.08,42.98125,-1.36731
10,3049,10,875.47,42.98118,-1.36739
10,3050,10,874.92,42.98111,-1.36746
10,3051,10,874.36,42.98104,-1.36754
10,3052,10,873.81,42.98098,-1.36763
10,3053,10,873.29,42.98092,-1.36772
10,3054,10,872.9,42.98087,-1.36782
10,3055,10,872.95,42.98082,-1.36792
10,3056,10,872.98,42.98077,-1.36802
10,3057,10,873.04,42.98073,-1.36813
10,3058,10,872.99,42.98067,-1.36823
10,3059,10,872.95,42.98062,-1.36833
10,3060,10,872.89,42.98057,-1.36843
10,3061,10,872.69,42.98052,-1.36853
10,3062,10,872.45,42.98047,-1.36864
10,3063,10,872.26,42.98042,-1.36874
10,3064,10,872.11,42.98037,-1.36884
10,3065,10,872.01,42.98032,-1.36894
10,3066,10,871.94,42.98027,-1.36904
10,3067,10,871.79,42.9802,-1.3691
10,3068,10,871.58,42.98011,-1.36914
10,3069,10,871.4,42.98003,-1.36918
10,3070,10,871.1,42.97994,-1.3692
10,3071,10,871.03,42.97985,-1.36922
10,3072,10,871.24,42.97976,-1.36924
10,3073,10,871.4,42.97967,-1.36927
10,3074,10,871.49,42.97959,-1.36931
10,3075,10,871.44,42.97952,-1.36938
10,3076,10,871.37,42.97944,-1.36945
10,3077,10,871.36,42.97936,-1.36949
10,3078,10,871.34,42.97927,-1.36953
10,3079,10,871.27,42.97919,-1.36957
10,3080,10,870.99,42.97915,-1.36965
10,3081,10,870.46,42.97917,-1.36977
10,3082,10,870.08,42.97919,-1.36989
10,3083,10,870.22,42.97922,-1.37001
10,3084,10,870.4,42.97924,-1.37013
10,3085,10,870.56,42.97927,-1.37024
10,3086,10,870.73,42.97929,-1.37036
10,3087,10,870.91,42.97932,-1.37048
10,3088,10,871.1,42.97934,-1.3706
10,3089,10,871.3,42.97938,-1.37071
10,3090,10,871.52,42.97941,-1.37082
10,3091,10,871.78,42.97944,-1.37094
10,3092,10,872.02,42.97947,-1.37105
11,3093,10,873.0,42.97964,-1.37162
11,3094,10,873.19,42.97967,-1.37174
11,3095,10,873.36,42.97969,-1.37186
11,3096,10,873.58,42.97972,-1.37197
11,3097,10,873.83,42.97975,-1.37208
11,3098,10,874.12,42.97979,-1.3722
11,3099,10,874.37,42.97982,-1.37231
11,3100,10,874.63,42.97985,-1.37243
11,3101,10,874.85,42.97987,-1.37254
11,3102,10,874.68,42.97979,-1.37258
11,3103,10,874.51,42.97972,-1.37266
11,3104,10,874.3,42.97965,-1.37273
11,3105,10,874.1,42.97958,-1.37281
11,3106,10,873.9,42.97951,-1.37289
11,3107,10,873.69,42.97944,-1.37296
11,3108,10,873.49,42.97937,-1.37303
11,3109,10,873.26,42.97929,-1.3731
11,3110,10,873.05,42.97922,-1.37317
11,3111,10,872.85,42.97915,-1.37324
11,3112,10,872.61,42.97907,-1.37331
11,3113,10,872.47,42.979,-1.37338
11,3114,10,872.41,42.97892,-1.37344
11,3115,10,872.44,42.97884,-1.3735
11,3116,10,872.61,42.97877,-1.37357
11,3117,10,872.9,42.97869,-1.37364
11,3118,10,873.28,42.97862,-1.37371
11,3119,10,873.83,42.97855,-1.37379
11,3120,10,874.74,42.97848,-1.37387
11,3121,10,875.92,42.97841,-1.37395
11,3122,10,877.24,42.97835,-1.37403
11,3123,10,878.75,42.97829,-1.37412
11,3124,10,880.29,42.97823,-1.37422
11,3125,10,881.66,42.97817,-1.37431
11,3126,10,882.98,42.97812,-1.37441
11,3127,10,884.3,42.97806,-1.37451
11,3128,10,885.4,42.97801,-1.3746
11,3129,10,886.55,42.97797,-1.37471
11,3130,10,887.72,42.97793,-1.37483
11,3131,10,888.76,42.97789,-1.37494
11,3132,10,889.7,42.97786,-1.37505
11,3133,10,890.7,42.97782,-1.37516
11,3134,10,891.86,42.97778,-1.37527
11,3135,10,892.97,42.97774,-1.37538
11,3136,10,893.99,42.9777,-1.37549
11,3137,10,894.93,42.97766,-1.3756
11,3138,10,895.81,42.97761,-1.3757
11,3139,10,896.6,42.97757,-1.37581
11,3140,10,897.35,42.97752,-1.37592
11,3141,10,897.94,42.97748,-1.37602
11,3142,10,898.73,42.97743,-1.37613
11,3143,10,899.48,42.97739,-1.37624
11,3144,10,900.13,42.97734,-1.37634
11,3145,10,900.76,42.9773,-1.37645
11,3146,10,901.28,42.97725,-1.37655
11,3147,10,901.79,42.97721,-1.37666
11,3148,10,902.24,42.97716,-1.37676
11,3149,10,903.2,42.97711,-1.37687
11,3150,10,904.26,42.97706,-1.37697
11,3151,10,905.22,42.97702,-1.37708
11,3152,10,906.16,42.97697,-1.37718
11,3153,10,907.04,42.97692,-1.37728
11,3154,10,907.82,42.97688,-1.37739
11,3155,10,908.76,42.97683,-1.3775
11,3156,10,909.51,42.97679,-1.3776
11,3157,10,910.27,42.97674,-1.37771
11,3158,10,910.88,42.9767,-1.37782
11,3159,10,911.38,42.97665,-1.37792
11,3160,10,911.8,42.9766,-1.37803
11,3161,10,912.13,42.97656,-1.37813
11,3162,10,912.5,42.97651,-1.37824
11,3163,10,912.74,42.97647,-1.37834
11,3164,10,913.32,42.97643,-1.37845
11,3165,10,914.11,42.97638,-1.37856
11,3166,10,914.75,42.97633,-1.37866
11,3167,10,915.26,42.97628,-1.37876
11,3168,10,916.13,42.97621,-1.37884
11,3169,10,917.03,42.97614,-1.37892
11,3170,10,917.77,42.97607,-1.37899
11,3171,10,918.39,42.97604,-1.3791
11,3172,10,918.99,42.97601,-1.37922
11,3173,10,919.5,42.97599,-1.37934
11,3174,10,919.96,42.97596,-1.37946
11,3175,10,921.08,42.97593,-1.37957
11,3176,10,922.36,42.9759,-1.37969
11,3177,10,923.62,42.97588,-1.37981
11,3178,10,924.73,42.97585,-1.37992
11,3179,10,925.93,42.97582,-1.38004
11,3180,10,927.13,42.9758,-1.38016
11,3181,10,928.8,42.97577,-1.38027
11,3182,10,931.05,42.97574,-1.38039
11,3183,10,933.29,42.97571,-1.38051
11,3184,10,935.36,42.97568,-1.38062
11,3185,10,937.57,42.97565,-1.38074
11,3186,10,939.53,42.97563,-1.38086
11,3187,10,940.59,42.9756,-1.38097
11,3188,10,941.62,42.97558,-1.38109
11,3189,10,942.73,42.97555,-1.38121
11,3190,10,943.64,42.97554,-1.38133
11,3191,10,944.63,42.97552,-1.38145
11,3192,10,945.0,42.97552,-1.38157
11,3193,10,944.24,42.97556,-1.38167
11,3194,10,943.42,42.97565,-1.3817
11,3195,10,942.64,42.97574,-1.38173
11,3196,10,942.44,42.97583,-1.38174
11,3197,10,942.45,42.97591,-1.38177
11,3198,10,942.5,42.976,-1.38179
11,3199,10,942.55,42.97609,-1.38182
11,3200,10,942.6,42.97617,-1.38186
11,3201,10,942.7,42.97626,-1.38189
11,3202,10,942.83,42.97635,-1.38192
11,3203,10,942.95,42.97643,-1.38197
11,3204,10,943.11,42.97648,-1.38205
11,3205,10,943.5,42.97657,-1.38208
11,3206,10,943.85,42.97665,-1.38213
11,3207,10,944.2,42.97673,-1.38219
11,3208,10,944.43,42.97681,-1.38224
11,3209,10,944.43,42.97688,-1.38231
11,3210,10,944.54,42.97696,-1.38238
11,3211,10,944.57,42.97702,-1.38246
11,3212,10,944.79,42.9771,-1.38254
11,3213,10,944.82,42.97716,-1.38261
11,3214,10,944.48,42.97723,-1.3827
11,3215,10,944.23,42.97729,-1.38279
11,3216,10,944.05,42.97736,-1.38287
11,3217,10,943.93,42.97742,-1.38295
11,3218,10,943.89,42.97748,-1.38304
11,3219,10,943.99,42.97755,-1.38313
11,3220,10,944.18,42.97761,-1.38321
11,3221,10,944.54,42.97769,-1.38328
11,3222,10,945.0,42.97777,-1.38334
11,3223,10,945.42,42.97784,-1.38341
11,3224,10,945.32,42.97791,-1.38349
11,3225,10,945.15,42.97799,-1.38355
11,3226,10,944.85,42.97807,-1.38361
11,3227,10,944.24,42.97814,-1.38368
11,3228,10,943.63,42.97822,-1.38375
11,3229,10,943.14,42.97829,-1.38381
11,3230,10,942.61,42.97837,-1.38388
11,3231,10,942.14,42.97844,-1.38396
11,3232,10,941.73,42.9785,-1.38404
11,3233,10,941.18,42.97857,-1.38412
11,3234,10,940.64,42.97864,-1.3842
11,3235,10,940.14,42.97871,-1.38428
11,3236,10,939.4,42.97877,-1.38437
11,3237,10,938.68,42.97883,-1.38446
11,3238,10,937.99,42.97889,-1.38455
11,3239,10,937.32,42.97895,-1.38464
11,3240,10,936.68,42.97901,-1.38473
11,3241,10,936.01,42.97907,-1.38483
11,3242,10,935.41,42.97913,-1.38492
11,3243,10,934.9,42.97919,-1.38501
11,3244,10,933.92,42.97925,-1.3851
11,3245,10,932.91,42.97931,-1.3852
11,3246,10,932.06,42.97937,-1.38529
11,3247,10,931.35,42.97943,-1.38538
11,3248,10,930.87,42.97948,-1.38547
11,3249,10,930.43,42.97954,-1.38557
11,3250,10,930.1,42.9796,-1.38566
11,3251,10,929.72,42.97966,-1.38576
11,3252,10,929.52,42.97971,-1.38586
11,3253,10,929.6,42.97972,-1.38598
11,3254,10,929.68,42.97974,-1.3861
11,3255,10,929.82,42.97976,-1.38622
11,3256,10,929.99,42.97978,-1.38634
11,3257,10,929.63,42.97981,-1.38645
11,3258,10,929.31,42.97985,-1.38656
11,3259,10,928.99,42.97988,-1.38668
11,3260,10,928.62,42.97992,-1.38679
11,3261,10,928.37,42.97998,-1.38687
11,3262,10,928.26,42.98004,-1.38697
11,3263,10,928.26,42.9801,-1.38705
11,3264,10,928.32,42.98017,-1.38714
11,3265,10,928.53,42.98024,-1.38721
11,3266,10,928.69,42.98027,-1.38731
11,3267,10,928.75,42.98027,-1.38744
11,3268,10,928.81,42.98027,-1.38756
11,3269,10,928.67,42.98025,-1.38768
11,3270,10,928.21,42.98023,-1.3878
11,3271,10,927.42,42.98019,-1.3879
11,3272,10,926.38,42.98014,-1.388
11,3273,10,925.06,42.98008,-1.3881
11,3274,10,923.65,42.98002,-1.38819
11,3275,10,922.09,42.97996,-1.38828
11,3276,10,920.4,42.9799,-1.38837
11,3277,10,919.04,42.97984,-1.38846
11,3278,10,917.78,42.97978,-1.38855
11,3279,10,916.51,42.97972,-1.38864
11,3280,10,915.27,42.97967,-1.38874
11,3281,10,914.06,42.97963,-1.38885
11,3282,10,912.75,42.97958,-1.38896
11,3283,10,911.62,42.97954,-1.38906
11,3284,10,910.34,42.9795,-1.38917
11,3285,10,909.02,42.97946,-1.38928
11,3286,10,907.58,42.97941,-1.38939
11,3287,10,906.22,42.97937,-1.3895
11,3288,10,904.85,42.97933,-1.38961
11,3289,10,903.45,42.97929,-1.38972
11,3290,10,902.24,42.97925,-1.38983
11,3291,10,901.25,42.97922,-1.38994
11,3292,10,900.13,42.97919,-1.39006
11,3293,10,899.01,42.97916,-1.39017
11,3294,10,897.59,42.97911,-1.39027
11,3295,10,895.93,42.97905,-1.39037
11,3296,10,894.4,42.979,-1.39047
11,3297,10,892.96,42.97895,-1.39057
11,3298,10,891.42,42.9789,-1.39067
11,3299,10,889.76,42.97885,-1.39077
11,3300,10,888.01,42.9788,-1.39087
11,3301,10,886.14,42.97875,-1.39097
11,3302,10,884.17,42.9787,-1.39107
11,3303,10,882.4,42.97866,-1.39119
11,3304,10,881.19,42.97863,-1.3913
11,3305,10,879.58,42.97859,-1.39141
11,3306,10,878.1,42.97856,-1.39153
11,3307,10,876.57,42.97853,-1.39164
11,3308,10,874.81,42.97849,-1.39175
11,3309,10,873.91,42.97846,-1.39187
11,3310,10,873.43,42.97841,-1.39197
11,3311,10,873.19,42.97837,-1.39208
11,3312,10,872.49,42.97832,-1.39219
11,3313,10,871.9,42.97828,-1.39229
11,3314,10,870.84,42.97823,-1.39239
11,3315,10,869.69,42.97818,-1.3925
11,3316,10,869.32,42.97814,-1.3926
11,3317,10,868.72,42.97809,-1.39271
11,3318,10,868.4,42.97805,-1.39282
11,3319,10,867.48,42.978,-1.39292
11,3320,10,866.96,42.97796,-1.39303
11,3321,10,867.32,42.97794,-1.39315
11,3322,10,867.3,42.97792,-1.39327
11,3323,10,866.06,42.97788,-1.39338
11,3324,10,866.16,42.97787,-1.3935
11,3325,10,865.33,42.97784,-1.39362
11,3326,10,865.39,42.97783,-1.39374
11,3327,10,865.29,42.97781,-1.39386
11,3328,10,864.97,42.9778,-1.39398
11,3329,10,864.15,42.97778,-1.3941
11,3330,10,863.63,42.97777,-1.39422
11,3331,10,863.1,42.97776,-1.39434
11,3332,10,862.89,42.97776,-1.39446
11,3333,10,862.63,42.97776,-1.39459
11,3334,10,862.09,42.97776,-1.39471
11,3335,10,861.55,42.97776,-1.39483
11,3336,10,861.35,42.97777,-1.39495
11,3337,10,860.76,42.97777,-1.39508
11,3338,10,860.22,42.97777,-1.3952
11,3339,10,859.42,42.97776,-1.39532
11,3340,10,857.99,42.97773,-1.39544
11,3341,10,857.62,42.97773,-1.39556
11,3342,10,857.24,42.97773,-1.39568
11,3343,10,855.78,42.9777,-1.3958
11,3344,10,854.34,42.97767,-1.39591
11,3345,10,853.02,42.97764,-1.39603
11,3346,10,851.48,42.9776,-1.39614
11,3347,10,850.35,42.97757,-1.39626
11,3348,10,848.3,42.97751,-1.39635
11,3349,10,847.0,42.97747,-1.39645
11,3350,10,845.76,42.97743,-1.39656
11,3351,10,844.04,42.97738,-1.39667
11,3352,10,841.93,42.97733,-1.39677
11,3353,10,840.2,42.97729,-1.39688
11,3354,10,839.06,42.97727,-1.397
11,3355,10,838.0,42.97725,-1.39712
11,3356,10,837.43,42.97725,-1.39724
11,3357,10,836.63,42.97725,-1.39736
11,3358,10,836.19,42.97729,-1.39746
11,3359,10,836.0,42.97735,-1.39756
11,3360,10,835.81,42.97741,-1.39765
11,3361,10,835.65,42.97747,-1.39773
11,3362,10,834.55,42.9775,-1.39784
11,3363,10,832.75,42.97749,-1.39796
11,3364,10,831.67,42.97748,-1.39807
11,3365,10,831.37,42.9775,-1.39819
11,3366,10,831.09,42.97752,-1.3983
11,3367,10,831.14,42.97757,-1.3984
11,3368,10,830.18,42.97751,-1.39848
11,3369,10,829.37,42.97743,-1.39849
11,3370,10,828.5,42.97734,-1.39849
11,3371,10,827.71,42.97725,-1.39847
11,3372,10,826.98,42.97716,-1.39842
11,3373,10,826.16,42.97708,-1.3984
11,3374,10,825.17,42.97699,-1.39839
11,3375,10,824.13,42.9769,-1.39841
11,3376,10,823.22,42.97682,-1.39847
11,3377,10,822.51,42.97675,-1.39854
11,3378,10,822.28,42.97672,-1.39865
11,3379,10,821.51,42.97663,-1.39869
11,3380,10,820.73,42.97655,-1.39865
11,3381,10,819.97,42.97647,-1.39864
11,3382,10,819.65,42.9764,-1.39871
11,3383,10,820.01,42.97633,-1.3988
11,3384,10,820.39,42.97627,-1.39888
11,3385,10,821.03,42.97621,-1.39898
11,3386,10,821.69,42.97616,-1.39907
11,3387,10,822.43,42.9761,-1.39917
11,3388,10,823.16,42.97605,-1.39926
11,3389,10,823.82,42.97598,-1.39935
11,3390,10,824.38,42.97591,-1.39943
11,3391,10,824.97,42.97585,-1.39951
11,3392,10,825.47,42.97578,-1.39959
11,3393,10,825.43,42.97571,-1.39967
11,3394,10,825.3,42.97564,-1.39975
11,3395,10,825.08,42.97557,-1.39982
11,3396,10,825.0,42.9755,-1.3999
11,3397,10,825.22,42.97544,-1.39999
11,3398,10,825.19,42.97537,-1.40007
11,3399,10,825.09,42.9753,-1.40014
11,3400,10,825.33,42.97523,-1.40023
11,3401,10,826.04,42.97518,-1.40033
11,3402,10,826.56,42.97512,-1.40042
11,3403,10,826.88,42.97506,-1.4005
11,3404,10,827.09,42.97499,-1.40059
11,3405,10,827.4,42.97493,-1.40067
11,3406,10,827.34,42.97485,-1.40074
11,3407,10,827.24,42.97478,-1.40082
11,3408,10,827.18,42.97472,-1.4009
11,3409,10,826.98,42.97465,-1.40098
11,3410,10,826.53,42.97457,-1.40105
11,3411,10,826.22,42.9745,-1.40112
11,3412,10,825.67,42.97442,-1.40118
11,3413,10,825.39,42.97435,-1.40125
11,3414,10,825.03,42.97427,-1.40132
11,3415,10,824.95,42.9742,-1.4014
11,3416,10,824.61,42.97414,-1.40148
11,3417,10,823.75,42.97408,-1.40158
11,3418,10,823.05,42.97403,-1.40167
11,3419,10,822.24,42.97397,-1.40177
11,3420,10,821.69,42.97393,-1.40188
11,3421,10,821.28,42.9739,-1.40199
11,3422,10,820.65,42.97385,-1.40209
11,3423,10,819.83,42.97382,-1.40221
11,3424,10,818.72,42.97378,-1.40232
11,3425,10,817.61,42.97374,-1.40243
11,3426,10,816.3,42.97368,-1.40252
11,3427,10,814.91,42.97362,-1.40261
11,3428,10,813.42,42.97355,-1.40269
11,3429,10,812.02,42.97349,-1.40278
11,3430,10,810.47,42.97342,-1.40287
11,3431,10,809.14,42.97336,-1.40295
11,3432,10,807.67,42.97329,-1.40304
11,3433,10,806.43,42.97323,-1.40312
11,3434,10,805.18,42.97317,-1.40321
11,3435,10,803.91,42.9731,-1.40329
11,3436,10,802.78,42.97305,-1.4034
11,3437,10,801.69,42.973,-1.4035
11,3438,10,800.35,42.97295,-1.40359
11,3439,10,798.87,42.97289,-1.40369
11,3440,10,797.52,42.97283,-1.40378
11,3441,10,796.19,42.97277,-1.40388
11,3442,10,794.97,42.9727,-1.40395
11,3443,10,793.75,42.97262,-1.40401
11,3444,10,792.63,42.97254,-1.40406
11,3445,10,791.56,42.97245,-1.40408
11,3446,10,790.6,42.97237,-1.40411
11,3447,10,789.37,42.97228,-1.40412
11,3448,10,788.06,42.97219,-1.40411
11,3449,10,786.74,42.9721,-1.4041
11,3450,10,785.41,42.97201,-1.40409
11,3451,10,784.16,42.97193,-1.40413
11,3452,10,782.87,42.97187,-1.40422
11,3453,10,781.2,42.97185,-1.40434
11,3454,10,779.57,42.97183,-1.40446
11,3455,10,777.97,42.97181,-1.40458
11,3456,10,776.4,42.97179,-1.4047
11,3457,10,774.85,42.97177,-1.40482
11,3458,10,773.16,42.97175,-1.40494
11,3459,10,771.51,42.97172,-1.40504
11,3460,10,770.02,42.97163,-1.40509
11,3461,10,768.98,42.97155,-1.40511
11,3462,10,767.88,42.97146,-1.40513
11,3463,10,767.03,42.97137,-1.40513
11,3464,10,765.76,42.97129,-1.40518
11,3465,10,764.37,42.97122,-1.40526
11,3466,10,763.07,42.97115,-1.40534
11,3467,10,761.86,42.97109,-1.40543
11,3468,10,760.73,42.97103,-1.40552
11,3469,10,759.7,42.97097,-1.40561
11,3470,10,758.76,42.97091,-1.4057
11,3471,10,757.91,42.97085,-1.40579
11,3472,10,757.15,42.97079,-1.40588
11,3473,10,756.53,42.97077,-1.40598
11,3474,10,756.03,42.97082,-1.40608
11,3475,10,755.38,42.97086,-1.40619
11,3476,10,755.13,42.97088,-1.4063
11,3477,10,755.45,42.97088,-1.40643
11,3478,10,755.71,42.97089,-1.40655
11,3479,10,755.89,42.97091,-1.40667
11,3480,10,756.22,42.9709,-1.40679
11,3481,10,756.38,42.97091,-1.4069
11,3482,10,756.96,42.97094,-1.40702
11,3483,10,757.57,42.97099,-1.40712
11,3484,10,758.06,42.97106,-1.40719
11,3485,10,758.46,42.97114,-1.40726
11,3486,10,759.04,42.97118,-1.40735
11,3487,10,759.82,42.97121,-1.40747
11,3488,10,760.44,42.97125,-1.40758
11,3489,10,761.24,42.97129,-1.40769
11,3490,10,762.42,42.9713,-1.40781
11,3491,10,763.64,42.9713,-1.40793
11,3492,10,764.87,42.97126,-1.40804
11,3493,10,766.03,42.97123,-1.40815
11,3494,10,767.18,42.97119,-1.40826
11,3495,10,767.87,42.97115,-1.40837
11,3496,10,768.1,42.97111,-1.40848
11,3497,10,768.26,42.97108,-1.4086
11,3498,10,768.32,42.97105,-1.40871
11,3499,10,768.3,42.97102,-1.40883
11,3500,10,768.25,42.971,-1.40894
11,3501,10,768.51,42.97098,-1.40906
11,3502,10,769.09,42.97096,-1.40918
11,3503,10,769.96,42.97094,-1.4093
11,3504,10,770.76,42.97092,-1.40942
11,3505,10,771.48,42.9709,-1.40954
11,3506,10,772.13,42.97088,-1.40966
11,3507,10,772.75,42.97084,-1.40977
11,3508,10,773.31,42.97081,-1.40989
11,3509,10,773.72,42.97076,-1.40999
11,3510,10,774.02,42.97071,-1.41009
11,3511,10,774.23,42.97066,-1.4102
11,3512,10,774.31,42.97061,-1.4103
11,3513,10,774.56,42.97058,-1.41041
11,3514,10,774.93,42.97053,-1.41052
11,3515,10,775.31,42.97049,-1.41063
11,3516,10,775.6,42.97045,-1.41073
11,3517,10,775.84,42.9704,-1.41084
11,3518,10,776.11,42.97036,-1.41095
11,3519,10,776.42,42.97033,-1.41106
11,3520,10,777.07,42.9703,-1.41118
11,3521,10,777.8,42.97028,-1.4113
11,3522,10,778.7,42.97026,-1.41142
11,3523,10,779.64,42.97024,-1.41154
11,3524,10,780.57,42.97022,-1.41166
11,3525,10,781.42,42.9702,-1.41178
11,3526,10,782.08,42.9702,-1.4119
11,3527,10,782.74,42.9702,-1.41202
11,3528,10,783.39,42.97021,-1.41214
11,3529,10,784.11,42.97021,-1.41227
11,3530,10,784.78,42.97021,-1.41239
11,3531,10,784.97,42.9702,-1.41251
11,3532,10,784.94,42.9702,-1.41263
11,3533,10,784.89,42.9702,-1.41276
11,3534,10,784.8,42.97017,-1.41287
11,3535,10,784.68,42.97014,-1.41298
11,3536,10,784.51,42.9701,-1.41309
11,3537,10,784.41,42.97007,-1.41321
11,3538,10,784.3,42.97004,-1.41332
11,3539,10,784.2,42.97002,-1.41344
11,3540,10,784.18,42.97002,-1.41357
11,3541,10,784.22,42.97003,-1.41369
11,3542,10,784.14,42.97002,-1.41381
11,3543,10,783.87,42.96998,-1.41392
11,3544,10,783.48,42.96993,-1.41402
11,3545,10,783.13,42.96989,-1.41413
11,3546,10,782.66,42.96984,-1.41423
11,3547,10,782.05,42.96978,-1.41433
11,3548,10,781.77,42.96976,-1.41445
11,3549,10,781.34,42.96973,-1.41457
11,3550,10,781.0,42.96971,-1.41468
11,3551,10,780.53,42.96968,-1.4148
11,3552,10,780.06,42.96965,-1.41491
11,3553,10,779.68,42.96963,-1.41503
11,3554,10,778.91,42.96957,-1.41512
11,3555,10,778.4,42.96951,-1.41521
11,3556,10,778.64,42.9695,-1.41533
11,3557,10,778.54,42.96946,-1.41543
11,3558,10,778.45,42.96942,-1.41554
11,3559,10,778.24,42.96937,-1.41565
11,3560,10,778.11,42.96933,-1.41576
11,3561,10,777.99,42.96929,-1.41587
11,3562,10,778.16,42.96925,-1.41597
11,3563,10,778.58,42.96922,-1.41609
11,3564,10,779.12,42.9692,-1.41621
11,3565,10,779.6,42.96917,-1.41633
11,3566,10,780.04,42.96914,-1.41644
11,3567,10,780.64,42.96912,-1.41656
11,3568,10,780.83,42.96907,-1.41667
11,3569,10,780.88,42.96902,-1.41676
11,3570,10,780.67,42.96895,-1.41684
11,3571,10,780.46,42.96887,-1.4169
11,3572,10,780.38,42.96878,-1.41693
11,3573,10,780.32,42.9687,-1.41696
11,3574,10,780.15,42.96861,-1.41697
11,3575,10,779.94,42.96852,-1.41697
11,3576,10,779.76,42.96843,-1.41698
11,3577,10,779.64,42.96834,-1.41701
11,3578,10,779.6,42.96826,-1.41706
11,3579,10,779.84,42.96818,-1.41711
11,3580,10,780.48,42.96811,-1.41719
11,3581,10,781.0,42.96804,-1.41727
11,3582,10,781.26,42.96798,-1.41735
11,3583,10,781.52,42.96791,-1.41744
11,3584,10,781.68,42.96785,-1.41753
12,3585,10,781.84,42.96771,-1.41775
12,3586,10,781.74,42.96767,-1.41786
12,3587,10,781.62,42.96761,-1.41796
12,3588,10,781.62,42.96753,-1.41801
12,3589,10,781.4,42.96745,-1.41806
12,3590,10,781.14,42.96737,-1.41812
12,3591,10,780.75,42.96731,-1.41821
12,3592,10,780.31,42.96729,-1.41831
12,3593,10,779.92,42.96736,-1.4184
12,3594,10,779.52,42.96742,-1.41849
12,3595,10,779.13,42.96748,-1.41858
12,3596,10,778.65,42.96753,-1.41867
12,3597,10,777.89,42.96753,-1.4188
12,3598,10,777.19,42.96753,-1.41892
12,3599,10,776.49,42.96753,-1.41904
12,3600,10,775.8,42.96753,-1.41916
12,3601,10,775.02,42.96752,-1.41929
12,3602,10,774.3,42.96751,-1.41941
12,3603,10,773.58,42.9675,-1.41953
12,3604,10,772.85,42.96749,-1.41965
12,3605,10,772.12,42.96748,-1.41977
12,3606,10,771.35,42.96748,-1.4199
12,3607,10,770.89,42.96747,-1.42002
12,3608,10,771.1,42.96748,-1.42014
12,3609,10,771.29,42.96748,-1.42026
12,3610,10,771.51,42.96749,-1.42039
12,3611,10,771.72,42.9675,-1.42051
12,3612,10,771.91,42.96751,-1.42063
12,3613,10,772.57,42.96752,-1.42075
12,3614,10,773.44,42.96752,-1.42087
12,3615,10,774.31,42.96752,-1.42099
12,3616,10,775.29,42.96753,-1.42112
12,3617,10,776.16,42.96753,-1.42124
12,3618,10,777.03,42.96753,-1.42136
12,3619,10,777.87,42.96752,-1.42148
12,3620,10,778.78,42.96751,-1.42161
12,3621,10,779.61,42.9675,-1.42173
12,3622,10,780.44,42.96749,-1.42185
12,3623,10,781.3,42.96749,-1.42197
12,3624,10,782.0,42.96748,-1.42209
12,3625,10,782.54,42.96747,-1.42222
12,3626,10,782.92,42.96744,-1.42233
12,3627,10,783.36,42.96741,-1.42245
12,3628,10,783.85,42.96739,-1.42257
12,3629,10,784.32,42.96736,-1.42269
12,3630,10,784.74,42.96736,-1.42281
12,3631,10,785.09,42.96736,-1.42293
12,3632,10,785.43,42.96735,-1.42305
12,3633,10,785.82,42.96735,-1.42318
12,3634,10,786.2,42.96734,-1.4233
12,3635,10,786.57,42.96733,-1.42342
12,3636,10,786.32,42.96731,-1.42354
12,3637,10,786.08,42.9673,-1.42366
12,3638,10,785.87,42.96729,-1.42378
12,3639,10,785.8,42.96727,-1.4239
12,3640,10,785.68,42.96726,-1.42402
12,3641,10,785.61,42.96724,-1.42414
12,3642,10,785.12,42.96723,-1.42427
12,3643,10,785.21,42.96718,-1.42437
12,3644,10,785.23,42.96713,-1.42447
12,3645,10,785.35,42.96707,-1.42456
12,3646,10,785.25,42.96702,-1.42466
12,3647,10,785.08,42.96697,-1.42476
12,3648,10,784.75,42.96691,-1.42485
12,3649,10,783.71,42.96687,-1.42497
12,3650,10,782.84,42.96683,-1.42508
12,3651,10,782.3,42.96679,-1.42519
12,3652,10,781.59,42.96676,-1.4253
12,3653,10,781.07,42.96672,-1.42541
12,3654,10,780.9,42.96667,-1.42551
12,3655,10,780.43,42.96663,-1.42562
12,3656,10,779.92,42.96659,-1.42573
12,3657,10,779.38,42.96655,-1.42584
12,3658,10,778.8,42.96651,-1.42595
12,3659,10,778.18,42.96647,-1.42606
12,3660,10,777.54,42.96643,-1.42617
12,3661,10,777.27,42.96638,-1.42628
12,3662,10,776.76,42.96634,-1.42639
12,3663,10,776.28,42.9663,-1.42649
12,3664,10,775.63,42.96626,-1.4266
12,3665,10,774.78,42.96622,-1.42672
12,3666,10,773.87,42.96619,-1.42683
12,3667,10,773.17,42.96616,-1.42694
12,3668,10,772.79,42.96612,-1.42706
12,3669,10,772.31,42.96609,-1.42717
12,3670,10,771.95,42.96605,-1.42728
12,3671,10,771.29,42.96602,-1.4274
12,3672,10,770.82,42.96598,-1.42751
12,3673,10,770.22,42.96595,-1.42762
12,3674,10,769.64,42.96591,-1.42773
12,3675,10,768.72,42.96588,-1.42785
12,3676,10,767.86,42.96584,-1.42796
12,3677,10,766.85,42.9658,-1.42807
12,3678,10,765.69,42.96576,-1.42818
12,3679,10,764.57,42.96572,-1.42829
12,3680,10,763.46,42.96568,-1.4284
12,3681,10,762.26,42.9657,-1.42851
12,3682,10,761.37,42.96576,-1.4286
12,3683,10,760.7,42.96583,-1.42868
12,3684,10,760.13,42.96589,-1.42876
12,3685,10,759.5,42.96593,-1.42885
12,3686,10,758.61,42.96589,-1.42897
12,3687,10,757.97,42.96585,-1.42908
12,3688,10,757.3,42.96581,-1.42918
12,3689,10,756.51,42.96577,-1.42929
12,3690,10,755.65,42.96573,-1.4294
12,3691,10,754.71,42.96569,-1.42951
12,3692,10,753.69,42.96564,-1.42962
12,3693,10,753.02,42.9656,-1.42973
12,3694,10,752.42,42.96557,-1.42984
12,3695,10,751.68,42.96553,-1.42995
12,3696,10,750.99,42.9655,-1.43007
12,3697,10,750.4,42.96548,-1.43019
12,3698,10,749.99,42.96546,-1.4303
12,3699,10,749.8,42.96544,-1.43042
12,3700,10,749.56,42.96542,-1.43054
12,3701,10,749.27,42.9654,-1.43066
12,3702,10,748.9,42.96537,-1.43078
12,3703,10,748.49,42.96535,-1.4309
12,3704,10,748.28,42.96532,-1.43101
12,3705,10,748.46,42.96529,-1.43113
12,3706,10,748.52,42.96526,-1.43124
12,3707,10,748.36,42.96522,-1.43135
12,3708,10,748.06,42.96518,-1.43146
12,3709,10,747.5,42.96513,-1.43157
12,3710,10,747.04,42.96509,-1.43168
12,3711,10,746.89,42.96505,-1.43178
12,3712,10,746.61,42.965,-1.43189
12,3713,10,746.26,42.96495,-1.43199
12,3714,10,745.67,42.96489,-1.43208
12,3715,10,745.27,42.96484,-1.43218
12,3716,10,744.66,42.96478,-1.43227
12,3717,10,744.58,42.96472,-1.43236
12,3718,10,744.75,42.96466,-1.43246
12,3719,10,744.99,42.96461,-1.43256
12,3720,10,745.05,42.96455,-1.43265
12,3721,10,745.16,42.96449,-1.43275
12,3722,10,745.27,42.96444,-1.43284
12,3723,10,745.42,42.96439,-1.43294
12,3724,10,745.53,42.96434,-1.43305
12,3725,10,745.23,42.96429,-1.43315
12,3726,10,744.88,42.96423,-1.43325
12,3727,10,744.68,42.96418,-1.43335
12,3728,10,744.48,42.96413,-1.43344
12,3729,10,744.36,42.96407,-1.43354
12,3730,10,744.51,42.96403,-1.43365
12,3731,10,744.46,42.964,-1.43376
12,3732,10,743.96,42.96395,-1.43387
12,3733,10,743.51,42.9639,-1.43397
12,3734,10,743.11,42.96386,-1.43407
12,3735,10,742.68,42.96381,-1.43418
12,3736,10,742.29,42.96376,-1.43428
12,3737,10,741.9,42.96371,-1.43439
12,3738,10,741.3,42.96367,-1.4345
12,3739,10,740.67,42.96364,-1.43461
12,3740,10,739.95,42.96361,-1.43473
12,3741,10,739.31,42.9636,-1.43485
12,3742,10,738.71,42.9636,-1.43497
12,3743,10,738.11,42.9636,-1.43509
12,3744,10,737.81,42.96362,-1.43521
12,3745,10,737.46,42.96363,-1.43533
12,3746,10,736.97,42.96362,-1.43545
12,3747,10,736.4,42.9636,-1.43557
12,3748,10,735.63,42.96355,-1.43567
12,3749,10,734.81,42.9635,-1.43577
12,3750,10,734.21,42.96345,-1.43587
12,3751,10,733.62,42.96339,-1.43597
12,3752,10,733.22,42.96333,-1.43606
12,3753,10,732.86,42.96327,-1.43615
12,3754,10,732.55,42.96321,-1.43624
12,3755,10,732.29,42.96315,-1.43634
12,3756,10,732.13,42.96311,-1.43644
12,3757,10,732.18,42.96305,-1.43654
12,3758,10,732.43,42.96301,-1.43665
12,3759,10,732.72,42.96298,-1.43676
12,3760,10,733.08,42.96295,-1.43688
12,3761,10,733.44,42.96292,-1.43699
13,3762,10,737.81,42.96271,-1.43766
13,3763,10,738.91,42.96264,-1.43774
13,3764,10,739.78,42.96255,-1.43777
13,3765,10,740.51,42.96247,-1.43779
13,3766,10,741.31,42.96238,-1.43781
13,3767,10,742.46,42.96232,-1.43789
13,3768,10,743.82,42.96227,-1.438
13,3769,10,744.95,42.96223,-1.4381
13,3770,10,746.13,42.96218,-1.43821
13,3771,10,747.2,42.96214,-1.43832
13,3772,10,748.16,42.96211,-1.43843
13,3773,10,749.19,42.96208,-1.43855
13,3774,10,750.2,42.96205,-1.43866
13,3775,10,751.31,42.96202,-1.43878
13,3776,10,752.38,42.96199,-1.43889
13,3777,10,753.55,42.96195,-1.43901
13,3778,10,754.58,42.96192,-1.43912
13,3779,10,755.62,42.96189,-1.43924
13,3780,10,756.42,42.96187,-1.43936
13,3781,10,757.23,42.96185,-1.43948
13,3782,10,758.05,42.96183,-1.4396
13,3783,10,758.88,42.96181,-1.43972
13,3784,10,759.72,42.96179,-1.43984
13,3785,10,760.45,42.96178,-1.43996
13,3786,10,761.18,42.96176,-1.44008
13,3787,10,761.96,42.96173,-1.44019
13,3788,10,762.86,42.9617,-1.44031
13,3789,10,763.82,42.96167,-1.44043
13,3790,10,764.77,42.96164,-1.44054
13,3791,10,765.82,42.96163,-1.44066
13,3792,10,767.09,42.9616,-1.44077
13,3793,10,768.47,42.96155,-1.44087
13,3794,10,769.62,42.96154,-1.44099
13,3795,10,770.87,42.96152,-1.44111
13,3796,10,772.34,42.96147,-1.44122
13,3797,10,773.68,42.96143,-1.44133
13,3798,10,774.83,42.96139,-1.44143
13,3799,10,776.04,42.96135,-1.44155
13,3800,10,776.84,42.96132,-1.44166
13,3801,10,777.64,42.96129,-1.44178
13,3802,10,778.34,42.96127,-1.44189
13,3803,10,779.13,42.96125,-1.44201
13,3804,10,780.0,42.96124,-1.44213
13,3805,10,781.05,42.96125,-1.44226
13,3806,10,781.9,42.96124,-1.44238
13,3807,10,782.63,42.96122,-1.4425
13,3808,10,783.32,42.9612,-1.44262
13,3809,10,784.05,42.96119,-1.44274
13,3810,10,784.67,42.96117,-1.44286
13,3811,10,783.48,42.96109,-1.44281
13,3812,10,783.79,42.96105,-1.44292
13,3813,10,784.19,42.96102,-1.44303
13,3814,10,784.65,42.96099,-1.44315
13,3815,10,785.02,42.96096,-1.44326
13,3816,10,785.71,42.96093,-1.44338
13,3817,10,786.99,42.96092,-1.4435
13,3818,10,788.39,42.96092,-1.44362
13,3819,10,789.79,42.96092,-1.44374
13,3820,10,791.3,42.96092,-1.44387
13,3821,10,792.7,42.96092,-1.44399
13,3822,10,794.76,42.96095,-1.4441
13,3823,10,796.94,42.96095,-1.44423
13,3824,10,798.94,42.96095,-1.44435
13,3825,10,800.95,42.96095,-1.44447
13,3826,10,802.61,42.96091,-1.44458
13,3827,10,804.21,42.96087,-1.44468
13,3828,10,806.25,42.96084,-1.4448
13,3829,10,808.03,42.96079,-1.4449
13,3830,10,809.79,42.96072,-1.44499
13,3831,10,811.46,42.96066,-1.44507
13,3832,10,812.51,42.9606,-1.44516
13,3833,10,814.76,42.96058,-1.44528
13,3834,10,816.98,42.96056,-1.4454
13,3835,10,818.85,42.96055,-1.44552
13,3836,10,820.75,42.96054,-1.44564
13,3837,10,822.7,42.96053,-1.44576
13,3838,10,824.82,42.96051,-1.44589
13,3839,10,826.67,42.96048,-1.446
13,3840,10,828.33,42.96044,-1.44611
13,3841,10,829.49,42.9604,-1.44622
13,3842,10,830.79,42.96036,-1.44633
13,3843,10,832.06,42.96035,-1.44644
13,3844,10,833.59,42.96034,-1.44657
13,3845,10,834.95,42.96034,-1.44669
13,3846,10,835.56,42.96033,-1.44681
13,3847,10,835.03,42.96031,-1.44693
13,3848,10,834.96,42.96027,-1.44704
13,3849,10,835.24,42.96022,-1.44714
13,3850,10,835.67,42.96017,-1.44724
13,3851,10,836.25,42.96012,-1.44734
13,3852,10,836.98,42.96007,-1.44744
13,3853,10,837.11,42.96002,-1.44754
13,3854,10,836.33,42.96,-1.44766
13,3855,10,835.64,42.95997,-1.44778
13,3856,10,834.43,42.95995,-1.4479
13,3857,10,833.17,42.95993,-1.44802
13,3858,10,831.88,42.95991,-1.44814
13,3859,10,831.15,42.95989,-1.44826
13,3860,10,830.56,42.95991,-1.44838
13,3861,10,830.05,42.95993,-1.4485
13,3862,10,829.91,42.95997,-1.4486
13,3863,10,828.94,42.96002,-1.4487
13,3864,10,827.97,42.96007,-1.4488
13,3865,10,827.79,42.9601,-1.44892
13,3866,10,828.0,42.96011,-1.44904
13,3867,10,828.3,42.96011,-1.44916
13,3868,10,828.58,42.96012,-1.44928
13,3869,10,828.94,42.96012,-1.44941
13,3870,10,829.28,42.96015,-1.44952
13,3871,10,829.66,42.96017,-1.44964
13,3872,10,830.16,42.9602,-1.44976
13,3873,10,830.83,42.96025,-1.44986
13,3874,10,831.61,42.96029,-1.44997
13,3875,10,832.56,42.96034,-1.45007
13,3876,10,833.72,42.9604,-1.45016
13,3877,10,834.66,42.96047,-1.45025
13,3878,10,835.59,42.96055,-1.4503
13,3879,10,836.57,42.96063,-1.45035
13,3880,10,837.47,42.96072,-1.45038
13,3881,10,838.26,42.96081,-1.45041
13,3882,10,839.0,42.96089,-1.45043
13,3883,10,839.86,42.96097,-1.45047
13,3884,10,840.83,42.96102,-1.45058
13,3885,10,841.88,42.96107,-1.45068
13,3886,10,843.2,42.96113,-1.45078
13,3887,10,844.45,42.96118,-1.45087
13,3888,10,845.14,42.96122,-1.45098
13,3889,10,845.74,42.96126,-1.45109
13,3890,10,846.04,42.96128,-1.45121
13,3891,10,846.19,42.96129,-1.45133
13,3892,10,846.34,42.9613,-1.45145
13,3893,10,846.5,42.96131,-1.45158
13,3894,10,846.46,42.96129,-1.45169
13,3895,10,846.23,42.96125,-1.4518
13,3896,10,846.18,42.96122,-1.45191
13,3897,10,845.99,42.96117,-1.45202
13,3898,10,845.75,42.96111,-1.45211
13,3899,10,845.71,42.96106,-1.45221
13,3900,10,845.09,42.96099,-1.45228
13,3901,10,843.72,42.96093,-1.45236
13,3902,10,842.17,42.96086,-1.45245
13,3903,10,840.68,42.9608,-1.45254
13,3904,10,839.79,42.96071,-1.45256
13,3905,10,839.02,42.96062,-1.45257
13,3906,10,838.35,42.96053,-1.45257
13,3907,10,837.54,42.96045,-1.45259
13,3908,10,836.47,42.96036,-1.45263
13,3909,10,835.4,42.96028,-1.45268
13,3910,10,834.39,42.96019,-1.45272
13,3911,10,833.47,42.96011,-1.45276
13,3912,10,832.7,42.96002,-1.45278
13,3913,10,832.35,42.95993,-1.4528
13,3914,10,832.31,42.95984,-1.45283
13,3915,10,832.61,42.95975,-1.45282
13,3916,10,832.82,42.95966,-1.45282
13,3917,10,833.04,42.95957,-1.45282
13,3918,10,833.32,42.95948,-1.45281
13,3919,10,833.59,42.95939,-1.4528
13,3920,10,833.69,42.9593,-1.45282
13,3921,10,833.75,42.95922,-1.45284
13,3922,10,833.9,42.95913,-1.45286
13,3923,10,834.12,42.95904,-1.45289
13,3924,10,834.44,42.95896,-1.45294
13,3925,10,834.62,42.95888,-1.453
13,3926,10,834.89,42.95881,-1.45308
13,3927,10,835.31,42.95875,-1.45317
13,3928,10,835.86,42.9587,-1.45327
13,3929,10,836.5,42.95866,-1.45338
13,3930,10,837.16,42.95863,-1.45349
13,3931,10,837.63,42.95862,-1.45361
13,3932,10,837.7,42.95861,-1.45374
13,3933,10,837.53,42.95861,-1.45385
13,3934,10,836.69,42.95864,-1.45397
13,3935,10,836.02,42.95866,-1.45409
13,3936,10,835.55,42.95867,-1.45421
13,3937,10,835.18,42.95867,-1.45433
13,3938,10,833.57,42.95868,-1.45446
13,3939,10,832.1,42.95869,-1.45458
13,3940,10,830.67,42.9587,-1.4547
13,3941,10,829.27,42.95871,-1.45482
13,3942,10,828.94,42.95866,-1.45493
13,3943,10,829.0,42.95859,-1.455
13,3944,10,829.42,42.95851,-1.45496
13,3945,10,830.09,42.95843,-1.45491
13,3946,10,830.42,42.95834,-1.45489
13,3947,10,830.64,42.95825,-1.45488
13,3948,10,830.88,42.95816,-1.45487
13,3949,10,830.95,42.95807,-1.45487
13,3950,10,830.8,42.95798,-1.45488
13,3951,10,830.5,42.95789,-1.45489
13,3952,10,829.65,42.9578,-1.45491
13,3953,10,828.8,42.95771,-1.45493
13,3954,10,828.42,42.95762,-1.45493
13,3955,10,828.57,42.95754,-1.45491
13,3956,10,829.17,42.95745,-1.45487
13,3957,10,828.55,42.95736,-1.45488
13,3958,10,828.18,42.95727,-1.45488
13,3959,10,827.94,42.95718,-1.45488
13,3960,10,827.8,42.95709,-1.45488
13,3961,10,828.1,42.957,-1.45486
13,3962,10,827.93,42.95691,-1.45486
13,3963,10,827.97,42.95682,-1.45485
13,3964,10,827.44,42.95674,-1.45487
13,3965,10,827.12,42.95665,-1.45488
13,3966,10,826.98,42.95656,-1.45488
13,3967,10,826.83,42.95647,-1.45489
13,3968,10,826.89,42.95638,-1.45489
13,3969,10,826.86,42.95629,-1.4549
13,3970,10,826.99,42.9562,-1.45489
13,3971,10,827.04,42.95611,-1.45489
13,3972,10,827.14,42.95603,-1.45493
13,3973,10,827.54,42.95595,-1.45499
13,3974,10,827.66,42.95588,-1.45507
13,3975,10,827.34,42.95581,-1.45515
13,3976,10,826.71,42.95574,-1.45523
13,3977,10,826.1,42.95568,-1.45531
13,3978,10,825.39,42.95561,-1.45539
13,3979,10,824.69,42.95557,-1.4555
13,3980,10,823.96,42.95553,-1.45561
13,3981,10,823.69,42.95551,-1.45573
13,3982,10,824.15,42.95549,-1.45585
13,3983,10,824.6,42.95547,-1.45597
13,3984,10,824.98,42.95545,-1.45608
13,3985,10,825.55,42.95544,-1.45621
13,3986,10,825.92,42.95542,-1.45632
13,3987,10,826.59,42.95539,-1.45644
13,3988,10,827.55,42.95536,-1.45656
13,3989,10,828.51,42.95533,-1.45668
13,3990,10,829.46,42.95531,-1.45679
13,3991,10,830.42,42.95528,-1.45691
13,3992,10,831.0,42.95523,-1.45701
13,3993,10,831.39,42.95517,-1.4571
13,3994,10,830.15,42.9551,-1.45717
13,3995,10,829.13,42.95503,-1.45725
13,3996,10,828.22,42.95496,-1.45733
13,3997,10,827.44,42.95489,-1.45741
13,3998,10,826.77,42.95482,-1.45749
13,3999,10,826.46,42.95476,-1.45757
13,4000,10,826.02,42.95469,-1.45765
13,4001,10,825.7,42.95462,-1.45773
13,4002,10,825.47,42.95455,-1.45781
13,4003,10,825.4,42.95448,-1.45789
13,4004,10,825.52,42.95442,-1.45798
13,4005,10,825.73,42.95436,-1.45807
13,4006,10,826.03,42.9543,-1.45816
13,4007,10,826.43,42.95424,-1.45825
13,4008,10,826.7,42.95417,-1.45834
13,4009,10,826.67,42.9541,-1.45841
13,4010,10,825.87,42.95403,-1.45848
13,4011,10,824.68,42.95396,-1.45855
13,4012,10,823.42,42.95388,-1.45863
13,4013,10,822.4,42.95381,-1.4587
13,4014,10,820.61,42.95373,-1.45874
13,4015,10,819.59,42.95368,-1.45882
13,4016,10,819.17,42.95365,-1.45894
13,4017,10,818.94,42.95363,-1.45905
13,4018,10,819.44,42.95366,-1.45917
13,4019,10,818.93,42.95369,-1.45928
13,4020,10,818.26,42.95372,-1.4594
13,4021,10,817.67,42.95375,-1.45951
13,4022,10,816.65,42.95377,-1.45963
13,4023,10,815.8,42.9538,-1.45975
13,4024,10,815.24,42.95384,-1.45985
13,4025,10,815.03,42.95388,-1.45996
13,4026,10,814.58,42.95391,-1.46008
13,4027,10,813.78,42.95389,-1.4602
13,4028,10,813.07,42.95388,-1.46032
13,4029,10,812.4,42.95387,-1.46044
13,4030,10,812.08,42.95387,-1.46056
13,4031,10,812.02,42.95386,-1.46068
13,4032,10,811.97,42.95386,-1.4608
13,4033,10,811.92,42.95386,-1.46091
13,4034,10,811.83,42.95389,-1.46101
13,4035,10,811.71,42.95391,-1.46113
13,4036,10,811.85,42.95391,-1.46125
13,4037,10,812.21,42.9539,-1.46137
13,4038,10,812.64,42.95387,-1.46149
13,4039,10,813.08,42.95384,-1.46161
13,4040,10,813.51,42.95381,-1.46172
13,4041,10,813.24,42.95377,-1.46183
13,4042,10,812.82,42.95373,-1.46194
13,4043,10,812.63,42.95369,-1.46205
13,4044,10,813.03,42.95367,-1.46217
13,4045,10,813.28,42.95364,-1.46229
13,4046,10,813.53,42.95361,-1.4624
13,4047,10,813.85,42.95358,-1.46251
13,4048,10,814.68,42.95356,-1.46263
13,4049,10,816.12,42.95357,-1.46275
13,4050,10,816.05,42.95351,-1.46282
13,4051,10,816.84,42.95347,-1.46293
13,4052,10,817.3,42.95341,-1.46302
13,4053,10,817.83,42.95334,-1.46311
13,4054,10,818.47,42.95328,-1.46319
13,4055,10,819.22,42.95321,-1.46327
13,4056,10,820.45,42.95315,-1.46336
13,4057,10,821.91,42.9531,-1.46346
13,4058,10,821.21,42.95302,-1.46352
13,4059,10,821.62,42.95296,-1.46361
13,4060,10,821.47,42.95289,-1.46368
13,4061,10,821.39,42.95282,-1.46375
13,4062,10,821.58,42.95275,-1.46383
13,4063,10,822.47,42.95269,-1.46393
13,4064,10,823.05,42.95264,-1.46402
13,4065,10,823.81,42.95258,-1.46412
13,4066,10,824.61,42.95252,-1.46421
13,4067,10,825.95,42.95247,-1.46431
13,4068,10,827.47,42.95242,-1.46441
13,4069,10,828.58,42.95236,-1.46451
13,4070,10,828.49,42.95228,-1.46457
13,4071,10,828.81,42.95221,-1.46464
13,4072,10,829.14,42.95214,-1.46471
13,4073,10,828.57,42.95205,-1.46475
13,4074,10,828.24,42.95197,-1.46479
13,4075,10,827.82,42.95188,-1.46483
13,4076,10,827.37,42.9518,-1.46486
13,4077,10,827.83,42.95171,-1.4649
13,4078,10,829.93,42.95163,-1.46494
13,4079,10,832.38,42.95154,-1.46499
13,4080,10,834.8,42.95147,-1.46505
13,4081,10,837.3,42.95139,-1.46511
13,4082,10,838.91,42.9513,-1.46513
13,4083,10,840.26,42.95121,-1.46514
13,4084,10,840.66,42.95112,-1.46511
13,4085,10,840.57,42.95104,-1.46506
13,4086,10,840.85,42.95096,-1.465
13,4087,10,841.18,42.95088,-1.46494
13,4088,10,840.71,42.95082,-1.46486
13,4089,10,840.73,42.95075,-1.46479
13,4090,10,841.25,42.95067,-1.46473
13,4091,10,841.2,42.9506,-1.46465
13,4092,10,841.41,42.95054,-1.46458
13,4093,10,841.98,42.95047,-1.4645
13,4094,10,842.2,42.95041,-1.46441
13,4095,10,842.01,42.95036,-1.46431
13,4096,10,840.85,42.95031,-1.46421
13,4097,10,839.55,42.95026,-1.4641
13,4098,10,838.2,42.95023,-1.46399
13,4099,10,837.08,42.9502,-1.46387
13,4100,10,836.47,42.95016,-1.46377
13,4101,10,836.07,42.95009,-1.4637
13,4102,10,836.43,42.95001,-1.46373
13,4103,10,837.08,42.94993,-1.46379
13,4104,10,838.13,42.94989,-1.4639
13,4105,10,839.57,42.94985,-1.46401
13,4106,10,841.1,42.94982,-1.46412
13,4107,10,842.79,42.94978,-1.46424
13,4108,10,844.31,42.94975,-1.46435
13,4109,10,845.84,42.94972,-1.46446
13,4110,10,847.53,42.94968,-1.46458
13,4111,10,848.14,42.94964,-1.46469
13,4112,10,848.95,42.94961,-1.4648
13,4113,10,849.65,42.94957,-1.46492
13,4114,10,850.47,42.94954,-1.46503
13,4115,10,851.28,42.94951,-1.46514
13,4116,10,851.84,42.94947,-1.46525
13,4117,10,852.93,42.94944,-1.46537
13,4118,10,853.23,42.94939,-1.46547
13,4119,10,853.05,42.94933,-1.46556
13,4120,10,852.99,42.94927,-1.46566
13,4121,10,853.44,42.94923,-1.46576
13,4122,10,853.13,42.94917,-1.46585
13,4123,10,852.33,42.9491,-1.46593
13,4124,10,851.84,42.94904,-1.46601
13,4125,10,851.85,42.94898,-1.46611
13,4126,10,851.58,42.94892,-1.46619
13,4127,10,851.56,42.94886,-1.46628
13,4128,10,851.34,42.94879,-1.46637
13,4129,10,851.46,42.94873,-1.46646
13,4130,10,850.55,42.94865,-1.46652
13,4131,10,850.6,42.94859,-1.4666
13,4132,10,850.4,42.94852,-1.46668
13,4133,10,849.03,42.94845,-1.46675
13,4134,10,847.4,42.94837,-1.46683
13,4135,10,845.95,42.9483,-1.4669
13,4136,10,845.47,42.94822,-1.46696
13,4137,10,845.1,42.94815,-1.46703
13,4138,10,844.4,42.94806,-1.46707
13,4139,10,843.78,42.94798,-1.46711
13,4140,10,843.05,42.94789,-1.46715
13,4141,10,842.4,42.94781,-1.46719
13,4142,10,841.67,42.94772,-1.46724
13,4143,10,841.0,42.94764,-1.46728
13,4144,10,840.74,42.94756,-1.46733
13,4145,10,840.26,42.94748,-1.46738
13,4146,10,839.08,42.94739,-1.46743
13,4147,10,838.12,42.94731,-1.46747
13,4148,10,837.16,42.94722,-1.46751
13,4149,10,836.23,42.94714,-1.46755
13,4150,10,835.3,42.94705,-1.46759
13,4151,10,834.9,42.94696,-1.4676
13,4152,10,834.09,42.94688,-1.46763
13,4153,10,833.37,42.94679,-1.46765
13,4154,10,832.69,42.9467,-1.46767
13,4155,10,832.04,42.94661,-1.46769
13,4156,10,831.21,42.94653,-1.46773
13,4157,10,830.42,42.94644,-1.46777
13,4158,10,829.81,42.94635,-1.4678
13,4159,10,829.08,42.94627,-1.46785
13,4160,10,827.77,42.94618,-1.46789
13,4161,10,826.44,42.9461,-1.46792
13,4162,10,825.12,42.94601,-1.46794
13,4163,10,823.83,42.94592,-1.46796
13,4164,10,822.7,42.94583,-1.46796
13,4165,10,821.56,42.94574,-1.46796
13,4166,10,820.39,42.94565,-1.46797
13,4167,10,819.37,42.94559,-1.46805
13,4168,10,817.77,42.94553,-1.46814
13,4169,10,815.97,42.94547,-1.46824
13,4170,10,814.4,42.9454,-1.46831
13,4171,10,813.06,42.94533,-1.46838
13,4172,10,811.8,42.94525,-1.46846
13,4173,10,810.95,42.94518,-1.46853
13,4174,10,810.29,42.94511,-1.46859
13,4175,10,809.54,42.94502,-1.46863
13,4176,10,809.19,42.94494,-1.46869
13,4177,10,808.99,42.94486,-1.46875
13,4178,10,808.98,42.94478,-1.4688
13,4179,10,809.13,42.9447,-1.46885
13,4180,10,809.42,42.94462,-1.4689
13,4181,10,809.9,42.94453,-1.46895
13,4182,10,810.56,42.94446,-1.46901
13,4183,10,811.19,42.94437,-1.46904
13,4184,10,811.92,42.94428,-1.46907
13,4185,10,812.7,42.9442,-1.4691
13,4186,10,812.58,42.94411,-1.46914
13,4187,10,812.2,42.94403,-1.46917
13,4188,10,811.6,42.94394,-1.46919
13,4189,10,811.02,42.94385,-1.46921
13,4190,10,810.99,42.94377,-1.46926
13,4191,10,810.75,42.94368,-1.4693
13,4192,10,810.63,42.9436,-1.46934
13,4193,10,810.3,42.94351,-1.46937
13,4194,10,810.44,42.94342,-1.4694
13,4195,10,810.48,42.94334,-1.46944
13,4196,10,810.09,42.94325,-1.46949
13,4197,10,809.75,42.94317,-1.46955
13,4198,10,809.52,42.94309,-1.46959
13,4199,10,809.33,42.943,-1.46961
13,4200,10,809.17,42.94292,-1.46964
13,4201,10,809.03,42.94284,-1.4697
13,4202,10,808.6,42.94276,-1.46976
13,4203,10,808.0,42.94268,-1.46982
13,4204,10,807.47,42.9426,-1.46988
13,4205,10,807.0,42.94252,-1.46994
13,4206,10,806.66,42.94245,-1.47
13,4207,10,806.3,42.94237,-1.47006
13,4208,10,805.87,42.94229,-1.47012
13,4209,10,804.92,42.94221,-1.47019
13,4210,10,804.23,42.94214,-1.47025
14,4211,10,800.24,42.94172,-1.47039
14,4212,10,799.79,42.94164,-1.47044
14,4213,10,799.39,42.94155,-1.47048
14,4214,10,799.36,42.94148,-1.47054
14,4215,10,799.67,42.94141,-1.47062
14,4216,10,800.26,42.94134,-1.4707
14,4217,10,800.76,42.94126,-1.47075
14,4218,10,801.23,42.94118,-1.47081
14,4219,10,800.72,42.94111,-1.47088
14,4220,10,800.45,42.94103,-1.47093
14,4221,10,800.31,42.94094,-1.47097
14,4222,10,800.09,42.94086,-1.47102
14,4223,10,800.09,42.94077,-1.47105
14,4224,10,800.3,42.94068,-1.47109
14,4225,10,800.54,42.9406,-1.47112
14,4226,10,800.77,42.94051,-1.47115
14,4227,10,800.83,42.94042,-1.47119
14,4228,10,800.86,42.94034,-1.47122
14,4229,10,800.44,42.94026,-1.47128
14,4230,10,799.74,42.94018,-1.47135
14,4231,10,799.03,42.94011,-1.47141
14,4232,10,798.46,42.94003,-1.47148
14,4233,10,797.69,42.93996,-1.47155
14,4234,10,797.08,42.93988,-1.47162
14,4235,10,796.76,42.9398,-1.47168
14,4236,10,796.33,42.93973,-1.47174
14,4237,10,796.09,42.93965,-1.4718
14,4238,10,796.11,42.93957,-1.47185
14,4239,10,795.72,42.93949,-1.47192
14,4240,10,794.86,42.93943,-1.472
14,4241,10,794.27,42.93936,-1.47208
14,4242,10,794.49,42.93928,-1.47215
14,4243,10,794.06,42.93921,-1.47223
14,4244,10,793.59,42.93914,-1.47231
14,4245,10,793.19,42.93908,-1.47238
14,4246,10,792.09,42.93902,-1.47248
14,4247,10,791.76,42.93895,-1.47256
14,4248,10,790.99,42.93889,-1.47265
14,4249,10,790.28,42.93883,-1.47274
14,4250,10,789.85,42.93876,-1.47283
14,4251,10,788.89,42.93871,-1.47292
14,4252,10,788.07,42.93865,-1.47302
14,4253,10,787.37,42.9386,-1.47311
14,4254,10,786.81,42.93854,-1.47321
14,4255,10,785.49,42.9385,-1.47332
14,4256,10,784.25,42.93846,-1.47343
14,4257,10,783.64,42.93841,-1.47353
14,4258,10,782.78,42.93837,-1.47364
14,4259,10,781.97,42.93833,-1.47375
14,4260,10,781.18,42.93829,-1.47386
14,4261,10,780.75,42.93824,-1.47397
14,4262,10,780.0,42.9382,-1.47408
14,4263,10,779.45,42.93816,-1.47418
14,4264,10,779.16,42.93812,-1.47429
14,4265,10,779.62,42.93807,-1.47439
14,4266,10,779.09,42.93804,-1.47451
14,4267,10,778.2,42.93802,-1.47463
14,4268,10,777.8,42.93799,-1.47474
14,4269,10,777.36,42.93796,-1.47486
14,4270,10,777.39,42.93793,-1.47498
14,4271,10,777.86,42.9379,-1.47509
14,4272,10,777.88,42.93788,-1.47521
14,4273,10,778.26,42.93785,-1.47533
14,4274,10,778.32,42.93783,-1.47544
14,4275,10,778.67,42.9378,-1.47556
14,4276,10,779.04,42.93777,-1.47568
14,4277,10,779.1,42.93775,-1.47579
14,4278,10,779.01,42.93773,-1.47592
14,4279,10,778.28,42.93773,-1.47604
14,4280,10,777.87,42.93772,-1.47616
14,4281,10,777.77,42.9377,-1.47628
14,4282,10,777.92,42.93768,-1.4764
14,4283,10,778.31,42.93765,-1.47651
14,4284,10,778.25,42.93763,-1.47663
14,4285,10,778.54,42.93759,-1.47675
14,4286,10,778.69,42.93755,-1.47686
14,4287,10,778.48,42.93752,-1.47697
14,4288,10,778.54,42.93748,-1.47707
14,4289,10,777.9,42.93747,-1.47719
14,4290,10,776.94,42.93748,-1.47732
14,4291,10,776.11,42.93749,-1.47744
14,4292,10,775.29,42.93751,-1.47756
14,4293,10,774.57,42.93753,-1.47768
14,4294,10,773.79,42.93755,-1.4778
14,4295,10,773.07,42.93756,-1.47792
14,4296,10,772.45,42.93758,-1.47804
14,4297,10,771.83,42.93759,-1.47816
14,4298,10,771.34,42.93761,-1.47828
14,4299,10,770.84,42.93762,-1.4784
14,4300,10,770.51,42.93764,-1.47852
14,4301,10,769.97,42.93764,-1.47864
14,4302,10,769.51,42.93765,-1.47877
14,4303,10,769.32,42.93767,-1.47888
14,4304,10,769.28,42.9377,-1.479
14,4305,10,768.93,42.93772,-1.47912
14,4306,10,768.71,42.93775,-1.47924
14,4307,10,768.59,42.93778,-1.47935
14,4308,10,768.27,42.9378,-1.47947
14,4309,10,767.98,42.93782,-1.47959
14,4310,10,767.93,42.93785,-1.47971
14,4311,10,767.44,42.93787,-1.47982
14,4312,10,767.02,42.9379,-1.47994
14,4313,10,766.4,42.93792,-1.48006
14,4314,10,765.95,42.93795,-1.48018
14,4315,10,765.58,42.93798,-1.48029
14,4316,10,764.91,42.938,-1.48041
14,4317,10,764.05,42.93803,-1.48053
14,4318,10,763.22,42.93806,-1.48064
14,4319,10,762.26,42.93808,-1.48076
14,4320,10,761.34,42.93811,-1.48088
14,4321,10,760.42,42.93814,-1.481
14,4322,10,759.55,42.93816,-1.48111
14,4323,10,758.68,42.93819,-1.48123
14,4324,10,757.78,42.93821,-1.48135
14,4325,10,756.84,42.93822,-1.48147
14,4326,10,755.95,42.93824,-1.48159
14,4327,10,755.08,42.93826,-1.48171
14,4328,10,754.13,42.93828,-1.48183
14,4329,10,753.01,42.93829,-1.48195
14,4330,10,751.98,42.93831,-1.48207
14,4331,10,750.99,42.93833,-1.48219
14,4332,10,750.11,42.93836,-1.48231
14,4333,10,749.38,42.93839,-1.48242
14,4334,10,748.26,42.93841,-1.48254
14,4335,10,747.11,42.93844,-1.48266
14,4336,10,746.09,42.93847,-1.48277
14,4337,10,744.75,42.93848,-1.48289
14,4338,10,744.81,42.93855,-1.48295
14,4339,10,744.88,42.93862,-1.48301
14,4340,10,744.28,42.93867,-1.48311
14,4341,10,743.05,42.93871,-1.48322
14,4342,10,741.42,42.93872,-1.48335
14,4343,10,739.89,42.93873,-1.48347
14,4344,10,739.04,42.93869,-1.48358
14,4345,10,737.44,42.93866,-1.48369
14,4346,10,735.76,42.93862,-1.4838
14,4347,10,734.16,42.93859,-1.48391
14,4348,10,732.31,42.93855,-1.48403
14,4349,10,730.67,42.93852,-1.48414
14,4350,10,728.91,42.93848,-1.48425
14,4351,10,727.57,42.93849,-1.48437
14,4352,10,726.59,42.93852,-1.48448
14,4353,10,725.23,42.93852,-1.4846
14,4354,10,724.04,42.93853,-1.48472
14,4355,10,722.74,42.93853,-1.48484
14,4356,10,721.94,42.93856,-1.48495
14,4357,10,721.7,42.93862,-1.48505
14,4358,10,721.37,42.93867,-1.48515
14,4359,10,720.45,42.93872,-1.48525
14,4360,10,719.33,42.93876,-1.48536
14,4361,10,718.24,42.93881,-1.48547
14,4362,10,717.38,42.93885,-1.48557
14,4363,10,716.51,42.93889,-1.48569
14,4364,10,715.82,42.93892,-1.4858
14,4365,10,715.18,42.93896,-1.48591
14,4366,10,714.68,42.93899,-1.48603
14,4367,10,714.3,42.93902,-1.48614
14,4368,10,714.02,42.93906,-1.48625
14,4369,10,713.91,42.93911,-1.48635
14,4370,10,713.92,42.93916,-1.48645
14,4371,10,713.99,42.9392,-1.48656
14,4372,10,714.04,42.93925,-1.48666
14,4373,10,714.21,42.93931,-1.48676
14,4374,10,714.57,42.93937,-1.48684
14,4375,10,712.88,42.93945,-1.48691
14,4376,10,711.21,42.93952,-1.48698
14,4377,10,709.35,42.9396,-1.48705
14,4378,10,708.57,42.93963,-1.48716
14,4379,10,707.82,42.93966,-1.48727
14,4380,10,706.17,42.93967,-1.48739
14,4381,10,704.35,42.93968,-1.48752
14,4382,10,702.65,42.93969,-1.48764
14,4383,10,701.98,42.93966,-1.48775
14,4384,10,701.56,42.93962,-1.48786
14,4385,10,701.09,42.93958,-1.48797
14,4386,10,700.42,42.93953,-1.48807
14,4387,10,699.62,42.93948,-1.48818
14,4388,10,699.07,42.93943,-1.48828
14,4389,10,698.16,42.93939,-1.48839
14,4390,10,696.49,42.93934,-1.48849
14,4391,10,694.35,42.9393,-1.4886
14,4392,10,691.97,42.93926,-1.48871
14,4393,10,689.64,42.93921,-1.48881
14,4394,10,687.82,42.93914,-1.48889
14,4395,10,686.17,42.93907,-1.48897
14,4396,10,684.85,42.939,-1.48904
14,4397,10,683.69,42.93893,-1.48911
14,4398,10,682.53,42.93885,-1.48919
14,4399,10,681.65,42.93879,-1.48926
14,4400,10,680.36,42.93873,-1.48936
14,4401,10,678.44,42.93867,-1.48946
14,4402,10,676.09,42.93862,-1.48955
14,4403,10,673.61,42.93856,-1.48965
14,4404,10,671.63,42.93851,-1.48974
14,4405,10,669.58,42.93845,-1.48984
14,4406,10,667.85,42.9384,-1.48994
14,4407,10,666.38,42.93837,-1.49005
14,4408,10,665.05,42.93834,-1.49017
14,4409,10,663.83,42.93832,-1.49029
14,4410,10,662.69,42.93828,-1.4904
14,4411,10,661.67,42.93825,-1.49051
14,4412,10,660.63,42.93822,-1.49063
14,4413,10,659.81,42.93818,-1.49074
14,4414,10,659.13,42.93816,-1.49086
14,4415,10,658.49,42.93814,-1.49098
14,4416,10,657.9,42.93812,-1.4911
14,4417,10,657.34,42.9381,-1.49122
14,4418,10,656.88,42.93807,-1.49134
14,4419,10,656.38,42.93805,-1.49145
14,4420,10,655.78,42.93803,-1.49157
14,4421,10,655.21,42.938,-1.49169
14,4422,10,654.17,42.93798,-1.49181
14,4423,10,653.17,42.93796,-1.49193
14,4424,10,652.23,42.93794,-1.49205
14,4425,10,651.47,42.93794,-1.49217
14,4426,10,650.66,42.93794,-1.49229
14,4427,10,649.62,42.93792,-1.49241
14,4428,10,648.51,42.93789,-1.49253
14,4429,10,647.46,42.93786,-1.49265
14,4430,10,646.61,42.93784,-1.49276
14,4431,10,645.16,42.93781,-1.49288
14,4432,10,643.82,42.93779,-1.493
14,4433,10,642.52,42.93776,-1.49312
14,4434,10,641.35,42.93774,-1.49324
14,4435,10,640.58,42.93768,-1.49332
14,4436,10,639.88,42.93762,-1.49341
14,4437,10,639.03,42.93756,-1.4935
14,4438,10,638.11,42.93749,-1.49359
14,4439,10,637.48,42.93743,-1.49367
14,4440,10,637.27,42.93735,-1.49374
14,4441,10,636.48,42.93728,-1.49381
14,4442,10,635.24,42.9372,-1.49388
14,4443,10,634.43,42.93712,-1.49393
14,4444,10,633.9,42.93704,-1.49399
14,4445,10,633.76,42.93697,-1.49406
14,4446,10,633.82,42.93689,-1.49411
14,4447,10,633.95,42.93681,-1.49416
14,4448,10,634.0,42.93672,-1.49418
14,4449,10,634.25,42.93665,-1.49425
14,4450,10,633.57,42.93657,-1.49432
14,4451,10,632.96,42.9365,-1.4944
14,4452,10,632.75,42.93644,-1.49448
14,4453,10,632.69,42.93637,-1.49456
14,4454,10,632.61,42.93629,-1.49462
14,4455,10,632.77,42.93621,-1.49468
14,4456,10,632.86,42.93613,-1.49472
14,4457,10,633.47,42.93605,-1.49478
14,4458,10,634.17,42.93597,-1.49484
14,4459,10,633.98,42.9359,-1.49491
14,4460,10,633.39,42.93582,-1.49498
14,4461,10,632.69,42.93574,-1.49503
14,4462,10,632.1,42.93566,-1.49509
14,4463,10,631.77,42.93559,-1.49516
14,4464,10,631.27,42.93551,-1.49522
14,4465,10,630.8,42.93543,-1.49528
14,4466,10,630.18,42.93535,-1.49532
14,4467,10,629.26,42.93526,-1.49534
14,4468,10,629.32,42.93518,-1.49539
14,4469,10,629.18,42.93509,-1.49542
14,4470,10,629.5,42.93501,-1.49548
14,4471,10,629.53,42.93493,-1.49552
14,4472,10,628.91,42.93484,-1.49556
14,4473,10,628.42,42.93475,-1.49559
14,4474,10,628.01,42.93467,-1.49562
14,4475,10,627.63,42.93458,-1.49565
14,4476,10,627.43,42.93449,-1.49569
14,4477,10,627.34,42.93441,-1.49573
14,4478,10,627.34,42.93432,-1.49577
14,4479,10,627.42,42.93424,-1.49581
14,4480,10,627.59,42.93415,-1.49585
14,4481,10,627.81,42.93407,-1.49588
14,4482,10,628.1,42.93398,-1.49591
14,4483,10,628.41,42.93389,-1.49593
14,4484,10,628.04,42.9338,-1.49595
14,4485,10,627.64,42.93371,-1.49597
14,4486,10,627.34,42.93362,-1.496
14,4487,10,627.13,42.93354,-1.49603
14,4488,10,626.98,42.93345,-1.49607
14,4489,10,627.02,42.93337,-1.49612
14,4490,10,627.02,42.93329,-1.49616
14,4491,10,626.69,42.93322,-1.49624
14,4492,10,625.26,42.93315,-1.49632
14,4493,10,623.7,42.93308,-1.4964
14,4494,10,622.56,42.933,-1.49643
14,4495,10,621.51,42.93291,-1.49644
14,4496,10,620.24,42.93284,-1.4965
14,4497,10,618.78,42.93278,-1.4966
14,4498,10,617.44,42.93272,-1.49669
14,4499,10,616.22,42.93265,-1.49676
14,4500,10,615.09,42.93256,-1.4968
14,4501,10,613.94,42.93248,-1.49684
14,4502,10,612.6,42.9324,-1.49688
14,4503,10,610.74,42.93231,-1.49692
14,4504,10,609.42,42.93222,-1.49693
14,4505,10,607.39,42.93217,-1.49701
14,4506,10,604.95,42.93212,-1.49712
14,4507,10,602.82,42.93207,-1.49722
14,4508,10,600.89,42.93203,-1.49732
14,4509,10,599.18,42.93196,-1.4974
14,4510,10,597.6,42.93189,-1.49748
14,4511,10,596.13,42.93182,-1.49756
14,4512,10,593.67,42.93176,-1.49765
14,4513,10,591.05,42.9317,-1.49775
14,4514,10,588.7,42.93164,-1.49784
14,4515,10,586.61,42.93158,-1.49792
14,4516,10,584.55,42.9315,-1.49799
14,4517,10,582.47,42.93147,-1.4981
14,4518,10,580.35,42.93143,-1.49821
14,4519,10,578.46,42.93137,-1.4983
14,4520,10,576.73,42.9313,-1.49838
14,4521,10,575.15,42.93124,-1.49846
14,4522,10,573.57,42.93117,-1.49854
14,4523,10,571.97,42.93109,-1.4986
14,4524,10,570.48,42.93101,-1.49864
14,4525,10,568.68,42.93093,-1.49871
14,4526,10,566.95,42.93088,-1.49881
14,4527,10,565.28,42.93084,-1.49892
14,4528,10,563.61,42.93079,-1.49902
14,4529,10,561.94,42.93076,-1.49914
14,4530,10,560.31,42.93072,-1.49925
14,4531,10,558.78,42.93066,-1.49934
14,4532,10,557.35,42.93062,-1.49944
14,4533,10,555.84,42.93058,-1.49955
14,4534,10,554.45,42.93054,-1.49966
14,4535,10,553.33,42.9305,-1.49977
14,4536,10,552.32,42.93047,-1.49988
14,4537,10,551.22,42.93043,-1.5
14,4538,10,550.21,42.93039,-1.50011
14,4539,10,549.28,42.93037,-1.50023
14,4540,10,548.4,42.93036,-1.50035
14,4541,10,547.5,42.93034,-1.50047
14,4542,10,546.65,42.93033,-1.50059
14,4543,10,545.78,42.93031,-1.50071
14,4544,10,544.96,42.9303,-1.50083
14,4545,10,544.13,42.93028,-1.50095
14,4546,10,543.41,42.93026,-1.50107
14,4547,10,542.79,42.93024,-1.50119
14,4548,10,542.2,42.93022,-1.50131
14,4549,10,541.62,42.93019,-1.50143
14,4550,10,541.12,42.93017,-1.50154
14,4551,10,540.59,42.93015,-1.50166
14,4552,10,539.52,42.93015,-1.50179
14,4553,10,538.39,42.93014,-1.50191
14,4554,10,537.25,42.93014,-1.50203
14,4555,10,536.05,42.93016,-1.50215
14,4556,10,534.88,42.93017,-1.50227
14,4557,10,533.97,42.93015,-1.50237
14,4558,10,533.44,42.93008,-1.50246
14,4559,10,532.97,42.93001,-1.50254
14,4560,10,532.46,42.92995,-1.50262
14,4561,10,531.76,42.92989,-1.50272
14,4562,10,531.01,42.92984,-1.50282
14,4563,10,530.0,42.92983,-1.50294
14,4564,10,528.96,42.92983,-1.50306
14,4565,10,528.75,42.92983,-1.50318
14,4566,10,528.59,42.92984,-1.5033
14,4567,10,528.41,42.92985,-1.50343
14,4568,10,528.25,42.92987,-1.50355
14,4569,10,528.11,42.92989,-1.50366
14,4570,10,528.02,42.92994,-1.50377
14,4571,10,528.18,42.92998,-1.50388
14,4572,10,528.33,42.93003,-1.50398
14,4573,10,528.49,42.93007,-1.50409
14,4574,10,528.64,42.93012,-1.50419
14,4575,10,528.8,42.93017,-1.5043
14,4576,10,528.94,42.93021,-1.5044
14,4577,10,529.2,42.93025,-1.50451
15,4578,10,529.55,42.93032,-1.50463
15,4579,10,529.23,42.93027,-1.50452
15,4580,10,528.97,42.93023,-1.50442
15,4581,10,528.81,42.93018,-1.50431
15,4582,10,528.65,42.93014,-1.5042
15,4583,10,528.5,42.93009,-1.5041
15,4584,10,528.34,42.93005,-1.50399
15,4585,10,528.2,42.93,-1.50389
15,4586,10,528.04,42.92995,-1.50378
15,4587,10,528.08,42.92991,-1.50368
15,4588,10,528.23,42.92988,-1.50356
15,4589,10,528.39,42.92986,-1.50344
15,4590,10,528.55,42.92985,-1.50332
15,4591,10,528.73,42.92983,-1.5032
15,4592,10,528.92,42.92981,-1.50308
15,4593,10,529.84,42.92982,-1.50296
15,4594,10,530.77,42.92983,-1.50285
15,4595,10,531.37,42.92975,-1.5028
15,4596,10,531.9,42.92966,-1.50277
15,4597,10,532.25,42.92957,-1.50276
15,4598,10,532.6,42.92948,-1.50275
15,4599,10,532.77,42.92939,-1.50276
15,4600,10,533.03,42.9293,-1.50276
15,4601,10,533.47,42.92921,-1.50274
15,4602,10,533.35,42.92913,-1.50278
15,4603,10,534.32,42.9291,-1.50268
15,4604,10,535.08,42.92904,-1.50259
15,4605,10,535.5,42.92897,-1.50252
15,4606,10,535.79,42.92889,-1.50246
15,4607,10,536.06,42.92881,-1.5024
15,4608,10,536.25,42.92873,-1.50234
15,4609,10,536.3,42.92865,-1.5023
15,4610,10,536.33,42.92856,-1.50226
15,4611,10,536.4,42.92848,-1.50222
15,4612,10,536.25,42.92839,-1.50221
15,4613,10,537.61,42.9283,-1.5022
15,4614,10,538.9,42.92821,-1.5022
15,4615,10,539.96,42.92812,-1.50222
15,4616,10,540.97,42.92803,-1.50224
15,4617,10,540.98,42.92796,-1.50231
15,4618,10,540.72,42.92789,-1.50239
15,4619,10,540.68,42.92782,-1.50246
15,4620,10,540.54,42.92774,-1.50254
15,4621,10,540.4,42.92767,-1.50261
15,4622,10,540.56,42.92759,-1.50267
15,4623,10,540.67,42.92751,-1.50273
15,4624,10,540.63,42.92744,-1.50279
15,4625,10,540.52,42.92736,-1.50286
15,4626,10,539.74,42.92731,-1.50295
15,4627,10,538.78,42.92726,-1.50305
15,4628,10,538.15,42.9272,-1.50315
15,4629,10,538.08,42.92713,-1.50321
15,4630,10,537.06,42.92709,-1.50332
15,4631,10,536.06,42.92704,-1.50343
15,4632,10,535.06,42.927,-1.50353
15,4633,10,533.93,42.92695,-1.50364
15,4634,10,532.81,42.92691,-1.50374
15,4635,10,532.01,42.92686,-1.50385
15,4636,10,531.17,42.92682,-1.50396
15,4637,10,530.59,42.92676,-1.50405
15,4638,10,529.95,42.9267,-1.50414
15,4639,10,529.52,42.92663,-1.50421
15,4640,10,529.29,42.92655,-1.50426
15,4641,10,529.29,42.92646,-1.50429
15,4642,10,529.38,42.92637,-1.50431
15,4643,10,529.19,42.92629,-1.50435
15,4644,10,528.88,42.9262,-1.5044
15,4645,10,528.54,42.92612,-1.50445
15,4646,10,528.41,42.92604,-1.5045
15,4647,10,528.28,42.92596,-1.50455
15,4648,10,528.15,42.92588,-1.5046
15,4649,10,528.12,42.92579,-1.50464
15,4650,10,528.16,42.9257,-1.50467
15,4651,10,528.42,42.92561,-1.50469
15,4652,10,528.76,42.92553,-1.50472
15,4653,10,529.12,42.92544,-1.50475
15,4654,10,529.46,42.92535,-1.50478
15,4655,10,529.95,42.92526,-1.50479
15,4656,10,530.44,42.92517,-1.5048
15,4657,10,530.91,42.92508,-1.50481
15,4658,10,531.53,42.925,-1.5048
15,4659,10,532.14,42.92491,-1.50478
15,4660,10,532.54,42.92482,-1.50476
15,4661,10,532.99,42.92473,-1.50473
15,4662,10,533.39,42.92464,-1.5047
15,4663,10,533.79,42.92456,-1.50466
15,4664,10,534.13,42.92447,-1.50462
15,4665,10,534.39,42.92439,-1.50458
15,4666,10,534.58,42.9243,-1.50454
15,4667,10,535.36,42.92423,-1.50448
15,4668,10,536.34,42.92414,-1.50452
15,4669,10,537.18,42.92406,-1.50456
15,4670,10,537.91,42.92398,-1.50462
15,4671,10,538.62,42.9239,-1.50468
15,4672,10,539.11,42.92384,-1.50473
15,4673,10,538.36,42.92385,-1.50485
15,4674,10,538.09,42.92382,-1.50497
15,4675,10,537.85,42.92379,-1.50508
15,4676,10,536.99,42.92376,-1.5052
15,4677,10,535.86,42.92373,-1.50531
15,4678,10,534.53,42.9237,-1.50543
15,4679,10,533.06,42.92368,-1.50555
15,4680,10,531.56,42.92366,-1.50567
15,4681,10,530.27,42.92362,-1.50578
15,4682,10,529.03,42.9236,-1.5059
15,4683,10,528.14,42.92357,-1.50601
15,4684,10,527.37,42.92353,-1.50612
15,4685,10,526.52,42.92349,-1.50623
15,4686,10,525.6,42.92345,-1.50634
15,4687,10,524.66,42.9234,-1.50645
15,4688,10,524.37,42.92335,-1.5065
15,4689,10,525.6,42.92327,-1.50644
15,4690,10,526.79,42.92319,-1.50639
15,4691,10,527.83,42.9231,-1.50636
15,4692,10,528.61,42.92301,-1.50635
15,4693,10,528.86,42.92293,-1.50637
15,4694,10,529.54,42.92284,-1.50639
15,4695,10,530.1,42.92275,-1.50643
15,4696,10,530.49,42.92267,-1.50647
15,4697,10,530.85,42.92259,-1.50652
15,4698,10,531.51,42.9225,-1.50657
15,4699,10,531.95,42.92242,-1.50662
15,4700,10,532.31,42.92234,-1.50667
15,4701,10,532.59,42.92226,-1.50672
15,4702,10,533.28,42.92217,-1.50676
15,4703,10,534.05,42.92209,-1.5068
15,4704,10,534.93,42.922,-1.50684
15,4705,10,535.59,42.92192,-1.50688
15,4706,10,536.19,42.92183,-1.50693
15,4707,10,536.56,42.92175,-1.50698
15,4708,10,537.04,42.92167,-1.50702
15,4709,10,537.42,42.92158,-1.50707
15,4710,10,537.88,42.9215,-1.50711
15,4711,10,538.52,42.92142,-1.50715
15,4712,10,539.35,42.92133,-1.50719
15,4713,10,540.17,42.92125,-1.50723
15,4714,10,541.0,42.92116,-1.50728
15,4715,10,541.76,42.92108,-1.50732
15,4716,10,542.35,42.921,-1.50737
15,4717,10,543.07,42.92091,-1.50742
15,4718,10,543.63,42.92083,-1.50747
15,4719,10,545.11,42.92074,-1.5075
15,4720,10,546.22,42.92066,-1.50754
15,4721,10,547.01,42.92058,-1.5076
15,4722,10,547.95,42.9205,-1.50765
15,4723,10,548.74,42.92042,-1.50771
15,4724,10,549.36,42.92034,-1.50778
15,4725,10,549.39,42.92028,-1.50786
15,4726,10,549.69,42.92022,-1.50795
15,4727,10,549.44,42.92018,-1.50806
15,4728,10,548.99,42.92015,-1.50817
15,4729,10,548.54,42.92011,-1.50829
15,4730,10,547.73,42.92009,-1.50841
15,4731,10,547.24,42.92006,-1.50852
15,4732,10,546.81,42.92003,-1.50864
15,4733,10,547.04,42.91998,-1.50874
15,4734,10,547.32,42.91993,-1.50884
15,4735,10,547.86,42.91987,-1.50894
15,4736,10,548.0,42.91983,-1.50904
15,4737,10,548.1,42.91979,-1.50915
15,4738,10,548.2,42.91975,-1.50926
15,4739,10,548.98,42.91968,-1.50934
15,4740,10,549.54,42.91962,-1.50942
15,4741,10,549.34,42.91958,-1.50953
15,4742,10,550.19,42.91951,-1.50961
15,4743,10,550.68,42.91945,-1.50969
15,4744,10,551.45,42.91936,-1.50974
15,4745,10,552.09,42.91928,-1.50979
15,4746,10,552.75,42.9192,-1.50984
15,4747,10,553.42,42.91912,-1.50989
15,4748,10,554.02,42.91904,-1.50995
15,4749,10,554.64,42.91896,-1.51001
15,4750,10,555.28,42.91888,-1.51007
15,4751,10,555.95,42.9188,-1.51013
15,4752,10,556.32,42.91872,-1.51018
15,4753,10,556.58,42.91864,-1.51023
15,4754,10,556.72,42.91856,-1.5103
15,4755,10,556.89,42.91849,-1.51036
15,4756,10,557.11,42.91841,-1.51043
15,4757,10,557.29,42.91834,-1.5105
15,4758,10,557.67,42.91826,-1.51056
15,4759,10,557.84,42.91819,-1.51064
15,4760,10,558.04,42.91812,-1.51071
15,4761,10,558.39,42.91805,-1.51079
15,4762,10,559.2,42.91797,-1.51085
15,4763,10,559.84,42.9179,-1.51092
15,4764,10,560.74,42.91782,-1.51098
15,4765,10,561.62,42.91774,-1.51105
15,4766,10,562.66,42.91766,-1.5111
15,4767,10,563.78,42.91758,-1.51114
15,4768,10,565.1,42.91749,-1.51118
15,4769,10,566.24,42.91741,-1.51123
15,4770,10,566.84,42.91733,-1.51129
15,4771,10,567.12,42.91725,-1.51135
15,4772,10,567.39,42.91717,-1.5114
15,4773,10,567.54,42.91709,-1.51146
15,4774,10,567.78,42.91701,-1.51151
15,4775,10,568.0,42.91693,-1.51156
15,4776,10,568.41,42.91684,-1.5116
15,4777,10,569.04,42.91675,-1.51162
15,4778,10,569.78,42.91667,-1.51164
15,4779,10,570.66,42.91658,-1.51167
15,4780,10,571.04,42.9165,-1.51173
15,4781,10,571.52,42.91642,-1.51178
15,4782,10,571.86,42.91634,-1.51184
15,4783,10,572.18,42.91626,-1.5119
15,4784,10,572.09,42.91619,-1.51198
15,4785,10,571.67,42.91612,-1.51206
15,4786,10,571.54,42.91605,-1.51212
15,4787,10,570.91,42.91598,-1.5122
15,4788,10,569.77,42.91592,-1.5123
15,4789,10,568.71,42.91587,-1.51239
15,4790,10,567.85,42.9158,-1.51248
15,4791,10,567.06,42.91574,-1.51256
15,4792,10,566.38,42.91567,-1.51264
15,4793,10,565.3,42.91561,-1.51273
15,4794,10,564.11,42.91555,-1.51282
15,4795,10,562.4,42.9155,-1.51293
15,4796,10,560.38,42.91548,-1.51304
15,4797,10,558.63,42.91543,-1.51315
15,4798,10,557.06,42.91538,-1.51325
15,4799,10,555.32,42.91533,-1.51335
15,4800,10,553.63,42.91527,-1.51344
15,4801,10,552.04,42.91521,-1.51353
15,4802,10,550.66,42.91514,-1.51361
15,4803,10,549.49,42.91507,-1.51368
15,4804,10,548.03,42.91502,-1.51377
15,4805,10,547.2,42.91509,-1.51382
15,4806,10,547.66,42.91518,-1.51379
15,4807,10,546.46,42.91521,-1.51386
15,4808,10,544.83,42.91516,-1.51396
15,4809,10,543.58,42.9151,-1.51404
15,4810,10,542.57,42.91503,-1.51413
15,4811,10,541.7,42.91497,-1.51421
15,4812,10,540.54,42.91491,-1.51431
15,4813,10,539.46,42.91486,-1.5144
15,4814,10,538.13,42.91489,-1.51451
15,4815,10,537.12,42.91484,-1.51459
15,4816,10,536.91,42.91475,-1.5146
15,4817,10,536.07,42.91468,-1.51466
15,4818,10,534.77,42.91462,-1.51475
15,4819,10,533.46,42.91456,-1.51485
15,4820,10,532.28,42.9145,-1.51494
15,4821,10,531.03,42.91445,-1.51504
15,4822,10,529.81,42.9144,-1.51514
15,4823,10,528.49,42.91435,-1.51525
15,4824,10,527.33,42.91431,-1.51535
15,4825,10,526.13,42.91426,-1.51546
15,4826,10,525.26,42.9142,-1.51555
15,4827,10,524.38,42.91414,-1.51564
15,4828,10,523.67,42.91407,-1.51571
15,4829,10,523.27,42.91398,-1.51574
15,4830,10,523.41,42.91389,-1.51577
15,4831,10,523.65,42.91381,-1.51579
15,4832,10,523.35,42.91374,-1.51587
15,4833,10,522.86,42.91368,-1.51597
15,4834,10,522.33,42.91363,-1.51607
15,4835,10,521.94,42.91357,-1.51616
15,4836,10,521.49,42.91351,-1.51625
15,4837,10,520.96,42.91345,-1.51634
15,4838,10,520.5,42.91338,-1.51642
15,4839,10,519.71,42.91333,-1.51652
15,4840,10,519.13,42.91327,-1.51661
15,4841,10,519.18,42.9132,-1.51669
15,4842,10,520.19,42.91312,-1.51669
15,4843,10,521.81,42.91303,-1.51665
15,4844,10,523.11,42.91294,-1.51664
15,4845,10,524.28,42.91285,-1.51664
15,4846,10,525.3,42.91276,-1.51665
15,4847,10,526.16,42.91267,-1.51667
15,4848,10,526.73,42.91259,-1.5167
15,4849,10,527.65,42.9125,-1.51674
15,4850,10,528.42,42.91242,-1.51678
15,4851,10,529.57,42.91233,-1.51681
15,4852,10,530.74,42.91224,-1.51685
15,4853,10,531.67,42.91216,-1.5169
15,4854,10,532.53,42.91208,-1.51696
15,4855,10,533.16,42.91201,-1.51703
15,4856,10,533.83,42.91194,-1.5171
15,4857,10,534.69,42.91186,-1.51717
15,4858,10,535.69,42.91178,-1.51722
15,4859,10,536.77,42.9117,-1.51726
15,4860,10,537.92,42.91161,-1.51731
15,4861,10,538.96,42.91153,-1.51735
15,4862,10,539.8,42.91145,-1.51741
16,4863,10,543.41,42.91116,-1.51752
16,4864,10,545.33,42.9111,-1.51742
16,4865,10,547.02,42.91106,-1.51731
16,4866,10,548.62,42.91102,-1.51721
16,4867,10,550.25,42.91094,-1.51716
16,4868,10,551.72,42.91085,-1.51714
16,4869,10,552.96,42.91076,-1.51714
16,4870,10,554.09,42.91067,-1.51715
16,4871,10,554.62,42.91059,-1.5172
16,4872,10,554.66,42.91052,-1.51728
16,4873,10,554.07,42.91048,-1.51738
16,4874,10,552.98,42.91046,-1.5175
16,4875,10,551.75,42.91045,-1.51762
16,4876,10,550.41,42.91044,-1.51775
16,4877,10,549.19,42.91043,-1.51787
16,4878,10,547.97,42.91042,-1.51799
16,4879,10,546.77,42.91041,-1.51811
16,4880,10,545.73,42.9104,-1.51823
16,4881,10,545.04,42.91038,-1.51835
16,4882,10,544.12,42.91037,-1.51848
16,4883,10,543.28,42.91036,-1.5186
16,4884,10,542.45,42.91035,-1.51872
16,4885,10,541.79,42.91033,-1.51884
16,4886,10,540.93,42.91032,-1.51896
16,4887,10,540.23,42.9103,-1.51908
16,4888,10,539.36,42.91029,-1.5192
16,4889,10,538.66,42.91027,-1.51932
16,4890,10,537.96,42.91025,-1.51944
16,4891,10,537.52,42.91022,-1.51955
16,4892,10,536.99,42.91018,-1.51967
16,4893,10,536.57,42.91014,-1.51978
16,4894,10,536.15,42.9101,-1.51989
16,4895,10,535.73,42.91006,-1.52
16,4896,10,535.13,42.91003,-1.52011
16,4897,10,534.71,42.90999,-1.52022
16,4898,10,534.42,42.90995,-1.52033
16,4899,10,534.16,42.90991,-1.52044
16,4900,10,533.9,42.90987,-1.52055
16,4901,10,533.29,42.90984,-1.52067
16,4902,10,532.73,42.9098,-1.52078
16,4903,10,532.08,42.90977,-1.52089
16,4904,10,531.46,42.90973,-1.521
16,4905,10,530.83,42.90969,-1.52111
16,4906,10,530.04,42.90966,-1.52123
16,4907,10,529.48,42.90962,-1.52134
16,4908,10,528.97,42.90958,-1.52145
16,4909,10,528.71,42.90953,-1.52155
16,4910,10,528.49,42.90948,-1.52165
16,4911,10,528.13,42.90944,-1.52176
16,4912,10,527.85,42.9094,-1.52187
16,4913,10,527.64,42.90936,-1.52198
16,4914,10,527.58,42.90932,-1.52208
16,4915,10,527.69,42.90927,-1.52219
16,4916,10,527.7,42.90923,-1.5223
17,4917,10,523.63,42.9091,-1.52313
17,4918,10,522.18,42.90912,-1.52325
17,4919,10,521.86,42.9091,-1.52336
17,4920,10,522.32,42.90905,-1.52346
17,4921,10,523.04,42.90899,-1.52355
17,4922,10,523.69,42.90893,-1.52364
17,4923,10,524.73,42.90886,-1.52371
17,4924,10,525.61,42.90879,-1.52379
17,4925,10,526.4,42.90872,-1.52387
17,4926,10,526.79,42.90866,-1.52396
17,4927,10,527.39,42.90859,-1.52404
17,4928,10,527.89,42.90852,-1.52412
17,4929,10,527.9,42.90846,-1.52421
17,4930,10,527.88,42.90839,-1.52429
17,4931,10,527.98,42.90832,-1.52437
17,4932,10,528.34,42.90826,-1.52445
17,4933,10,528.78,42.90819,-1.52453
17,4934,10,529.18,42.90812,-1.52461
17,4935,10,529.76,42.90804,-1.52467
17,4936,10,530.17,42.90797,-1.52474
17,4937,10,530.28,42.90791,-1.52484
17,4938,10,530.18,42.90787,-1.52494
17,4939,10,529.99,42.90783,-1.52506
17,4940,10,529.75,42.90779,-1.52516
17,4941,10,529.35,42.90772,-1.52523
17,4942,10,529.39,42.90763,-1.52522
17,4943,10,529.36,42.90754,-1.5252
17,4944,10,529.44,42.90746,-1.52516
17,4945,10,529.66,42.90737,-1.5251
17,4946,10,529.98,42.90729,-1.52505
17,4947,10,529.86,42.9072,-1.52504
17,4948,10,529.66,42.90711,-1.52505
17,4949,10,529.22,42.90703,-1.52508
17,4950,10,528.8,42.90694,-1.52512
17,4951,10,528.45,42.90686,-1.52516
17,4952,10,528.25,42.90677,-1.52519
17,4953,10,527.94,42.90668,-1.52523
17,4954,10,527.68,42.9066,-1.52527
17,4955,10,527.64,42.90651,-1.52528
17,4956,10,527.69,42.90644,-1.52534
17,4957,10,527.93,42.90643,-1.52546
17,4958,10,528.73,42.90641,-1.52558
17,4959,10,529.4,42.90641,-1.5257
17,4960,10,530.44,42.90644,-1.52582
17,4961,10,531.81,42.90647,-1.52593
17,4962,10,533.21,42.90652,-1.52604
17,4963,10,534.44,42.90657,-1.52614
17,4964,10,534.95,42.90663,-1.52623
17,4965,10,535.11,42.90669,-1.52632
17,4966,10,534.64,42.90675,-1.52641
17,4967,10,534.17,42.90681,-1.5265
17,4968,10,533.05,42.90688,-1.52659
17,4969,10,532.21,42.90694,-1.52668
17,4970,10,531.55,42.907,-1.52677
17,4971,10,531.45,42.90704,-1.52687
17,4972,10,530.96,42.90708,-1.52698
17,4973,10,529.91,42.90711,-1.5271
17,4974,10,528.8,42.90713,-1.52722
17,4975,10,526.47,42.90718,-1.52732
17,4976,10,524.61,42.90722,-1.52743
17,4977,10,523.95,42.90729,-1.52751
17,4978,10,523.78,42.90737,-1.52758
17,4979,10,523.85,42.90743,-1.52766
17,4980,10,524.06,42.90747,-1.52777
17,4981,10,523.97,42.9075,-1.52789
17,4982,10,523.87,42.90753,-1.528
17,4983,10,523.71,42.90757,-1.52811
17,4984,10,524.08,42.90759,-1.52823
17,4985,10,524.03,42.9076,-1.52835
17,4986,10,523.71,42.90762,-1.52847
17,4987,10,523.7,42.90765,-1.52859
17,4988,10,523.56,42.90765,-1.52871
17,4989,10,523.33,42.90764,-1.52883
17,4990,10,522.93,42.90763,-1.52896
17,4991,10,522.35,42.90761,-1.52908
17,4992,10,521.73,42.90759,-1.5292
17,4993,10,521.16,42.90758,-1.52932
17,4994,10,521.18,42.90756,-1.52944
17,4995,10,521.01,42.90753,-1.52955
17,4996,10,520.61,42.90749,-1.52966
17,4997,10,520.02,42.90746,-1.52977
17,4998,10,519.21,42.90742,-1.52989
17,4999,10,518.8,42.90738,-1.53
17,5000,10,518.87,42.90733,-1.5301
17,5001,10,519.04,42.90728,-1.5302
17,5002,10,518.8,42.90724,-1.53031
17,5003,10,518.57,42.90719,-1.53041
17,5004,10,518.06,42.90714,-1.53052
17,5005,10,517.69,42.9071,-1.53062
17,5006,10,517.46,42.90706,-1.53073
17,5007,10,517.56,42.90701,-1.53084
17,5008,10,517.62,42.90697,-1.53094
17,5009,10,517.82,42.90692,-1.53104
17,5010,10,517.96,42.90687,-1.53115
17,5011,10,518.07,42.90682,-1.53125
17,5012,10,518.22,42.90677,-1.53135
17,5013,10,517.95,42.90672,-1.53146
17,5014,10,517.79,42.90667,-1.53156
17,5015,10,517.61,42.90662,-1.53166
17,5016,10,517.31,42.90658,-1.53177
17,5017,10,517.05,42.90653,-1.53187
17,5018,10,516.97,42.90647,-1.53197
17,5019,10,516.5,42.90642,-1.53206
17,5020,10,516.45,42.90636,-1.53216
17,5021,10,516.45,42.90631,-1.53226
17,5022,10,516.21,42.90625,-1.53235
17,5023,10,515.43,42.90619,-1.53244
17,5024,10,514.78,42.90612,-1.53253
17,5025,10,514.27,42.90606,-1.53261
17,5026,10,513.73,42.906,-1.5327
17,5027,10,514.23,42.90593,-1.53279
17,5028,10,513.82,42.9059,-1.5329
17,5029,10,513.39,42.90586,-1.533
17,5030,10,513.69,42.9058,-1.53309
17,5031,10,513.69,42.90573,-1.53317
17,5032,10,513.76,42.90565,-1.53324
17,5033,10,513.58,42.90558,-1.53331
17,5034,10,513.84,42.9055,-1.53337
17,5035,10,513.86,42.90543,-1.53344
17,5036,10,513.71,42.90535,-1.53351
17,5037,10,513.29,42.90528,-1.53358
17,5038,10,513.04,42.9052,-1.53365
17,5039,10,512.41,42.90513,-1.53371
17,5040,10,512.68,42.90505,-1.53378
17,5041,10,513.08,42.90498,-1.53385
17,5042,10,512.97,42.9049,-1.53392
17,5043,10,513.09,42.90482,-1.53395
17,5044,10,513.1,42.90474,-1.53401
17,5045,10,513.67,42.90466,-1.53407
17,5046,10,513.94,42.90459,-1.53414
17,5047,10,513.85,42.90451,-1.53421
17,5048,10,513.49,42.90444,-1.53428
17,5049,10,513.54,42.90437,-1.53435
17,5050,10,513.72,42.90429,-1.53442
17,5051,10,514.13,42.90422,-1.53449
17,5052,10,514.38,42.90414,-1.53456
17,5053,10,513.77,42.90408,-1.53464
17,5054,10,513.26,42.90401,-1.53472
17,5055,10,513.23,42.90395,-1.53481
17,5056,10,512.69,42.9039,-1.53492
17,5057,10,512.2,42.90385,-1.53502
17,5058,10,512.07,42.90378,-1.53509
17,5059,10,510.89,42.90371,-1.53517
17,5060,10,510.19,42.90363,-1.53523
17,5061,10,510.05,42.90355,-1.53527
17,5062,10,510.08,42.90346,-1.53529
17,5063,10,510.43,42.90337,-1.5353
17,5064,10,511.35,42.90328,-1.53531
17,5065,10,512.18,42.90319,-1.53532
17,5066,10,512.73,42.90312,-1.53536
17,5067,10,512.96,42.90313,-1.53547
17,5068,10,513.18,42.90318,-1.53558
17,5069,10,513.57,42.90319,-1.5357
17,5070,10,513.69,42.90319,-1.53582
17,5071,10,513.65,42.90316,-1.53593
17,5072,10,513.47,42.90313,-1.53605
17,5073,10,513.5,42.90308,-1.53615
17,5074,10,513.63,42.90303,-1.53625
17,5075,10,513.66,42.90298,-1.53635
17,5076,10,513.6,42.90292,-1.53644
17,5077,10,512.87,42.90287,-1.53654
17,5078,10,512.43,42.90282,-1.53664
17,5079,10,512.22,42.90276,-1.53674
17,5080,10,511.85,42.90271,-1.53684
17,5081,10,511.13,42.90267,-1.53695
17,5082,10,509.88,42.90262,-1.53705
17,5083,10,508.91,42.90257,-1.53715
17,5084,10,508.66,42.90251,-1.53725
17,5085,10,508.14,42.90246,-1.53735
17,5086,10,507.32,42.90241,-1.53745
17,5087,10,506.67,42.90236,-1.53755
17,5088,10,505.48,42.90231,-1.53765
17,5089,10,503.9,42.90226,-1.53775
17,5090,10,503.54,42.90221,-1.53786
17,5091,10,504.13,42.90216,-1.53796
17,5092,10,503.93,42.90211,-1.53806
17,5093,10,504.46,42.90205,-1.53815
17,5094,10,503.82,42.90202,-1.53827
17,5095,10,503.0,42.90199,-1.53838
17,5096,10,502.93,42.90194,-1.53849
17,5097,10,503.09,42.9019,-1.53859
17,5098,10,503.41,42.90185,-1.53869
17,5099,10,504.15,42.90178,-1.53877
17,5100,10,504.55,42.90171,-1.53885
17,5101,10,504.37,42.90165,-1.53893
17,5102,10,503.94,42.90158,-1.53901
17,5103,10,503.88,42.90149,-1.53905
17,5104,10,503.9,42.9014,-1.53906
17,5105,10,505.15,42.90133,-1.53898
17,5106,10,505.85,42.90126,-1.53892
17,5107,10,505.36,42.90118,-1.53887
17,5108,10,504.92,42.9011,-1.53892
17,5109,10,505.19,42.90106,-1.53902
17,5110,10,504.67,42.90106,-1.53914
17,5111,10,503.59,42.90107,-1.53927
17,5112,10,503.23,42.90108,-1.53939
17,5113,10,503.06,42.90109,-1.53951
17,5114,10,502.9,42.90108,-1.53963
17,5115,10,502.89,42.90104,-1.53974
17,5116,10,502.65,42.901,-1.53984
17,5117,10,502.23,42.90095,-1.53994
18,5118,10,498.16,42.90068,-1.54043
18,5119,10,496.78,42.90065,-1.54054
18,5120,10,497.39,42.90058,-1.54062
18,5121,10,497.73,42.90051,-1.5407
18,5122,10,499.12,42.90043,-1.54077
18,5123,10,500.73,42.90035,-1.54083
18,5124,10,501.34,42.90028,-1.54089
18,5125,10,501.97,42.90019,-1.54093
18,5126,10,502.82,42.90011,-1.54097
18,5127,10,504.01,42.90002,-1.54102
18,5128,10,504.96,42.89994,-1.54107
18,5129,10,505.61,42.89986,-1.54112
18,5130,10,506.17,42.89978,-1.54117
18,5131,10,506.51,42.89969,-1.54121
18,5132,10,506.93,42.89961,-1.54125
18,5133,10,507.58,42.89952,-1.54129
18,5134,10,508.12,42.89944,-1.54133
18,5135,10,508.98,42.89935,-1.54137
18,5136,10,509.47,42.89927,-1.54141
18,5137,10,510.21,42.89918,-1.54145
18,5138,10,510.9,42.8991,-1.5415
18,5139,10,511.59,42.89902,-1.54156
18,5140,10,513.0,42.89894,-1.54162
18,5141,10,514.06,42.89886,-1.54168
18,5142,10,514.47,42.89878,-1.54172
18,5143,10,515.25,42.8987,-1.54176
18,5144,10,516.13,42.89861,-1.54181
18,5145,10,516.76,42.89853,-1.54185
18,5146,10,517.73,42.89844,-1.54189
18,5147,10,518.32,42.89836,-1.54193
18,5148,10,518.69,42.89827,-1.54197
18,5149,10,519.09,42.89818,-1.542
18,5150,10,519.34,42.89809,-1.542
18,5151,10,519.1,42.898,-1.54201
18,5152,10,519.32,42.89792,-1.54199
18,5153,10,519.73,42.89783,-1.54196
18,5154,10,519.83,42.89774,-1.54193
18,5155,10,519.43,42.89765,-1.5419
18,5156,10,519.12,42.89757,-1.54187
18,5157,10,518.86,42.89748,-1.54185
18,5158,10,519.22,42.89739,-1.54184
18,5159,10,519.86,42.8973,-1.54183
18,5160,10,520.16,42.89721,-1.54185
18,5161,10,520.65,42.89712,-1.54187
18,5162,10,521.04,42.89703,-1.54188
18,5163,10,520.87,42.89695,-1.54194
18,5164,10,520.02,42.89689,-1.54202
18,5165,10,519.96,42.89684,-1.54212
18,5166,10,520.4,42.89679,-1.54223
18,5167,10,521.22,42.89675,-1.54233
18,5168,10,522.53,42.89671,-1.54244
18,5169,10,524.56,42.89671,-1.54255
18,5170,10,526.08,42.89676,-1.54265
18,5171,10,527.8,42.89682,-1.54275
18,5172,10,529.26,42.89688,-1.54284
18,5173,10,529.81,42.89694,-1.54292
18,5174,10,530.33,42.89699,-1.54303
18,5175,10,531.17,42.89699,-1.54314
18,5176,10,532.17,42.89694,-1.54323
18,5177,10,533.1,42.89686,-1.5433
18,5178,10,533.81,42.89679,-1.54336
19,5179,10,534.86,42.89649,-1.54371
19,5180,10,533.86,42.89646,-1.54383
19,5181,10,532.42,42.89643,-1.54394
19,5182,10,530.1,42.89643,-1.54407
19,5183,10,528.7,42.89641,-1.54418
19,5184,10,527.11,42.89639,-1.5443
19,5185,10,524.94,42.8964,-1.54442
19,5186,10,523.16,42.89639,-1.54454
19,5187,10,521.97,42.89634,-1.54464
19,5188,10,520.18,42.89631,-1.54476
19,5189,10,518.62,42.89629,-1.54488
19,5190,10,517.72,42.89625,-1.54498
19,5191,10,517.03,42.89621,-1.54509
19,5192,10,516.41,42.89616,-1.5452
19,5193,10,515.94,42.89612,-1.54531
19,5194,10,515.94,42.89606,-1.54539
19,5195,10,515.98,42.89599,-1.54547
19,5196,10,515.99,42.89592,-1.54554
19,5197,10,515.74,42.89585,-1.54563
19,5198,10,515.37,42.89579,-1.54572
19,5199,10,516.08,42.89573,-1.54581
19,5200,10,516.93,42.89567,-1.5459
19,5201,10,517.79,42.89561,-1.54599
19,5202,10,518.06,42.89555,-1.54608
19,5203,10,518.45,42.89549,-1.54617
19,5204,10,518.41,42.89543,-1.54626
19,5205,10,517.76,42.89537,-1.54636
19,5206,10,516.94,42.89531,-1.54645
19,5207,10,515.95,42.89525,-1.54654
19,5208,10,515.35,42.89519,-1.54663
19,5209,10,514.63,42.89513,-1.54673
19,5210,10,514.09,42.89508,-1.54683
19,5211,10,513.8,42.89504,-1.54693
19,5212,10,513.99,42.895,-1.54705
19,5213,10,513.92,42.89498,-1.54716
19,5214,10,513.45,42.89495,-1.54728
19,5215,10,512.69,42.89493,-1.5474
19,5216,10,511.62,42.89492,-1.54752
19,5217,10,511.37,42.8949,-1.54764
19,5218,10,510.6,42.89492,-1.54776
19,5219,10,509.89,42.89494,-1.54788
19,5220,10,509.48,42.89496,-1.548
19,5221,10,508.99,42.89498,-1.54812
19,5222,10,508.42,42.89499,-1.54824
19,5223,10,507.73,42.89501,-1.54836
19,5224,10,506.92,42.89503,-1.54848
19,5225,10,506.51,42.89503,-1.5486
19,5226,10,505.8,42.89504,-1.54872
19,5227,10,505.19,42.89504,-1.54885
19,5228,10,504.69,42.89503,-1.54897
19,5229,10,504.42,42.89502,-1.54909
19,5230,10,504.26,42.89501,-1.54921
19,5231,10,503.78,42.89499,-1.54933
19,5232,10,503.33,42.89496,-1.54944
19,5233,10,502.49,42.89492,-1.54956
19,5234,10,502.32,42.89486,-1.54964
19,5235,10,502.36,42.89479,-1.54972
19,5236,10,502.25,42.89473,-1.5498
19,5237,10,502.32,42.89465,-1.54986
19,5238,10,503.33,42.89458,-1.54979
19,5239,10,505.02,42.8945,-1.54981
19,5240,10,506.33,42.89444,-1.5499
19,5241,10,506.37,42.89438,-1.54999
19,5242,10,506.02,42.89432,-1.55008
19,5243,10,505.63,42.89426,-1.55017
19,5244,10,504.81,42.89419,-1.55025
19,5245,10,504.85,42.89412,-1.55033
19,5246,10,505.46,42.89405,-1.5504
19,5247,10,505.75,42.89398,-1.55048
19,5248,10,505.92,42.89392,-1.55057
19,5249,10,506.03,42.89386,-1.55067
19,5250,10,506.51,42.8938,-1.55076
19,5251,10,507.46,42.89375,-1.55085
19,5252,10,509.47,42.89369,-1.55095
19,5253,10,510.83,42.89365,-1.55106
19,5254,10,511.31,42.89361,-1.55116
19,5255,10,511.77,42.89356,-1.55127
19,5256,10,512.42,42.89351,-1.55137
19,5257,10,513.83,42.89345,-1.55146
19,5258,10,514.73,42.89338,-1.55155
19,5259,10,514.63,42.89332,-1.55163
19,5260,10,513.83,42.89326,-1.55172
19,5261,10,513.19,42.89319,-1.55181
19,5262,10,512.75,42.89314,-1.5519
19,5263,10,512.62,42.89309,-1.552
19,5264,10,512.33,42.89304,-1.55211
19,5265,10,511.88,42.89299,-1.55221
19,5266,10,511.22,42.89294,-1.55231
19,5267,10,511.62,42.89288,-1.5524
19,5268,10,513.29,42.8928,-1.55245
19,5269,10,515.05,42.89271,-1.55249
19,5270,10,516.91,42.89263,-1.55252
19,5271,10,519.73,42.89254,-1.55256
19,5272,10,521.85,42.89246,-1.5526
19,5273,10,522.73,42.89238,-1.55265
19,5274,10,522.0,42.89231,-1.55272
19,5275,10,520.13,42.89223,-1.5528
19,5276,10,517.36,42.89216,-1.55288
19,5277,10,516.37,42.89209,-1.55295
19,5278,10,516.81,42.89202,-1.55302
19,5279,10,517.47,42.89195,-1.55309
19,5280,10,517.45,42.89191,-1.5532
19,5281,10,517.98,42.89187,-1.55331
19,5282,10,518.82,42.89183,-1.55342
19,5283,10,520.84,42.89179,-1.55354
19,5284,10,523.94,42.89176,-1.55365
19,5285,10,527.85,42.89171,-1.55375
19,5286,10,529.94,42.89166,-1.55385
19,5287,10,530.61,42.8916,-1.55395
19,5288,10,529.3,42.89154,-1.55404
19,5289,10,527.12,42.89148,-1.55413
19,5290,10,525.3,42.89142,-1.55422
19,5291,10,524.29,42.89135,-1.55429
19,5292,10,523.61,42.89128,-1.55436
19,5293,10,523.64,42.8912,-1.55442
19,5294,10,524.57,42.89111,-1.55446
19,5295,10,525.14,42.89103,-1.55451
19,5296,10,525.42,42.89095,-1.55457
19,5297,10,525.89,42.89087,-1.55462
19,5298,10,526.03,42.89079,-1.55468
19,5299,10,526.68,42.89071,-1.55472
19,5300,10,527.39,42.89062,-1.55477
19,5301,10,528.3,42.89054,-1.55481
19,5302,10,528.36,42.89047,-1.55488
19,5303,10,528.16,42.8904,-1.55496
19,5304,10,527.67,42.89033,-1.55505
19,5305,10,527.04,42.89027,-1.55513
19,5306,10,526.22,42.8902,-1.55522
19,5307,10,525.4,42.89014,-1.5553
19,5308,10,524.74,42.89007,-1.55539
19,5309,10,524.27,42.89001,-1.55547
19,5310,10,523.79,42.88995,-1.55556
19,5311,10,523.24,42.8899,-1.55566
19,5312,10,523.03,42.88985,-1.55576
19,5313,10,522.78,42.8898,-1.55587
19,5314,10,521.89,42.88977,-1.55598
19,5315,10,521.0,42.88973,-1.55609
19,5316,10,522.21,42.88966,-1.55616
19,5317,10,523.2,42.88959,-1.55624
19,5318,10,521.8,42.88956,-1.55636
19,5319,10,520.99,42.88952,-1.55647
19,5320,10,517.55,42.88954,-1.55658
19,5321,10,515.79,42.88953,-1.55667
19,5322,10,514.3,42.8895,-1.55678
19,5323,10,515.35,42.88942,-1.55685
19,5324,10,514.18,42.88939,-1.55694
19,5325,10,510.1,42.88942,-1.55705
19,5326,10,504.95,42.88945,-1.55716
19,5327,10,501.82,42.88942,-1.55727
19,5328,10,498.24,42.88942,-1.55738
19,5329,10,497.36,42.88944,-1.55749
19,5330,10,496.66,42.88946,-1.55761
19,5331,10,495.8,42.88945,-1.55774
19,5332,10,494.43,42.88944,-1.55786
19,5333,10,493.09,42.88946,-1.55796
19,5334,10,491.84,42.88953,-1.55803
19,5335,10,490.26,42.88955,-1.55815
19,5336,10,488.51,42.88957,-1.55827
19,5337,10,486.68,42.88954,-1.55839
19,5338,10,486.75,42.8895,-1.55849
19,5339,10,487.88,42.88945,-1.55859
19,5340,10,488.55,42.88937,-1.55864
19,5341,10,489.04,42.88929,-1.5587
19,5342,10,489.32,42.88921,-1.55875
19,5343,10,489.38,42.88912,-1.5588
19,5344,10,489.44,42.88904,-1.55883
19,5345,10,489.71,42.88895,-1.55887
19,5346,10,490.71,42.88887,-1.55892
19,5347,10,491.89,42.88879,-1.55897
19,5348,10,492.59,42.8887,-1.55902
19,5349,10,492.9,42.88862,-1.55907
19,5350,10,493.12,42.88854,-1.55912
19,5351,10,492.9,42.88846,-1.55917
19,5352,10,492.87,42.88837,-1.55918
19,5353,10,492.8,42.88828,-1.55921
19,5354,10,492.6,42.8882,-1.55926
19,5355,10,492.0,42.88813,-1.55934
19,5356,10,491.32,42.88806,-1.55942
19,5357,10,491.07,42.88798,-1.55947
19,5358,10,491.0,42.8879,-1.55953
19,5359,10,491.22,42.88783,-1.55961
19,5360,10,491.77,42.88776,-1.55968
19,5361,10,491.17,42.8877,-1.55977
19,5362,10,489.83,42.88764,-1.55987
19,5363,10,489.65,42.88759,-1.55996
19,5364,10,489.63,42.88753,-1.56006
19,5365,10,489.5,42.88747,-1.56015
19,5366,10,488.69,42.88741,-1.56024
19,5367,10,488.1,42.88735,-1.56033
19,5368,10,488.9,42.88729,-1.56042
19,5369,10,490.33,42.88722,-1.56051
19,5370,10,491.48,42.88716,-1.5606
19,5371,10,492.53,42.8871,-1.56068
19,5372,10,493.35,42.88704,-1.56077
19,5373,10,495.16,42.88698,-1.56087
19,5374,10,493.83,42.88697,-1.56099
19,5375,10,493.61,42.88694,-1.5611
19,5376,10,492.82,42.88692,-1.56122
19,5377,10,493.03,42.88689,-1.56134
19,5378,10,492.52,42.88686,-1.56146
19,5379,10,491.46,42.88684,-1.56157
19,5380,10,490.16,42.8868,-1.56168
19,5381,10,490.26,42.88674,-1.56177
19,5382,10,489.92,42.88668,-1.56187
19,5383,10,489.62,42.88662,-1.56196
19,5384,10,489.05,42.88657,-1.56205
19,5385,10,487.96,42.88651,-1.56215
19,5386,10,487.12,42.88645,-1.56224
19,5387,10,486.59,42.88639,-1.56233
19,5388,10,487.32,42.88632,-1.5624
19,5389,10,487.64,42.88624,-1.56246
19,5390,10,487.92,42.88615,-1.5625
19,5391,10,488.88,42.88606,-1.56252
19,5392,10,488.86,42.88598,-1.56255
19,5393,10,488.21,42.88589,-1.5626
19,5394,10,487.08,42.88581,-1.56264
19,5395,10,487.33,42.88572,-1.56266
19,5396,10,486.77,42.88563,-1.56269
19,5397,10,486.35,42.88555,-1.56272
19,5398,10,486.63,42.88546,-1.56273
19,5399,10,486.06,42.88537,-1.56275
19,5400,10,484.55,42.88528,-1.56278
19,5401,10,484.89,42.88519,-1.56277
19,5402,10,484.61,42.8851,-1.56276
19,5403,10,484.71,42.88502,-1.56272
19,5404,10,484.21,42.88494,-1.56268
19,5405,10,484.2,42.88485,-1.56263
19,5406,10,484.44,42.88476,-1.5626
19,5407,10,484.44,42.88468,-1.56258
19,5408,10,484.59,42.88459,-1.56255
19,5409,10,483.57,42.8845,-1.56253
19,5410,10,483.98,42.88441,-1.56249
19,5411,10,484.68,42.88433,-1.56245
19,5412,10,485.8,42.88425,-1.56239
19,5413,10,486.24,42.88418,-1.56232
19,5414,10,485.32,42.88409,-1.56229
19,5415,10,484.03,42.884,-1.56227
19,5416,10,483.79,42.88391,-1.56226
19,5417,10,483.61,42.88383,-1.56229
19,5418,10,483.44,42.88374,-1.56228
19,5419,10,483.13,42.88365,-1.56228
19,5420,10,484.14,42.88356,-1.56227
19,5421,10,484.73,42.88347,-1.56227
19,5422,10,484.86,42.88338,-1.56229
19,5423,10,484.78,42.88329,-1.56231
19,5424,10,484.24,42.8832,-1.56233
19,5425,10,483.37,42.88311,-1.56233
19,5426,10,481.89,42.88302,-1.56233
19,5427,10,481.1,42.88293,-1.56236
19,5428,10,481.3,42.88284,-1.56238
19,5429,10,480.77,42.88276,-1.56241
19,5430,10,481.51,42.88267,-1.56242
19,5431,10,483.14,42.88258,-1.56241
19,5432,10,483.93,42.88249,-1.56241
19,5433,10,484.35,42.8824,-1.56244
19,5434,10,485.68,42.88231,-1.56246
19,5435,10,488.12,42.88222,-1.56249
19,5436,10,489.0,42.88214,-1.56252
19,5437,10,488.08,42.88205,-1.56256
19,5438,10,487.52,42.88196,-1.56259
19,5439,10,489.35,42.88188,-1.56263
19,5440,10,490.75,42.88181,-1.56271
19,5441,10,488.53,42.88176,-1.56281
19,5442,10,485.43,42.88171,-1.56291
19,5443,10,481.99,42.88166,-1.56301
19,5444,10,480.16,42.88161,-1.56311
19,5445,10,479.05,42.88156,-1.56321
19,5446,10,478.2,42.8815,-1.56331
19,5447,10,477.19,42.88144,-1.5634
19,5448,10,476.95,42.88138,-1.56348
19,5449,10,476.87,42.88131,-1.56357
19,5450,10,476.47,42.88125,-1.56365
19,5451,10,476.66,42.88118,-1.56373
19,5452,10,476.48,42.88111,-1.5638
19,5453,10,476.46,42.88104,-1.56388
19,5454,10,476.68,42.88096,-1.56396
19,5455,10,476.94,42.8809,-1.56404
19,5456,10,477.04,42.88082,-1.5641
19,5457,10,477.07,42.88074,-1.56416
19,5458,10,477.05,42.88066,-1.5642
19,5459,10,476.34,42.88057,-1.56422
19,5460,10,475.94,42.88048,-1.56423
19,5461,10,475.9,42.88039,-1.56425
19,5462,10,476.08,42.88031,-1.56429
19,5463,10,476.58,42.88022,-1.56433
19,5464,10,476.92,42.88014,-1.56437
19,5465,10,476.99,42.88005,-1.56441
19,5466,10,476.94,42.87997,-1.56447
19,5467,10,476.56,42.87989,-1.56453
19,5468,10,476.03,42.87982,-1.56458
19,5469,10,475.42,42.87974,-1.56465
19,5470,10,475.09,42.87966,-1.56471
19,5471,10,475.51,42.87959,-1.56478
19,5472,10,475.29,42.8795,-1.56481
19,5473,10,475.06,42.87942,-1.56486
19,5474,10,474.84,42.87934,-1.56492
19,5475,10,474.62,42.87926,-1.56498
19,5476,10,474.35,42.87918,-1.56505
19,5477,10,474.19,42.87911,-1.5651
19,5478,10,474.12,42.87902,-1.56514
19,5479,10,473.99,42.87894,-1.56518
19,5480,10,473.83,42.87885,-1.56522
19,5481,10,473.62,42.87877,-1.56527
19,5482,10,473.45,42.87869,-1.56533
19,5483,10,473.42,42.87861,-1.56538
19,5484,10,473.5,42.87852,-1.56543
19,5485,10,473.47,42.87849,-1.56553
20,5486,10,472.97,42.87856,-1.56585
20,5487,10,473.97,42.8785,-1.56593
20,5488,10,474.98,42.87857,-1.56595
20,5489,10,476.39,42.87859,-1.56607
20,5490,10,476.82,42.87853,-1.56615
20,5491,10,477.24,42.87846,-1.56622
20,5492,10,477.12,42.87838,-1.56626
20,5493,10,476.67,42.87829,-1.5663
20,5494,10,476.04,42.87821,-1.56635
20,5495,10,475.36,42.87812,-1.56639
20,5496,10,474.94,42.87804,-1.56643
20,5497,10,474.8,42.87796,-1.56649
20,5498,10,474.98,42.87788,-1.56654
20,5499,10,475.2,42.8778,-1.5666
20,5500,10,475.33,42.87771,-1.56664
20,5501,10,475.08,42.87763,-1.56669
20,5502,10,474.62,42.87755,-1.56674
20,5503,10,474.6,42.87747,-1.56679
20,5504,10,474.63,42.87738,-1.56684
20,5505,10,474.54,42.8773,-1.56689
20,5506,10,474.76,42.87722,-1.56694
20,5507,10,474.63,42.87714,-1.56699
20,5508,10,474.32,42.87706,-1.56705
20,5509,10,474.07,42.87698,-1.5671
20,5510,10,473.93,42.8769,-1.56716
20,5511,10,473.86,42.87682,-1.56721
20,5512,10,473.96,42.87674,-1.56727
20,5513,10,473.89,42.87665,-1.56732
20,5514,10,473.9,42.87657,-1.56737
20,5515,10,473.98,42.87649,-1.56742
20,5516,10,473.98,42.87641,-1.56747
20,5517,10,474.01,42.87632,-1.56751
20,5518,10,474.3,42.87624,-1.56756
20,5519,10,474.65,42.87616,-1.56762
20,5520,10,474.69,42.87608,-1.56767
20,5521,10,474.57,42.876,-1.56773
20,5522,10,474.43,42.87592,-1.56778
20,5523,10,474.34,42.87584,-1.56784
20,5524,10,474.11,42.87576,-1.56789
20,5525,10,474.02,42.87568,-1.56795
20,5526,10,473.98,42.8756,-1.568
20,5527,10,474.3,42.87552,-1.56806
20,5528,10,474.29,42.87543,-1.5681
20,5529,10,474.33,42.87535,-1.56815
20,5530,10,474.6,42.87527,-1.5682
20,5531,10,474.77,42.87519,-1.56825
20,5532,10,474.85,42.87511,-1.5683
20,5533,10,475.19,42.87502,-1.56836
20,5534,10,475.55,42.87494,-1.56841
20,5535,10,475.71,42.87486,-1.56846
20,5536,10,475.76,42.87478,-1.56851
20,5537,10,475.79,42.8747,-1.56856
20,5538,10,475.82,42.87462,-1.56862
20,5539,10,475.29,42.87454,-1.56867
20,5540,10,475.09,42.87445,-1.56872
20,5541,10,474.99,42.87437,-1.56877
20,5542,10,474.91,42.87429,-1.56882
20,5543,10,475.33,42.87421,-1.56888
20,5544,10,475.6,42.87413,-1.56894
20,5545,10,476.03,42.87405,-1.56899
20,5546,10,476.11,42.87397,-1.56905
20,5547,10,476.17,42.87389,-1.56911
20,5548,10,476.18,42.87381,-1.56917
20,5549,10,476.74,42.87373,-1.56923
20,5550,10,476.91,42.87365,-1.56926
20,5551,10,476.6,42.87358,-1.5692
20,5552,10,475.86,42.87352,-1.56911
20,5553,10,474.87,42.87344,-1.56907
20,5554,10,475.66,42.87335,-1.56912
20,5555,10,475.47,42.87328,-1.56918
20,5556,10,475.3,42.8732,-1.56925
20,5557,10,475.28,42.87313,-1.56931
20,5558,10,475.32,42.87305,-1.56937
20,5559,10,475.51,42.87297,-1.56942
20,5560,10,475.45,42.87288,-1.56945
20,5561,10,474.94,42.87279,-1.56947
20,5562,10,473.64,42.8727,-1.56947
20,5563,10,472.71,42.87261,-1.56945
20,5564,10,472.42,42.87252,-1.56943
20,5565,10,472.32,42.87243,-1.56942
20,5566,10,472.03,42.87234,-1.5694
20,5567,10,471.51,42.87225,-1.56938
20,5568,10,470.88,42.87217,-1.56936
20,5569,10,470.44,42.87208,-1.56935
20,5570,10,470.5,42.87199,-1.56933
20,5571,10,470.56,42.8719,-1.56931
20,5572,10,470.03,42.87181,-1.56929
20,5573,10,469.27,42.87172,-1.56927
20,5574,10,468.76,42.87163,-1.56926
20,5575,10,470.14,42.87154,-1.56924
20,5576,10,470.98,42.87145,-1.56922
20,5577,10,471.13,42.87137,-1.56918
20,5578,10,471.53,42.87128,-1.56914
20,5579,10,471.26,42.87119,-1.56912
20,5580,10,470.64,42.8711,-1.56911
20,5581,10,470.54,42.87102,-1.56913
20,5582,10,470.69,42.87093,-1.56916
20,5583,10,470.81,42.87084,-1.56918
20,5584,10,470.73,42.87075,-1.56921
20,5585,10,470.41,42.87066,-1.56923
20,5586,10,470.31,42.87058,-1.56926
20,5587,10,470.51,42.87049,-1.56926
20,5588,10,470.21,42.8704,-1.56926
20,5589,10,469.88,42.87031,-1.56927
20,5590,10,469.76,42.87022,-1.56926
20,5591,10,470.1,42.87013,-1.56923
20,5592,10,470.59,42.87005,-1.56918
20,5593,10,470.74,42.86996,-1.56913
20,5594,10,470.96,42.86988,-1.56908
20,5595,10,471.27,42.8698,-1.56903
20,5596,10,471.56,42.86972,-1.56899
20,5597,10,472.59,42.86963,-1.56897
20,5598,10,473.6,42.86954,-1.56897
20,5599,10,475.1,42.86945,-1.56897
20,5600,10,475.86,42.86936,-1.56898
20,5601,10,475.76,42.86927,-1.56898
20,5602,10,475.52,42.86918,-1.56898
20,5603,10,475.73,42.86909,-1.56898
20,5604,10,476.07,42.869,-1.56897
20,5605,10,477.38,42.86892,-1.56893
20,5606,10,477.69,42.86884,-1.56886
20,5607,10,479.16,42.86876,-1.56882
20,5608,10,479.5,42.86867,-1.56883
20,5609,10,479.69,42.86858,-1.56884
20,5610,10,480.52,42.86849,-1.56883
20,5611,10,480.31,42.8684,-1.56882
20,5612,10,480.24,42.86831,-1.5688
20,5613,10,480.51,42.86822,-1.56879
20,5614,10,481.44,42.86813,-1.56878
20,5615,10,481.24,42.86804,-1.56878
20,5616,10,480.15,42.86795,-1.5688
20,5617,10,480.93,42.86787,-1.56881
20,5618,10,481.09,42.86778,-1.56883
20,5619,10,480.23,42.86769,-1.56885
20,5620,10,479.76,42.8676,-1.56886
20,5621,10,479.28,42.86751,-1.56888
20,5622,10,479.31,42.86742,-1.56892
20,5623,10,478.95,42.86734,-1.56896
20,5624,10,477.81,42.86726,-1.56901
20,5625,10,478.03,42.86717,-1.56905
20,5626,10,477.91,42.86708,-1.56907
20,5627,10,478.45,42.867,-1.5691
20,5628,10,478.03,42.86692,-1.56916
20,5629,10,478.05,42.86683,-1.56918
20,5630,10,478.02,42.86675,-1.56921
20,5631,10,475.53,42.86666,-1.56926
20,5632,10,474.07,42.86658,-1.5693
20,5633,10,475.42,42.86649,-1.56934
20,5634,10,474.12,42.86641,-1.56939
20,5635,10,475.05,42.86632,-1.56942
20,5636,10,476.8,42.86623,-1.56945
20,5637,10,477.05,42.86615,-1.56949
20,5638,10,477.22,42.86607,-1.56953
20,5639,10,477.31,42.86598,-1.56958
20,5640,10,480.1,42.86589,-1.5696
20,5641,10,480.15,42.86582,-1.56967
20,5642,10,481.33,42.86574,-1.56973
20,5643,10,481.4,42.86567,-1.5698
20,5644,10,482.39,42.86559,-1.56987
20,5645,10,481.47,42.86552,-1.56994
20,5646,10,482.2,42.86544,-1.56993
20,5647,10,484.74,42.86539,-1.56982
20,5648,10,485.47,42.86532,-1.56979
20,5649,10,484.52,42.86527,-1.56988
20,5650,10,484.13,42.86523,-1.56999
20,5651,10,484.54,42.86518,-1.5701
20,5652,10,484.59,42.86514,-1.57021
20,5653,10,484.13,42.86512,-1.57033
20,5654,10,483.18,42.86511,-1.57045
20,5655,10,482.83,42.86507,-1.57056
20,5656,10,481.4,42.86502,-1.57066
20,5657,10,481.45,42.86494,-1.57072
20,5658,10,481.01,42.86486,-1.57077
20,5659,10,480.46,42.86477,-1.57082
20,5660,10,479.77,42.86469,-1.57086
20,5661,10,479.14,42.8646,-1.5709
20,5662,10,478.26,42.86452,-1.57093
20,5663,10,477.83,42.86443,-1.57094
20,5664,10,477.85,42.86434,-1.57095
20,5665,10,477.99,42.86425,-1.57095
20,5666,10,477.49,42.86416,-1.57096
20,5667,10,477.2,42.86407,-1.57098
20,5668,10,476.81,42.86398,-1.57101
20,5669,10,476.62,42.8639,-1.57104
20,5670,10,477.23,42.86381,-1.57107
20,5671,10,477.97,42.86372,-1.57111
20,5672,10,478.49,42.86363,-1.57113
20,5673,10,478.94,42.86355,-1.57113
20,5674,10,477.75,42.86346,-1.57118
20,5675,10,478.09,42.86338,-1.57121
21,5676,10,475.99,42.86271,-1.57133
21,5677,10,477.24,42.86262,-1.57129
21,5678,10,477.95,42.86254,-1.57125
21,5679,10,478.81,42.86246,-1.5712
21,5680,10,479.26,42.86238,-1.57114
21,5681,10,479.95,42.8623,-1.57108
21,5682,10,479.64,42.86222,-1.57102
21,5683,10,478.87,42.86214,-1.57097
21,5684,10,478.26,42.86206,-1.57092
21,5685,10,477.99,42.862,-1.57083
21,5686,10,477.63,42.86192,-1.57079
21,5687,10,476.09,42.86184,-1.57081
21,5688,10,475.21,42.86175,-1.57084
21,5689,10,475.72,42.86166,-1.57087
21,5690,10,476.06,42.86158,-1.57093
21,5691,10,476.46,42.86152,-1.57101
21,5692,10,476.75,42.86148,-1.57112
21,5693,10,476.64,42.86145,-1.57123
21,5694,10,476.98,42.86139,-1.57133
21,5695,10,476.89,42.86133,-1.57141
21,5696,10,477.17,42.86125,-1.57147
21,5697,10,477.23,42.86117,-1.57153
21,5698,10,477.3,42.86109,-1.57159
21,5699,10,476.3,42.86102,-1.57166
21,5700,10,474.99,42.86095,-1.57173
21,5701,10,474.56,42.86087,-1.5718
21,5702,10,474.3,42.8608,-1.57187
21,5703,10,473.8,42.86073,-1.57194
21,5704,10,473.47,42.86065,-1.57201
21,5705,10,473.1,42.86058,-1.57208
21,5706,10,472.45,42.86051,-1.57216
21,5707,10,472.01,42.86044,-1.57224
21,5708,10,471.6,42.86037,-1.57232
21,5709,10,470.76,42.86031,-1.57241
21,5710,10,470.61,42.86024,-1.57249
21,5711,10,470.19,42.86017,-1.57257
21,5712,10,469.5,42.86011,-1.57265
21,5713,10,468.65,42.86005,-1.57275
21,5714,10,468.15,42.86,-1.57285
21,5715,10,468.3,42.85994,-1.57294
21,5716,10,467.94,42.85989,-1.57304
21,5717,10,467.38,42.85985,-1.57315
21,5718,10,467.18,42.85981,-1.57326
21,5719,10,466.2,42.85977,-1.57337
21,5720,10,464.58,42.85976,-1.57349
21,5721,10,463.7,42.85974,-1.57361
21,5722,10,462.6,42.85976,-1.57373
21,5723,10,462.29,42.85978,-1.57385
21,5724,10,461.82,42.85982,-1.57396
21,5725,10,462.54,42.85985,-1.57408
21,5726,10,463.78,42.85989,-1.57419
21,5727,10,463.1,42.85994,-1.57429
21,5728,10,462.17,42.85999,-1.57439
21,5729,10,462.44,42.86004,-1.5745
21,5730,10,463.41,42.86003,-1.57462
21,5731,10,465.19,42.86,-1.57473
21,5732,10,465.01,42.85992,-1.57478
21,5733,10,464.8,42.85985,-1.57485
21,5734,10,464.36,42.85978,-1.57493
21,5735,10,464.95,42.85973,-1.57503
21,5736,10,465.55,42.85968,-1.57513
21,5737,10,465.7,42.85963,-1.57523
21,5738,10,466.0,42.85957,-1.57532
21,5739,10,465.84,42.8595,-1.57539
21,5740,10,465.06,42.85942,-1.57546
21,5741,10,464.91,42.85935,-1.57553
21,5742,10,464.68,42.85928,-1.5756
21,5743,10,464.41,42.85921,-1.57569
21,5744,10,464.19,42.85915,-1.57577
21,5745,10,464.43,42.85908,-1.57586
21,5746,10,464.81,42.85902,-1.57595
21,5747,10,464.99,42.85895,-1.57603
21,5748,10,465.8,42.8589,-1.57613
21,5749,10,465.45,42.85883,-1.5762
21,5750,10,464.83,42.85876,-1.57627
21,5751,10,464.61,42.85869,-1.57636
21,5752,10,464.64,42.85863,-1.57645
21,5753,10,463.99,42.85856,-1.57652
21,5754,10,463.03,42.85849,-1.57659
21,5755,10,462.75,42.85842,-1.57667
21,5756,10,463.05,42.85836,-1.57676
21,5757,10,462.98,42.85829,-1.57684
21,5758,10,462.75,42.85822,-1.57692
21,5759,10,463.0,42.85816,-1.57701
21,5760,10,463.25,42.85809,-1.57709
21,5761,10,464.03,42.85803,-1.57718
21,5762,10,463.72,42.85796,-1.57726
21,5763,10,463.94,42.8579,-1.57734
21,5764,10,464.93,42.85783,-1.57742
21,5765,10,465.49,42.85776,-1.5775
21,5766,10,465.26,42.85768,-1.57757
21,5767,10,465.33,42.85761,-1.57764
21,5768,10,465.85,42.85754,-1.57772
21,5769,10,466.55,42.85747,-1.57779
21,5770,10,466.86,42.8574,-1.57787
21,5771,10,467.55,42.85734,-1.57796
21,5772,10,468.37,42.85727,-1.57805
21,5773,10,469.89,42.85721,-1.57813
21,5774,10,470.06,42.85713,-1.57819
21,5775,10,470.51,42.85706,-1.57827
21,5776,10,470.59,42.85698,-1.57832
21,5777,10,471.13,42.8569,-1.57837
21,5778,10,471.69,42.85683,-1.57843
21,5779,10,471.78,42.85674,-1.57848
21,5780,10,472.08,42.85666,-1.57853
21,5781,10,471.77,42.85658,-1.57857
21,5782,10,471.77,42.8565,-1.57864
21,5783,10,471.13,42.85643,-1.57871
21,5784,10,470.9,42.85635,-1.57877
21,5785,10,471.26,42.85628,-1.57884
21,5786,10,471.65,42.85622,-1.57894
21,5787,10,472.3,42.85617,-1.57904
21,5788,10,473.46,42.85613,-1.57915
21,5789,10,473.99,42.8561,-1.57926
22,5790,10,475.65,42.85551,-1.57984
22,5791,10,473.94,42.85545,-1.57975
22,5792,10,470.8,42.85537,-1.57968
22,5793,10,468.29,42.85529,-1.57963
22,5794,10,466.66,42.85522,-1.57956
22,5795,10,464.65,42.85516,-1.57947
22,5796,10,463.22,42.8551,-1.57939
22,5797,10,461.77,42.85503,-1.5793
22,5798,10,461.12,42.85497,-1.57922
22,5799,10,460.36,42.8549,-1.57914
22,5800,10,458.97,42.85483,-1.57906
22,5801,10,458.26,42.85476,-1.57898
22,5802,10,457.9,42.85469,-1.57891
22,5803,10,458.01,42.85461,-1.57886
22,5804,10,458.22,42.85453,-1.5789
22,5805,10,458.37,42.85444,-1.57893
22,5806,10,457.76,42.85435,-1.57897
22,5807,10,457.32,42.85427,-1.579
22,5808,10,457.44,42.85418,-1.57903
22,5809,10,457.62,42.85409,-1.57905
22,5810,10,456.94,42.854,-1.57908
22,5811,10,457.04,42.85392,-1.57913
22,5812,10,456.75,42.85384,-1.57919
22,5813,10,456.77,42.85376,-1.57924
22,5814,10,456.87,42.85368,-1.5793
22,5815,10,456.74,42.8536,-1.57935
22,5816,10,457.03,42.85351,-1.57938
22,5817,10,456.57,42.85343,-1.57942
22,5818,10,455.69,42.85335,-1.57947
22,5819,10,455.15,42.85326,-1.57952
22,5820,10,454.19,42.85318,-1.57957
22,5821,10,453.64,42.8531,-1.57962
22,5822,10,454.01,42.85302,-1.57968
22,5823,10,454.18,42.85295,-1.57975
22,5824,10,454.11,42.85287,-1.57982
22,5825,10,454.23,42.85282,-1.57992
22,5826,10,454.44,42.85279,-1.58003
22,5827,10,453.87,42.85277,-1.58015
22,5828,10,454.06,42.85272,-1.58026
22,5829,10,454.22,42.85268,-1.58036
22,5830,10,454.57,42.85264,-1.58047
22,5831,10,454.76,42.85261,-1.58059
22,5832,10,454.19,42.85258,-1.5807
22,5833,10,453.54,42.85254,-1.58082
22,5834,10,452.91,42.85251,-1.58093
22,5835,10,452.97,42.85246,-1.58103
22,5836,10,453.35,42.85241,-1.58114
22,5837,10,453.32,42.85238,-1.58125
22,5838,10,452.94,42.85234,-1.58136
22,5839,10,452.65,42.8523,-1.58147
22,5840,10,453.54,42.85227,-1.58158
22,5841,10,453.91,42.85223,-1.58169
22,5842,10,453.63,42.85221,-1.58181
22,5843,10,453.92,42.85219,-1.58193
22,5844,10,453.35,42.85218,-1.58205
22,5845,10,452.91,42.85216,-1.58217
22,5846,10,452.68,42.85215,-1.5823
22,5847,10,452.43,42.85215,-1.58242
22,5848,10,452.34,42.85214,-1.58254
22,5849,10,452.14,42.85213,-1.58266
22,5850,10,452.24,42.85214,-1.58278
22,5851,10,452.19,42.85215,-1.58291
23,5852,10,456.11,42.85223,-1.58344
23,5853,10,455.8,42.85227,-1.58355
23,5854,10,456.15,42.85232,-1.58365
23,5855,10,456.47,42.8524,-1.58371
23,5856,10,456.96,42.85249,-1.58373
23,5857,10,457.6,42.85258,-1.58375
23,5858,10,458.66,42.85266,-1.58377
23,5859,10,460.17,42.85271,-1.58384
23,5860,10,460.6,42.85265,-1.58394
23,5861,10,461.69,42.85263,-1.58405
23,5862,10,462.91,42.85258,-1.58415
23,5863,10,464.41,42.85252,-1.58425
23,5864,10,465.79,42.85245,-1.58433
23,5865,10,467.29,42.85238,-1.58441
23,5866,10,468.64,42.85232,-1.5845
23,5867,10,470.14,42.85227,-1.5846
23,5868,10,470.5,42.85221,-1.58469
23,5869,10,471.58,42.85216,-1.58479
23,5870,10,472.32,42.85211,-1.58489
23,5871,10,474.53,42.85209,-1.58501
23,5872,10,476.98,42.85206,-1.58513
23,5873,10,479.59,42.85201,-1.58523
23,5874,10,481.29,42.85194,-1.58529
23,5875,10,484.25,42.85189,-1.5854
23,5876,10,486.03,42.85183,-1.58549
23,5877,10,486.43,42.85175,-1.58554
23,5878,10,486.11,42.85167,-1.58558
23,5879,10,485.5,42.85158,-1.58562
23,5880,10,484.9,42.8515,-1.58567
23,5881,10,484.2,42.85141,-1.58571
23,5882,10,483.7,42.85133,-1.58575
23,5883,10,483.72,42.85127,-1.58584
23,5884,10,484.09,42.85123,-1.58595
23,5885,10,484.05,42.85118,-1.58605
23,5886,10,484.85,42.85114,-1.58616
23,5887,10,485.23,42.85107,-1.58623
23,5888,10,482.78,42.85106,-1.58612
23,5889,10,480.14,42.85102,-1.58601
23,5890,10,477.78,42.85099,-1.5859
23,5891,10,475.4,42.85094,-1.58579
23,5892,10,473.36,42.85087,-1.58574
23,5893,10,473.55,42.85078,-1.58577
23,5894,10,473.7,42.8507,-1.58575
23,5895,10,472.54,42.85063,-1.5857
23,5896,10,472.78,42.85054,-1.58568
23,5897,10,473.62,42.85045,-1.58568
23,5898,10,474.17,42.85036,-1.58569
23,5899,10,473.96,42.85027,-1.58568
23,5900,10,472.24,42.85018,-1.58564
23,5901,10,470.29,42.8501,-1.58561
23,5902,10,469.06,42.85001,-1.58559
23,5903,10,468.12,42.84992,-1.58558
23,5904,10,467.61,42.84983,-1.5856
23,5905,10,466.66,42.84975,-1.58564
23,5906,10,466.43,42.84966,-1.58568
23,5907,10,466.19,42.84958,-1.58573
23,5908,10,466.08,42.8495,-1.58578
23,5909,10,466.04,42.84942,-1.58584
23,5910,10,465.76,42.84934,-1.5859
23,5911,10,465.97,42.84926,-1.58597
23,5912,10,466.15,42.84919,-1.58603
23,5913,10,465.72,42.84911,-1.58609
23,5914,10,465.26,42.84903,-1.58615
23,5915,10,464.57,42.84895,-1.58621
23,5916,10,464.47,42.84888,-1.58628
23,5917,10,464.52,42.84881,-1.58635
23,5918,10,464.49,42.84874,-1.58643
23,5919,10,464.7,42.84867,-1.58651
23,5920,10,464.03,42.84859,-1.58656
23,5921,10,464.19,42.84851,-1.58662
23,5922,10,463.75,42.84843,-1.58667
23,5923,10,463.92,42.84834,-1.58673
23,5924,10,463.56,42.84826,-1.58678
23,5925,10,463.16,42.84818,-1.58684
23,5926,10,463.25,42.8481,-1.5869
23,5927,10,462.54,42.84802,-1.58695
23,5928,10,462.59,42.84794,-1.58701
23,5929,10,462.94,42.84786,-1.58706
23,5930,10,463.44,42.84778,-1.58712
23,5931,10,463.76,42.8477,-1.58716
23,5932,10,463.66,42.84761,-1.5872
23,5933,10,463.43,42.84753,-1.58724
23,5934,10,463.55,42.84745,-1.5873
23,5935,10,464.29,42.84737,-1.58735
23,5936,10,464.7,42.84729,-1.58741
23,5937,10,465.1,42.84721,-1.58745
23,5938,10,465.26,42.84712,-1.58749
23,5939,10,465.37,42.84704,-1.58755
23,5940,10,465.31,42.84697,-1.58761
23,5941,10,465.46,42.84689,-1.58768
23,5942,10,465.33,42.84681,-1.58774
23,5943,10,465.3,42.84673,-1.5878
23,5944,10,465.17,42.84665,-1.58785
23,5945,10,465.36,42.84657,-1.58789
23,5946,10,465.48,42.84648,-1.58794
23,5947,10,465.63,42.8464,-1.58799
23,5948,10,465.52,42.84632,-1.58804
23,5949,10,465.02,42.84624,-1.58808
23,5950,10,464.59,42.84615,-1.58812
23,5951,10,464.43,42.84607,-1.58816
23,5952,10,464.31,42.84598,-1.5882
23,5953,10,464.1,42.8459,-1.58824
23,5954,10,464.01,42.84581,-1.5883
23,5955,10,463.88,42.84573,-1.58835
23,5956,10,463.89,42.84565,-1.58841
23,5957,10,463.38,42.84557,-1.58844
23,5958,10,462.78,42.84548,-1.58847
23,5959,10,462.37,42.84539,-1.5885
23,5960,10,462.79,42.84532,-1.58858
23,5961,10,463.6,42.84527,-1.58868
23,5962,10,464.03,42.84521,-1.58876
23,5963,10,463.18,42.84512,-1.58879
23,5964,10,462.1,42.84503,-1.5888
23,5965,10,461.34,42.84494,-1.58882
23,5966,10,460.95,42.84486,-1.58885
23,5967,10,460.89,42.84477,-1.58889
23,5968,10,460.8,42.84468,-1.58892
23,5969,10,460.74,42.84461,-1.58898
23,5970,10,462.31,42.84456,-1.58908
23,5971,10,462.84,42.84447,-1.5891
23,5972,10,463.75,42.84439,-1.58913
23,5973,10,465.36,42.84431,-1.58919
23,5974,10,466.1,42.84423,-1.58923
23,5975,10,466.59,42.84414,-1.58928
23,5976,10,466.71,42.84406,-1.58933
23,5977,10,467.53,42.84399,-1.5894
23,5978,10,468.6,42.84392,-1.58948
23,5979,10,469.85,42.84387,-1.58959
23,5980,10,470.47,42.84385,-1.5897
23,5981,10,470.92,42.84383,-1.58982
23,5982,10,470.79,42.84377,-1.5899
23,5983,10,470.45,42.84368,-1.58993
23,5984,10,470.58,42.84359,-1.58995
23,5985,10,470.2,42.8435,-1.58996
23,5986,10,470.11,42.84341,-1.58998
23,5987,10,470.02,42.84332,-1.58999
23,5988,10,469.83,42.84323,-1.59
23,5989,10,468.91,42.84315,-1.58999
23,5990,10,468.89,42.84306,-1.58999
23,5991,10,468.6,42.84297,-1.58999
23,5992,10,469.53,42.84288,-1.59003
23,5993,10,469.83,42.8428,-1.59007
23,5994,10,469.6,42.84271,-1.5901
23,5995,10,469.2,42.84262,-1.59013
23,5996,10,468.74,42.84253,-1.59016
23,5997,10,469.05,42.84245,-1.59021
23,5998,10,469.84,42.84237,-1.59025
23,5999,10,472.21,42.8423,-1.59033
23,6000,10,473.29,42.84222,-1.5904
23,6001,10,473.46,42.84214,-1.59045
23,6002,10,473.42,42.84206,-1.59051
23,6003,10,473.88,42.84199,-1.59057
23,6004,10,474.44,42.84191,-1.59063
23,6005,10,475.02,42.84183,-1.5907
23,6006,10,475.74,42.84175,-1.59076
23,6007,10,475.94,42.84167,-1.59082
23,6008,10,476.36,42.8416,-1.59089
23,6009,10,476.49,42.84153,-1.59095
23,6010,10,477.31,42.84145,-1.59102
23,6011,10,477.99,42.84137,-1.59109
23,6012,10,477.4,42.84129,-1.59112
23,6013,10,476.76,42.84121,-1.59119
23,6014,10,475.73,42.84114,-1.59126
23,6015,10,475.07,42.84108,-1.59135
23,6016,10,474.79,42.84105,-1.59146
23,6017,10,474.14,42.84099,-1.59155
23,6018,10,473.95,42.84097,-1.59167
23,6019,10,473.77,42.84095,-1.59179
23,6020,10,474.05,42.84092,-1.59191
23,6021,10,474.41,42.84089,-1.59202
23,6022,10,475.01,42.84084,-1.59212
23,6023,10,474.81,42.84076,-1.59214
23,6024,10,473.46,42.84067,-1.59211
23,6025,10,473.44,42.84058,-1.59211
23,6026,10,473.28,42.84049,-1.5921
23,6027,10,473.37,42.8404,-1.59209
23,6028,10,473.74,42.84031,-1.5921
23,6029,10,473.61,42.84022,-1.5921
23,6030,10,474.09,42.84013,-1.59211
23,6031,10,475.25,42.84004,-1.59212
23,6032,10,475.7,42.83995,-1.59212
23,6033,10,476.1,42.83986,-1.59213
23,6034,10,476.56,42.83978,-1.59217
23,6035,10,474.88,42.8397,-1.59213
23,6036,10,473.94,42.83961,-1.59209
23,6037,10,473.11,42.83953,-1.59205
23,6038,10,472.26,42.83944,-1.592
23,6039,10,471.8,42.83936,-1.59195
23,6040,10,471.77,42.83928,-1.5919
23,6041,10,471.59,42.8392,-1.59185
23,6042,10,471.79,42.83912,-1.59179
23,6043,10,471.89,42.83904,-1.59173
23,6044,10,471.73,42.83896,-1.59169
23,6045,10,472.72,42.8389,-1.59178
23,6046,10,473.64,42.83888,-1.59189
23,6047,10,474.74,42.83885,-1.59201
23,6048,10,475.38,42.83883,-1.59213
23,6049,10,475.85,42.83881,-1.59225
23,6050,10,476.44,42.83878,-1.59236
23,6051,10,477.18,42.83875,-1.59248
23,6052,10,477.92,42.83871,-1.59259
23,6053,10,478.71,42.83867,-1.5927
23,6054,10,479.65,42.83864,-1.59281
23,6055,10,481.25,42.8386,-1.59292
23,6056,10,482.51,42.83857,-1.59304
23,6057,10,482.94,42.83855,-1.59316
23,6058,10,483.95,42.83852,-1.59327
23,6059,10,484.64,42.8385,-1.59339
23,6060,10,485.45,42.83848,-1.59351
23,6061,10,486.81,42.83845,-1.59363
23,6062,10,487.75,42.83843,-1.59375
23,6063,10,488.33,42.83841,-1.59387
23,6064,10,489.6,42.83839,-1.59399
23,6065,10,490.33,42.83838,-1.59411
23,6066,10,490.64,42.83837,-1.59423
23,6067,10,491.68,42.83835,-1.59435
23,6068,10,491.73,42.83835,-1.59447
23,6069,10,492.62,42.83834,-1.59459
23,6070,10,493.17,42.83834,-1.59472
23,6071,10,494.12,42.83833,-1.59484
23,6072,10,494.02,42.83834,-1.59496
23,6073,10,493.76,42.83835,-1.59508
23,6074,10,493.39,42.83836,-1.5952
23,6075,10,494.05,42.83835,-1.59532
23,6076,10,494.82,42.83834,-1.59544
23,6077,10,495.74,42.83833,-1.59557
23,6078,10,495.39,42.83833,-1.59569
23,6079,10,495.51,42.83832,-1.59581
23,6080,10,495.24,42.83832,-1.59593
23,6081,10,494.27,42.83832,-1.59606
23,6082,10,494.59,42.83831,-1.59618
23,6083,10,496.25,42.83831,-1.5963
23,6084,10,495.06,42.8383,-1.59642
23,6085,10,493.47,42.83832,-1.59654
23,6086,10,495.93,42.83833,-1.59666
23,6087,10,493.7,42.83835,-1.59678
23,6088,10,491.04,42.83837,-1.5969
23,6089,10,491.96,42.83837,-1.59703
23,6090,10,491.99,42.83838,-1.59715
23,6091,10,492.89,42.83838,-1.59727
23,6092,10,492.32,42.83839,-1.59739
23,6093,10,492.51,42.83839,-1.59751
23,6094,10,492.0,42.83839,-1.59764
23,6095,10,490.6,42.83839,-1.59776
23,6096,10,487.89,42.83839,-1.59788
23,6097,10,488.26,42.83838,-1.598
23,6098,10,487.49,42.83838,-1.59813
23,6099,10,484.3,42.83838,-1.59825
23,6100,10,483.37,42.83837,-1.59837
23,6101,10,483.51,42.83836,-1.59849
23,6102,10,483.31,42.83834,-1.59861
23,6103,10,482.17,42.83831,-1.59873
23,6104,10,481.62,42.83829,-1.59885
23,6105,10,481.4,42.83827,-1.59897
23,6106,10,481.17,42.83825,-1.59908
23,6107,10,481.22,42.83823,-1.5992
23,6108,10,480.56,42.83821,-1.59932
23,6109,10,479.99,42.83818,-1.59944
23,6110,10,478.64,42.83815,-1.59955
23,6111,10,478.68,42.83812,-1.59967
23,6112,10,476.49,42.83809,-1.59978
23,6113,10,475.7,42.83806,-1.5999
23,6114,10,474.4,42.83803,-1.60001
23,6115,10,473.45,42.838,-1.60013
23,6116,10,472.52,42.83797,-1.60024
23,6117,10,470.38,42.83794,-1.60036
23,6118,10,470.34,42.83791,-1.60048
23,6119,10,468.56,42.83788,-1.60059
23,6120,10,467.5,42.83783,-1.60069
23,6121,10,466.86,42.83778,-1.6008
23,6122,10,465.25,42.83773,-1.6009
23,6123,10,464.76,42.83769,-1.601
23,6124,10,462.18,42.83764,-1.60111
23,6125,10,461.48,42.83759,-1.60121
23,6126,10,461.44,42.83754,-1.60131
23,6127,10,461.49,42.83749,-1.60142
23,6128,10,460.75,42.83745,-1.60152
23,6129,10,459.67,42.8374,-1.60163
23,6130,10,459.89,42.83735,-1.60173
23,6131,10,459.14,42.8373,-1.60183
23,6132,10,454.3,42.83726,-1.60194
23,6133,10,451.4,42.83721,-1.60204
23,6134,10,450.3,42.83716,-1.60214
23,6135,10,449.46,42.83711,-1.60225
23,6136,10,449.36,42.83706,-1.60235
23,6137,10,449.1,42.83701,-1.60245
23,6138,10,448.16,42.83696,-1.60255
23,6139,10,447.6,42.83691,-1.60265
23,6140,10,447.05,42.83686,-1.60276
23,6141,10,445.0,42.83681,-1.60285
23,6142,10,442.18,42.83674,-1.60293
23,6143,10,442.22,42.83667,-1.60301
23,6144,10,439.41,42.8366,-1.60309
23,6145,10,439.41,42.83652,-1.60314
23,6146,10,438.0,42.83644,-1.60319
23,6147,10,436.74,42.83636,-1.60324
23,6148,10,436.0,42.83628,-1.6033
23,6149,10,434.86,42.8362,-1.60336
23,6150,10,434.26,42.83612,-1.60342
23,6151,10,434.13,42.83611,-1.60354
24,6152,10,435.19,42.83618,-1.60414
24,6153,10,435.83,42.83619,-1.60426
24,6154,10,434.86,42.8361,-1.60427
24,6155,10,434.61,42.83601,-1.60432
24,6156,10,434.85,42.83593,-1.60437
24,6157,10,435.05,42.83585,-1.60443
24,6158,10,435.73,42.83577,-1.60448
24,6159,10,436.01,42.83569,-1.60452
24,6160,10,435.56,42.8356,-1.60456
24,6161,10,437.45,42.83552,-1.60462
24,6162,10,437.25,42.83544,-1.60467
24,6163,10,437.73,42.83536,-1.60473
24,6164,10,437.35,42.83528,-1.60479
24,6165,10,437.06,42.83521,-1.60485
24,6166,10,436.68,42.83513,-1.60491
24,6167,10,436.44,42.83505,-1.60497
24,6168,10,436.16,42.83497,-1.60502
24,6169,10,435.99,42.83489,-1.60508
24,6170,10,435.86,42.83481,-1.60514
24,6171,10,435.82,42.83473,-1.6052
24,6172,10,435.89,42.83465,-1.60526
24,6173,10,436.14,42.83458,-1.60532
24,6174,10,436.23,42.8345,-1.60538
24,6175,10,435.53,42.83442,-1.60544
24,6176,10,435.17,42.83435,-1.60551
24,6177,10,434.78,42.83427,-1.60559
24,6178,10,434.28,42.8342,-1.60566
24,6179,10,433.65,42.83413,-1.60573
24,6180,10,433.91,42.83406,-1.60581
24,6181,10,434.8,42.83399,-1.60588
24,6182,10,434.79,42.83391,-1.60596
24,6183,10,434.5,42.83384,-1.60603
24,6184,10,434.4,42.83377,-1.6061
24,6185,10,434.32,42.8337,-1.60618
24,6186,10,434.08,42.83363,-1.60625
24,6187,10,433.49,42.83356,-1.60633
24,6188,10,433.17,42.83349,-1.6064
24,6189,10,433.1,42.83342,-1.60648
24,6190,10,432.95,42.83335,-1.60656
24,6191,10,433.0,42.83327,-1.60663
24,6192,10,432.85,42.8332,-1.6067
24,6193,10,432.62,42.83312,-1.60676
24,6194,10,432.6,42.83305,-1.60683
24,6195,10,432.38,42.83297,-1.60689
24,6196,10,432.11,42.83289,-1.60695
24,6197,10,432.38,42.83281,-1.60702
24,6198,10,432.37,42.83274,-1.60708
24,6199,10,432.12,42.83266,-1.60714
24,6200,10,431.97,42.83258,-1.60721
24,6201,10,432.0,42.83251,-1.60727
24,6202,10,432.1,42.83243,-1.60733
24,6203,10,432.44,42.83235,-1.6074
24,6204,10,432.28,42.83228,-1.60746
24,6205,10,432.06,42.8322,-1.60753
24,6206,10,431.95,42.83213,-1.6076
24,6207,10,431.87,42.83206,-1.60768
24,6208,10,431.82,42.83199,-1.60776
24,6209,10,431.79,42.83192,-1.60784
24,6210,10,431.77,42.83185,-1.60792
24,6211,10,431.77,42.83179,-1.608
24,6212,10,431.74,42.83172,-1.60807
24,6213,10,431.69,42.83164,-1.60814
24,6214,10,431.67,42.83157,-1.60821
24,6215,10,431.63,42.83149,-1.60828
24,6216,10,431.61,42.83142,-1.60835
25,6217,10,431.34,42.83108,-1.6087
25,6218,10,431.01,42.83099,-1.60874
25,6219,10,430.94,42.83093,-1.60865
25,6220,10,431.18,42.83087,-1.60867
25,6221,10,431.39,42.83086,-1.60877
25,6222,10,431.87,42.83081,-1.60886
25,6223,10,432.21,42.83075,-1.60896
25,6224,10,432.11,42.8307,-1.60906
25,6225,10,431.58,42.83065,-1.60916
25,6226,10,431.45,42.83059,-1.60925
25,6227,10,431.4,42.83053,-1.60934
25,6228,10,431.3,42.83047,-1.60943
25,6229,10,431.29,42.83041,-1.60952
25,6230,10,431.33,42.83035,-1.60961
25,6231,10,431.27,42.83028,-1.60968
25,6232,10,431.13,42.8302,-1.60975
25,6233,10,431.04,42.83014,-1.60984
25,6234,10,431.05,42.83008,-1.60993
25,6235,10,431.1,42.83002,-1.61001
25,6236,10,431.15,42.82997,-1.61011
25,6237,10,431.24,42.8299,-1.61019
25,6238,10,431.36,42.82983,-1.61027
25,6239,10,431.01,42.82975,-1.61029
25,6240,10,430.82,42.82966,-1.61032
25,6241,10,430.81,42.8296,-1.61041
25,6242,10,430.87,42.82958,-1.61052
25,6243,10,431.02,42.82956,-1.61064
25,6244,10,431.53,42.82951,-1.61074
25,6245,10,431.41,42.82945,-1.61083
25,6246,10,431.05,42.82939,-1.61092
25,6247,10,430.84,42.82933,-1.61101
25,6248,10,431.07,42.82928,-1.61111
25,6249,10,431.47,42.82922,-1.6112
25,6250,10,431.28,42.82916,-1.61129
25,6251,10,431.6,42.82909,-1.61138
25,6252,10,431.14,42.82903,-1.61146
25,6253,10,431.07,42.82896,-1.61155
25,6254,10,430.63,42.8289,-1.61164
25,6255,10,430.99,42.82884,-1.61173
25,6256,10,431.53,42.82878,-1.61182
25,6257,10,431.6,42.82872,-1.61191
25,6258,10,430.88,42.82866,-1.61199
25,6259,10,431.1,42.82859,-1.61208
25,6260,10,431.04,42.82853,-1.61217
25,6261,10,431.05,42.82847,-1.61226
25,6262,10,431.07,42.82841,-1.61235
25,6263,10,431.05,42.82835,-1.61244
25,6264,10,430.88,42.82829,-1.61253
25,6265,10,430.32,42.82822,-1.61262
25,6266,10,430.02,42.82814,-1.61266
25,6267,10,429.81,42.82806,-1.61271
25,6268,10,429.68,42.828,-1.6128
25,6269,10,429.76,42.82796,-1.61291
25,6270,10,429.96,42.82794,-1.61302
25,6271,10,430.4,42.82787,-1.61311
25,6272,10,430.17,42.82781,-1.6132
25,6273,10,430.15,42.82774,-1.61328
25,6274,10,430.05,42.82768,-1.61337
25,6275,10,429.88,42.82762,-1.61346
25,6276,10,429.66,42.82756,-1.61355
25,6277,10,429.69,42.8275,-1.61365
25,6278,10,429.98,42.82744,-1.61374
25,6279,10,430.44,42.82738,-1.61383
25,6280,10,430.78,42.82732,-1.61392
25,6281,10,431.04,42.82726,-1.61401
25,6282,10,430.93,42.8272,-1.6141
25,6283,10,430.57,42.82714,-1.61419
25,6284,10,430.19,42.82708,-1.61427
25,6285,10,429.68,42.82701,-1.61436
25,6286,10,429.58,42.82695,-1.61445
25,6287,10,429.43,42.82689,-1.61454
25,6288,10,429.47,42.82682,-1.61462
25,6289,10,429.57,42.82676,-1.61471
25,6290,10,429.6,42.8267,-1.61481
25,6291,10,429.32,42.82665,-1.6149
25,6292,10,429.21,42.82658,-1.61499
25,6293,10,429.28,42.82652,-1.61507
25,6294,10,429.34,42.82646,-1.61516
25,6295,10,429.22,42.8264,-1.61525
25,6296,10,429.42,42.82634,-1.61534
25,6297,10,429.95,42.82627,-1.61543
25,6298,10,430.0,42.82621,-1.61551
25,6299,10,429.26,42.82615,-1.6156
25,6300,10,428.5,42.82609,-1.6157
25,6301,10,428.04,42.82603,-1.61578
25,6302,10,427.5,42.82597,-1.61586
25,6303,10,427.71,42.82591,-1.61596
25,6304,10,427.5,42.82585,-1.61605
25,6305,10,426.99,42.82579,-1.61614
25,6306,10,426.74,42.82573,-1.61622
25,6307,10,426.91,42.82566,-1.61631
25,6308,10,426.63,42.8256,-1.6164
25,6309,10,425.83,42.82554,-1.61649
25,6310,10,425.54,42.82547,-1.61657
25,6311,10,425.56,42.82541,-1.61665
25,6312,10,425.48,42.82534,-1.61674
25,6313,10,425.36,42.82527,-1.61682
25,6314,10,425.07,42.82521,-1.6169
25,6315,10,425.43,42.82514,-1.61699
25,6316,10,425.46,42.82508,-1.61707
25,6317,10,425.0,42.82501,-1.61715
25,6318,10,424.4,42.82495,-1.61724
25,6319,10,424.26,42.82488,-1.61732
25,6320,10,424.26,42.82481,-1.6174
25,6321,10,424.52,42.82475,-1.61749
25,6322,10,424.48,42.82468,-1.61756
25,6323,10,424.34,42.82461,-1.61764
25,6324,10,424.49,42.82454,-1.61772
25,6325,10,424.73,42.82446,-1.61779
25,6326,10,424.83,42.82439,-1.61787
25,6327,10,424.86,42.82433,-1.61795
25,6328,10,424.87,42.82426,-1.61803
25,6329,10,424.85,42.82419,-1.61811
25,6330,10,424.79,42.82412,-1.61819
25,6331,10,424.72,42.82406,-1.61827
25,6332,10,424.63,42.82399,-1.61835
25,6333,10,424.52,42.82392,-1.61843
25,6334,10,424.41,42.82385,-1.61851
25,6335,10,424.29,42.82379,-1.61859
25,6336,10,424.16,42.82372,-1.61867
25,6337,10,424.04,42.8237,-1.61877
25,6338,10,423.96,42.82375,-1.61887
25,6339,10,423.86,42.8238,-1.61897
25,6340,10,423.75,42.82385,-1.61907
25,6341,10,423.63,42.82391,-1.61917
25,6342,10,423.51,42.82396,-1.61926
25,6343,10,423.34,42.82395,-1.61936
25,6344,10,423.15,42.82389,-1.61945
25,6345,10,422.97,42.82383,-1.61953
25,6346,10,422.77,42.82376,-1.61962
25,6347,10,422.58,42.8237,-1.61971
25,6348,10,422.45,42.82373,-1.61978
25,6349,10,422.29,42.82381,-1.61985
25,6350,10,422.03,42.82388,-1.61991
25,6351,10,421.78,42.82395,-1.61997
25,6352,10,421.65,42.82391,-1.62008
25,6353,10,422.37,42.82387,-1.62019
25,6354,10,422.83,42.82383,-1.6203
25,6355,10,423.05,42.82379,-1.62041
25,6356,10,423.66,42.82375,-1.62052
25,6357,10,423.71,42.82371,-1.62063
25,6358,10,423.55,42.82367,-1.62074
25,6359,10,423.36,42.82362,-1.62084
25,6360,10,422.97,42.82358,-1.62095
25,6361,10,422.89,42.82354,-1.62106
25,6362,10,422.48,42.8235,-1.62117
25,6363,10,422.34,42.82346,-1.62128
25,6364,10,422.07,42.82342,-1.62138
25,6365,10,422.23,42.82337,-1.62127
25,6366,10,422.33,42.8233,-1.62125
25,6367,10,422.6,42.82323,-1.62132
25,6368,10,422.56,42.82316,-1.62139
25,6369,10,422.19,42.82308,-1.62134
25,6370,10,421.92,42.82302,-1.62138
25,6371,10,422.02,42.82297,-1.62148
25,6372,10,422.12,42.82292,-1.62158
25,6373,10,422.24,42.82287,-1.62168
25,6374,10,422.36,42.82291,-1.62176
25,6375,10,422.31,42.82298,-1.62182
25,6376,10,422.24,42.82306,-1.62188
25,6377,10,422.15,42.82314,-1.62195
25,6378,10,422.19,42.82322,-1.62201
25,6379,10,421.93,42.82329,-1.62209
25,6380,10,421.27,42.8233,-1.62219
25,6381,10,420.63,42.82329,-1.62231
25,6382,10,420.9,42.82327,-1.62243
25,6383,10,421.25,42.82324,-1.62255
25,6384,10,420.91,42.82322,-1.62267
25,6385,10,420.79,42.82319,-1.62279
25,6386,10,420.44,42.82317,-1.6229
25,6387,10,420.13,42.82314,-1.62302
25,6388,10,420.25,42.82312,-1.62314
25,6389,10,420.45,42.82309,-1.62326
25,6390,10,420.51,42.82307,-1.62337
25,6391,10,420.6,42.82304,-1.62349
25,6392,10,420.32,42.82302,-1.62361
25,6393,10,420.13,42.82299,-1.62373
25,6394,10,420.36,42.82296,-1.62384
25,6395,10,420.25,42.82293,-1.62395
25,6396,10,420.03,42.82289,-1.62406
25,6397,10,420.09,42.82285,-1.62417
25,6398,10,420.58,42.8228,-1.62428
25,6399,10,420.88,42.82276,-1.62439
25,6400,10,420.47,42.82272,-1.62449
25,6401,10,420.22,42.82268,-1.6246
25,6402,10,420.7,42.82263,-1.62471
25,6403,10,420.31,42.82259,-1.62482
25,6404,10,420.42,42.82255,-1.62493
25,6405,10,420.62,42.82251,-1.62504
25,6406,10,420.49,42.82247,-1.62515
25,6407,10,420.12,42.82244,-1.62526
25,6408,10,420.36,42.8224,-1.62537
25,6409,10,420.3,42.82236,-1.62548
25,6410,10,420.19,42.82232,-1.62559
25,6411,10,420.08,42.82228,-1.6257
25,6412,10,420.35,42.82225,-1.62582
25,6413,10,420.38,42.82222,-1.62593
25,6414,10,420.01,42.82219,-1.62605
25,6415,10,420.17,42.82216,-1.62616
25,6416,10,419.65,42.82213,-1.62628
25,6417,10,419.39,42.82211,-1.6264
25,6418,10,419.29,42.82208,-1.62651
25,6419,10,419.36,42.82206,-1.62663
25,6420,10,419.59,42.82203,-1.62675
25,6421,10,419.79,42.82199,-1.62686
25,6422,10,419.54,42.82195,-1.62696
25,6423,10,419.3,42.82192,-1.62708
25,6424,10,419.91,42.82189,-1.62719
25,6425,10,420.0,42.82185,-1.62731
25,6426,10,420.49,42.82183,-1.62742
25,6427,10,420.69,42.82182,-1.62754
25,6428,10,420.89,42.82178,-1.62766
25,6429,10,420.79,42.82175,-1.62777
25,6430,10,420.43,42.82171,-1.62788
25,6431,10,420.66,42.82168,-1.628
25,6432,10,420.2,42.82165,-1.62811
25,6433,10,420.26,42.82162,-1.62823
25,6434,10,420.56,42.82159,-1.62834
25,6435,10,420.67,42.82156,-1.62846
25,6436,10,420.74,42.82153,-1.62857
25,6437,10,420.63,42.8215,-1.62869
25,6438,10,420.5,42.82147,-1.6288
25,6439,10,420.29,42.82144,-1.62892
25,6440,10,420.41,42.82141,-1.62903
25,6441,10,420.36,42.82137,-1.62915
25,6442,10,420.7,42.82134,-1.62926
25,6443,10,421.06,42.82131,-1.62937
25,6444,10,420.79,42.82127,-1.62949
25,6445,10,420.44,42.82124,-1.6296
25,6446,10,420.47,42.82121,-1.62972
25,6447,10,420.57,42.82121,-1.62984
25,6448,10,420.64,42.82122,-1.62996
25,6449,10,420.59,42.82123,-1.63008
25,6450,10,420.55,42.82126,-1.6302
25,6451,10,420.32,42.82127,-1.63032
25,6452,10,420.12,42.82129,-1.63044
25,6453,10,419.91,42.8213,-1.63056
25,6454,10,420.38,42.82133,-1.63068
25,6455,10,420.53,42.82135,-1.63079
25,6456,10,420.59,42.82136,-1.63091
25,6457,10,420.51,42.82138,-1.63104
25,6458,10,419.92,42.82138,-1.63116
25,6459,10,420.08,42.82139,-1.63128
25,6460,10,420.43,42.8214,-1.6314
25,6461,10,420.15,42.8214,-1.63152
25,6462,10,419.86,42.82141,-1.63165
25,6463,10,419.48,42.82142,-1.63177
25,6464,10,419.16,42.82142,-1.63189
25,6465,10,419.7,42.82143,-1.63201
25,6466,10,419.81,42.82143,-1.63213
25,6467,10,420.05,42.82144,-1.63226
25,6468,10,420.05,42.82144,-1.63238
25,6469,10,419.95,42.82145,-1.6325
25,6470,10,419.71,42.82146,-1.63262
25,6471,10,419.2,42.82146,-1.63274
25,6472,10,418.75,42.82147,-1.63287
25,6473,10,418.85,42.82147,-1.63299
25,6474,10,418.68,42.82148,-1.63311
25,6475,10,418.64,42.82148,-1.63323
25,6476,10,419.05,42.82149,-1.63335
25,6477,10,419.35,42.82149,-1.63348
25,6478,10,419.73,42.8215,-1.6336
25,6479,10,419.64,42.8215,-1.63372
25,6480,10,418.88,42.8215,-1.63384
25,6481,10,418.63,42.8215,-1.63397
25,6482,10,418.77,42.82151,-1.63409
25,6483,10,418.78,42.82152,-1.6342
25,6484,10,418.91,42.82151,-1.63431
25,6485,10,418.64,42.82148,-1.63442
25,6486,10,418.95,42.82144,-1.63454
25,6487,10,419.23,42.82141,-1.63465
25,6488,10,419.28,42.82137,-1.63476
25,6489,10,418.85,42.82134,-1.63487
25,6490,10,418.36,42.8213,-1.63499
25,6491,10,418.19,42.82127,-1.6351
25,6492,10,418.27,42.82123,-1.63521
25,6493,10,418.31,42.8212,-1.63532
25,6494,10,418.46,42.82116,-1.63544
25,6495,10,418.56,42.82113,-1.63555
25,6496,10,418.38,42.8211,-1.63567
25,6497,10,418.33,42.82107,-1.63578
25,6498,10,418.28,42.82103,-1.63589
25,6499,10,417.96,42.821,-1.63601
25,6500,10,417.51,42.82097,-1.63612
25,6501,10,418.07,42.82094,-1.63624
25,6502,10,417.7,42.82092,-1.63635
25,6503,10,417.32,42.82091,-1.63648
25,6504,10,417.06,42.8209,-1.6366
25,6505,10,416.87,42.82088,-1.63672
25,6506,10,416.82,42.82085,-1.63683
25,6507,10,416.84,42.82083,-1.63695
25,6508,10,416.99,42.82081,-1.63707
25,6509,10,416.35,42.82078,-1.63719
25,6510,10,415.52,42.82076,-1.6373
25,6511,10,416.32,42.82073,-1.63742
25,6512,10,416.36,42.8208,-1.63747
25,6513,10,416.57,42.82088,-1.63751
25,6514,10,417.12,42.82097,-1.63755
25,6515,10,417.26,42.82105,-1.6376
25,6516,10,417.84,42.82113,-1.63764
25,6517,10,418.0,42.82114,-1.63775
25,6518,10,416.91,42.82109,-1.63785
25,6519,10,414.27,42.82105,-1.63796
25,6520,10,414.0,42.821,-1.63806
25,6521,10,414.0,42.82095,-1.63817
25,6522,10,414.48,42.8209,-1.63827
25,6523,10,417.6,42.82086,-1.63837
25,6524,10,418.59,42.82081,-1.63848
25,6525,10,419.34,42.82076,-1.63858
25,6526,10,420.06,42.82076,-1.63871
25,6527,10,420.31,42.82076,-1.63883
25,6528,10,420.51,42.82078,-1.63895
25,6529,10,420.72,42.8208,-1.63907
25,6530,10,421.0,42.82083,-1.63918
25,6531,10,421.07,42.82088,-1.63929
25,6532,10,421.15,42.82086,-1.63939
25,6533,10,420.89,42.82093,-1.63948
25,6534,10,420.58,42.821,-1.63956
25,6535,10,420.41,42.82104,-1.63966
25,6536,10,420.23,42.82107,-1.63978
25,6537,10,419.93,42.82112,-1.63988
25,6538,10,419.46,42.82117,-1.63998
25,6539,10,419.41,42.82124,-1.64005
25,6540,10,420.09,42.82132,-1.64011
25,6541,10,420.36,42.82141,-1.64014
25,6542,10,420.57,42.82149,-1.64017
25,6543,10,420.7,42.82158,-1.6402
25,6544,10,420.65,42.82167,-1.64023
25,6545,10,420.7,42.82176,-1.64026
25,6546,10,420.81,42.82183,-1.64032
25,6547,10,420.22,42.82188,-1.64042
25,6548,10,420.22,42.8219,-1.64054
25,6549,10,420.25,42.82188,-1.64065
25,6550,10,420.39,42.82185,-1.64077
25,6551,10,420.7,42.82182,-1.64088
25,6552,10,420.79,42.82178,-1.641
25,6553,10,420.89,42.82175,-1.64111
25,6554,10,421.36,42.82171,-1.64122
25,6555,10,421.25,42.82168,-1.64134
25,6556,10,420.87,42.82166,-1.64145
25,6557,10,421.67,42.82163,-1.64157
25,6558,10,423.18,42.82158,-1.64168
25,6559,10,424.09,42.82154,-1.64179
25,6560,10,425.29,42.8215,-1.6419
25,6561,10,426.21,42.82145,-1.64198
25,6562,10,427.65,42.82137,-1.64204
25,6563,10,429.52,42.82128,-1.64209
25,6564,10,431.31,42.8212,-1.64212
25,6565,10,431.57,42.82118,-1.64224
25,6566,10,433.19,42.82114,-1.64235
25,6567,10,434.08,42.82113,-1.64247
25,6568,10,435.92,42.82112,-1.64259
25,6569,10,436.59,42.8211,-1.64271
25,6570,10,437.85,42.82109,-1.64283
25,6571,10,439.62,42.82107,-1.64295
25,6572,10,440.36,42.82106,-1.64307
25,6573,10,440.76,42.82104,-1.64319
25,6574,10,440.79,42.821,-1.64328
25,6575,10,441.93,42.82091,-1.64329
25,6576,10,443.23,42.82082,-1.64331
25,6577,10,444.12,42.82074,-1.64329
25,6578,10,444.77,42.82065,-1.64325
25,6579,10,445.11,42.82056,-1.64322
25,6580,10,445.58,42.82047,-1.64319
25,6581,10,446.06,42.82039,-1.64316
25,6582,10,446.62,42.8203,-1.64314
25,6583,10,447.13,42.82021,-1.64313
25,6584,10,447.54,42.82012,-1.64313
25,6585,10,447.84,42.82003,-1.64312
25,6586,10,447.96,42.81994,-1.64312
25,6587,10,447.81,42.81985,-1.64311
25,6588,10,447.6,42.81976,-1.64311
25,6589,10,447.37,42.81967,-1.6431
25,6590,10,447.05,42.81958,-1.64309
25,6591,10,446.55,42.81949,-1.64307
25,6592,10,446.13,42.81941,-1.64304
25,6593,10,445.74,42.81932,-1.64301
25,6594,10,445.51,42.81923,-1.64297
25,6595,10,445.43,42.81915,-1.64293
25,6596,10,445.38,42.81906,-1.64288
25,6597,10,445.34,42.81898,-1.64283
25,6598,10,445.23,42.8189,-1.64278
25,6599,10,444.84,42.81882,-1.64273
25,6600,10,445.12,42.81883,-1.64266
25,6601,10,445.7,42.8189,-1.64258
25,6602,10,446.01,42.81896,-1.6425
25,6603,10,446.3,42.81903,-1.64242
25,6604,10,446.59,42.8191,-1.64233
25,6605,10,446.88,42.81917,-1.64225
25,6606,10,447.17,42.81923,-1.64217
25,6607,10,447.45,42.81928,-1.64209
25,6608,10,447.39,42.81921,-1.64201
25,6609,10,447.31,42.81914,-1.64193
25,6610,10,447.21,42.81907,-1.64186
26,6611,10,447.15,42.81899,-1.64174
26,6612,10,447.21,42.81905,-1.64182
26,6613,10,447.29,42.81912,-1.6419
26,6614,10,447.38,42.81919,-1.64198
26,6615,10,447.44,42.81926,-1.64206
26,6616,10,447.25,42.81924,-1.64214
26,6617,10,446.94,42.81918,-1.64223
26,6618,10,446.63,42.81911,-1.64232
26,6619,10,446.37,42.81904,-1.64239
26,6620,10,446.1,42.81897,-1.64247
26,6621,10,445.8,42.8189,-1.64255
26,6622,10,445.34,42.81883,-1.64263
26,6623,10,445.29,42.81876,-1.6427
26,6624,10,445.48,42.81869,-1.64278
26,6625,10,445.38,42.81863,-1.64286
26,6626,10,445.26,42.81856,-1.64294
26,6627,10,445.12,42.81849,-1.64302
26,6628,10,444.75,42.81846,-1.64313
26,6629,10,444.33,42.81843,-1.64325
26,6630,10,444.59,42.81839,-1.64336
26,6631,10,444.93,42.81836,-1.64348
26,6632,10,445.0,42.81833,-1.64359
26,6633,10,444.96,42.8183,-1.64371
26,6634,10,444.8,42.81827,-1.64382
26,6635,10,444.39,42.81826,-1.64394
26,6636,10,444.61,42.81824,-1.64405
26,6637,10,445.73,42.81818,-1.64415
26,6638,10,446.71,42.81812,-1.64424
26,6639,10,446.62,42.81817,-1.64433
26,6640,10,446.72,42.81821,-1.64443
26,6641,10,447.0,42.81826,-1.64453
26,6642,10,447.59,42.81829,-1.64465
26,6643,10,447.33,42.8183,-1.64477
26,6644,10,447.05,42.81831,-1.64489
26,6645,10,446.98,42.81832,-1.64501
26,6646,10,446.97,42.81832,-1.64513
26,6647,10,447.52,42.81828,-1.64524
26,6648,10,447.95,42.81825,-1.64536
26,6649,10,448.48,42.81821,-1.64547
26,6650,10,449.01,42.81818,-1.64558
26,6651,10,449.55,42.81815,-1.6457
26,6652,10,450.15,42.81811,-1.64581
26,6653,10,450.74,42.81808,-1.64592
26,6654,10,451.42,42.81804,-1.64604
26,6655,10,451.92,42.81801,-1.64615
26,6656,10,452.23,42.81797,-1.64626
26,6657,10,452.34,42.81794,-1.64637
26,6658,10,452.34,42.8179,-1.64649
26,6659,10,452.42,42.81787,-1.6466
26,6660,10,452.46,42.81783,-1.64671
26,6661,10,452.18,42.8178,-1.64683
26,6662,10,451.64,42.81777,-1.64694
26,6663,10,451.35,42.81773,-1.64705
26,6664,10,451.76,42.8177,-1.64717
26,6665,10,451.59,42.81766,-1.64728
26,6666,10,451.42,42.81763,-1.64739
26,6667,10,451.13,42.81759,-1.6475
26,6668,10,450.92,42.81756,-1.64762
26,6669,10,450.78,42.81753,-1.64773
26,6670,10,450.57,42.81749,-1.64784
26,6671,10,450.3,42.81746,-1.64796
26,6672,10,450.13,42.81742,-1.64807
26,6673,10,449.96,42.81739,-1.64818
26,6674,10,449.63,42.81735,-1.64829
26,6675,10,449.28,42.81731,-1.6484
26,6676,10,449.0,42.81727,-1.64851
26,6677,10,448.78,42.81723,-1.64863
26,6678,10,448.3,42.8172,-1.64874
26,6679,10,447.39,42.81716,-1.64885
26,6680,10,447.28,42.81711,-1.64895
26,6681,10,446.84,42.81707,-1.64906
26,6682,10,447.34,42.81703,-1.64917
26,6683,10,447.28,42.81698,-1.64927
26,6684,10,447.18,42.81693,-1.64937
26,6685,10,447.61,42.81692,-1.64946
26,6686,10,447.64,42.81686,-1.64955
26,6687,10,447.35,42.81679,-1.64964
26,6688,10,447.26,42.81673,-1.64973
26,6689,10,447.22,42.81667,-1.64982
26,6690,10,447.45,42.81661,-1.64991
26,6691,10,447.28,42.81655,-1.65
26,6692,10,447.36,42.81649,-1.65009
26,6693,10,447.4,42.81643,-1.65018
26,6694,10,447.32,42.81636,-1.65026
26,6695,10,447.6,42.8163,-1.65035
26,6696,10,447.77,42.81624,-1.65044
26,6697,10,447.79,42.81618,-1.65053
26,6698,10,447.64,42.81611,-1.65062
26,6699,10,447.71,42.81605,-1.6507
26,6700,10,447.55,42.81599,-1.65079
26,6701,10,447.83,42.81593,-1.65088
26,6702,10,447.7,42.81586,-1.65097
26,6703,10,447.48,42.8158,-1.65105
26,6704,10,447.41,42.81574,-1.65115
26,6705,10,447.32,42.8157,-1.65125
26,6706,10,446.81,42.81565,-1.65135
26,6707,10,446.21,42.8156,-1.65146
26,6708,10,446.01,42.81554,-1.65155
26,6709,10,446.04,42.81547,-1.65164
26,6710,10,446.04,42.81541,-1.65173
26,6711,10,446.93,42.81535,-1.65181
26,6712,10,447.27,42.81528,-1.65173
26,6713,10,447.67,42.81522,-1.65164
26,6714,10,446.78,42.81515,-1.65156
26,6715,10,446.4,42.81509,-1.6516
26,6716,10,446.68,42.81503,-1.65169
26,6717,10,446.97,42.81497,-1.65178
26,6718,10,447.32,42.81491,-1.65186
26,6719,10,447.49,42.81484,-1.65195
26,6720,10,446.99,42.81478,-1.65204
26,6721,10,446.71,42.81472,-1.65213
26,6722,10,446.71,42.81466,-1.65222
26,6723,10,446.5,42.81458,-1.65227
26,6724,10,446.17,42.81449,-1.65227
26,6725,10,445.89,42.81441,-1.65228
26,6726,10,445.9,42.81432,-1.65233
26,6727,10,447.04,42.81424,-1.65237
26,6728,10,447.17,42.81424,-1.65247
26,6729,10,447.53,42.81417,-1.65252
26,6730,10,447.46,42.81415,-1.65264
26,6731,10,448.03,42.81406,-1.65267
26,6732,10,448.44,42.81397,-1.65268
26,6733,10,448.38,42.8139,-1.65276
26,6734,10,448.27,42.81384,-1.65284
26,6735,10,448.19,42.81377,-1.65292
26,6736,10,448.14,42.8137,-1.653
26,6737,10,448.12,42.81363,-1.65308
26,6738,10,448.16,42.81356,-1.65316
26,6739,10,448.24,42.8135,-1.65324
26,6740,10,448.28,42.81343,-1.65332
26,6741,10,448.34,42.81336,-1.6534
26,6742,10,448.28,42.81329,-1.65348
26,6743,10,448.01,42.81322,-1.65356
26,6744,10,447.79,42.81315,-1.65364
26,6745,10,447.66,42.81308,-1.65371
26,6746,10,447.58,42.81301,-1.65378
26,6747,10,447.51,42.81293,-1.65385
26,6748,10,447.46,42.81286,-1.65392
26,6749,10,447.39,42.81279,-1.65399
26,6750,10,447.34,42.81271,-1.65406
26,6751,10,447.35,42.81264,-1.65413
26,6752,10,447.47,42.81256,-1.6542
26,6753,10,447.44,42.81248,-1.65425
26,6754,10,447.58,42.8124,-1.65429
26,6755,10,448.38,42.81231,-1.6543
26,6756,10,448.47,42.81222,-1.65429
26,6757,10,448.19,42.81213,-1.65427
26,6758,10,448.31,42.81204,-1.65424
26,6759,10,448.36,42.81196,-1.6542
26,6760,10,448.87,42.81188,-1.65415
26,6761,10,448.76,42.81179,-1.65411
26,6762,10,448.76,42.81171,-1.65406
26,6763,10,448.79,42.81163,-1.654
26,6764,10,448.74,42.81155,-1.65395
26,6765,10,448.71,42.81147,-1.6539
26,6766,10,448.57,42.81138,-1.65385
26,6767,10,448.47,42.8113,-1.6538
26,6768,10,448.45,42.81122,-1.65375
26,6769,10,448.51,42.81114,-1.65369
26,6770,10,448.64,42.81106,-1.65364
26,6771,10,448.8,42.81098,-1.65359
26,6772,10,448.92,42.81089,-1.65354
26,6773,10,449.02,42.81081,-1.65349
26,6774,10,449.19,42.81073,-1.65344
26,6775,10,449.4,42.81065,-1.65339
26,6776,10,449.81,42.81056,-1.65335
26,6777,10,450.34,42.81048,-1.6533
26,6778,10,450.58,42.8104,-1.65325
26,6779,10,450.43,42.81031,-1.6532
26,6780,10,450.42,42.81024,-1.65313
26,6781,10,450.38,42.81017,-1.65306
26,6782,10,450.27,42.8101,-1.65299
26,6783,10,450.1,42.81003,-1.6529
26,6784,10,449.81,42.80996,-1.6529
26,6785,10,449.3,42.80989,-1.65297
26,6786,10,448.78,42.80982,-1.65305
26,6787,10,448.59,42.80975,-1.65308
26,6788,10,448.36,42.80967,-1.65306
26,6789,10,448.36,42.80962,-1.65297
26,6790,10,448.74,42.80955,-1.65297
26,6791,10,448.73,42.80947,-1.65302
26,6792,10,448.67,42.80939,-1.65307
26,6793,10,448.71,42.8093,-1.65312
26,6794,10,448.56,42.80922,-1.65317
26,6795,10,448.65,42.80916,-1.65315
26,6796,10,448.94,42.80911,-1.65304
26,6797,10,448.74,42.80903,-1.65307
26,6798,10,448.75,42.80895,-1.65313
26,6799,10,449.68,42.80887,-1.65318
26,6800,10,449.95,42.80885,-1.65327
26,6801,10,449.85,42.80885,-1.65337
26,6802,10,450.01,42.80879,-1.65347
26,6803,10,450.1,42.80873,-1.65357
26,6804,10,449.92,42.80868,-1.65366
26,6805,10,449.55,42.80862,-1.65376
26,6806,10,449.25,42.80856,-1.65385
26,6807,10,449.22,42.80851,-1.65395
26,6808,10,449.49,42.80845,-1.65404
26,6809,10,449.66,42.80839,-1.65413
26,6810,10,449.79,42.80833,-1.65422
26,6811,10,449.5,42.80827,-1.65431
26,6812,10,448.37,42.80819,-1.65437
26,6813,10,448.9,42.80811,-1.65443
26,6814,10,449.12,42.8081,-1.65452
26,6815,10,449.01,42.80811,-1.65463
26,6816,10,448.93,42.80805,-1.65472
26,6817,10,448.81,42.80799,-1.65481
26,6818,10,448.57,42.80793,-1.65491
26,6819,10,448.35,42.80787,-1.655
26,6820,10,448.32,42.80782,-1.65509
26,6821,10,449.08,42.80776,-1.65519
26,6822,10,449.23,42.8077,-1.65529
26,6823,10,449.33,42.80765,-1.65538
26,6824,10,449.48,42.80759,-1.65548
26,6825,10,449.63,42.80754,-1.65557
26,6826,10,449.35,42.80748,-1.65567
26,6827,10,449.23,42.80742,-1.65576
26,6828,10,449.08,42.80737,-1.65586
26,6829,10,449.04,42.80731,-1.65595
26,6830,10,448.55,42.80725,-1.65605
26,6831,10,447.92,42.8072,-1.65614
26,6832,10,447.7,42.80714,-1.65624
26,6833,10,447.32,42.80709,-1.65634
26,6834,10,447.17,42.80703,-1.65643
26,6835,10,447.0,42.80698,-1.65653
26,6836,10,446.82,42.80692,-1.65663
26,6837,10,446.62,42.80686,-1.65672
26,6838,10,446.61,42.8068,-1.65681
26,6839,10,447.11,42.80671,-1.6568
26,6840,10,446.77,42.80664,-1.65686
26,6841,10,446.44,42.80657,-1.65694
26,6842,10,446.58,42.80652,-1.65702
26,6843,10,446.29,42.80657,-1.65712
26,6844,10,446.04,42.80657,-1.65724
26,6845,10,445.25,42.80652,-1.65734
26,6846,10,445.52,42.80647,-1.65745
26,6847,10,445.46,42.80643,-1.65755
26,6848,10,445.33,42.80638,-1.65766
26,6849,10,445.68,42.80633,-1.65776
26,6850,10,445.88,42.80629,-1.65786
26,6851,10,445.56,42.80623,-1.65795
26,6852,10,444.3,42.80615,-1.65801
26,6853,10,443.84,42.80608,-1.65808
26,6854,10,443.5,42.80612,-1.65819
26,6855,10,443.29,42.80608,-1.6583
26,6856,10,443.5,42.80602,-1.65839
26,6857,10,443.35,42.80596,-1.65848
26,6858,10,442.87,42.8059,-1.65856
26,6859,10,442.22,42.80583,-1.65865
26,6860,10,441.39,42.80577,-1.65874
26,6861,10,440.4,42.80571,-1.65883
26,6862,10,439.94,42.80564,-1.65892
26,6863,10,439.41,42.80558,-1.659
26,6864,10,438.53,42.80551,-1.65908
26,6865,10,437.34,42.80545,-1.65917
26,6866,10,436.13,42.80538,-1.65925
26,6867,10,435.69,42.80532,-1.65933
26,6868,10,435.36,42.80525,-1.65942
26,6869,10,435.27,42.80519,-1.6595
26,6870,10,434.83,42.80512,-1.65959
26,6871,10,434.74,42.80506,-1.65967
26,6872,10,435.08,42.80499,-1.65975
26,6873,10,434.91,42.80492,-1.65983
26,6874,10,434.27,42.80485,-1.65992
26,6875,10,432.49,42.80478,-1.65998
26,6876,10,431.35,42.8047,-1.66003
26,6877,10,430.67,42.80461,-1.66007
26,6878,10,429.95,42.80453,-1.66011
26,6879,10,429.5,42.80445,-1.66017
26,6880,10,429.0,42.8044,-1.66026
26,6881,10,429.05,42.80438,-1.66038
26,6882,10,429.04,42.80435,-1.66048
26,6883,10,428.74,42.80428,-1.66055
26,6884,10,428.65,42.8042,-1.66061
26,6885,10,428.64,42.80412,-1.66067
26,6886,10,428.78,42.80404,-1.66073
26,6887,10,428.5,42.80396,-1.66079
26,6888,10,428.12,42.80388,-1.66085
26,6889,10,428.12,42.80381,-1.66091
26,6890,10,427.78,42.80373,-1.66098
26,6891,10,427.56,42.80365,-1.66104
26,6892,10,427.57,42.80358,-1.66111
26,6893,10,427.25,42.8035,-1.66117
26,6894,10,426.81,42.80343,-1.66124
26,6895,10,426.93,42.80335,-1.66131
26,6896,10,426.87,42.80328,-1.66137
26,6897,10,426.33,42.8032,-1.66144
26,6898,10,425.95,42.80313,-1.66151
26,6899,10,425.64,42.80305,-1.66158
26,6900,10,425.08,42.80298,-1.66165
26,6901,10,424.58,42.80291,-1.66172
26,6902,10,423.82,42.80283,-1.66179
26,6903,10,423.09,42.80276,-1.66186
26,6904,10,422.34,42.80268,-1.66193
26,6905,10,421.18,42.80261,-1.662
26,6906,10,420.35,42.80254,-1.66208
26,6907,10,419.76,42.80248,-1.66216
26,6908,10,419.58,42.80241,-1.66225
26,6909,10,419.27,42.80235,-1.66234
26,6910,10,418.35,42.80228,-1.66242
26,6911,10,417.69,42.80222,-1.66251
26,6912,10,417.42,42.80216,-1.66259
26,6913,10,416.41,42.80209,-1.66268
26,6914,10,416.27,42.80208,-1.66268
26,6915,10,415.31,42.80203,-1.66277
26,6916,10,414.56,42.80197,-1.66286
26,6917,10,414.26,42.80191,-1.66295
26,6918,10,413.82,42.80184,-1.66302
26,6919,10,413.6,42.80176,-1.66308
26,6920,10,413.6,42.80168,-1.66314
26,6921,10,413.53,42.8016,-1.66319
26,6922,10,413.3,42.80153,-1.66322
26,6923,10,412.97,42.80148,-1.66331
26,6924,10,413.24,42.80148,-1.66342
26,6925,10,413.27,42.80146,-1.66353
26,6926,10,413.11,42.80152,-1.66359
26,6927,10,412.9,42.80154,-1.6637
26,6928,10,412.68,42.80151,-1.66382
26,6929,10,412.45,42.80148,-1.66394
26,6930,10,412.16,42.80145,-1.66405
26,6931,10,412.11,42.80142,-1.66417
26,6932,10,412.02,42.8014,-1.66429
26,6933,10,411.84,42.80137,-1.6644
26,6934,10,411.54,42.80134,-1.66452
26,6935,10,411.38,42.80132,-1.66464
26,6936,10,411.94,42.8013,-1.66475
26,6937,10,412.86,42.80127,-1.66487
26,6938,10,413.11,42.80125,-1.66499
26,6939,10,413.2,42.80123,-1.6651
26,6940,10,413.35,42.80114,-1.66512
26,6941,10,413.53,42.80105,-1.66515
26,6942,10,413.53,42.80096,-1.66517
26,6943,10,413.26,42.80088,-1.66521
26,6944,10,413.38,42.80082,-1.66528
26,6945,10,413.74,42.80083,-1.6654
26,6946,10,413.79,42.80074,-1.66541
26,6947,10,413.14,42.80065,-1.66541
26,6948,10,412.61,42.80056,-1.66541
26,6949,10,412.57,42.80047,-1.66544
26,6950,10,412.6,42.80039,-1.66549
26,6951,10,412.47,42.80031,-1.66555
26,6952,10,412.54,42.80023,-1.66561
26,6953,10,412.73,42.80015,-1.66567
26,6954,10,412.9,42.80008,-1.66573
26,6955,10,412.93,42.8,-1.66578
26,6956,10,412.98,42.79992,-1.66584
26,6957,10,413.07,42.79984,-1.6659
26,6958,10,413.05,42.79975,-1.66592
26,6959,10,412.91,42.79966,-1.66589
26,6960,10,413.27,42.79958,-1.66594
26,6961,10,413.59,42.7995,-1.66599
26,6962,10,413.44,42.79941,-1.66603
26,6963,10,413.23,42.79933,-1.66608
26,6964,10,412.92,42.79925,-1.66613
26,6965,10,412.35,42.79916,-1.66617
26,6966,10,411.98,42.79908,-1.66622
26,6967,10,411.83,42.799,-1.66627
26,6968,10,411.74,42.79891,-1.66631
26,6969,10,411.63,42.79883,-1.66636
26,6970,10,411.65,42.79875,-1.6664
26,6971,10,411.35,42.79866,-1.66645
26,6972,10,411.18,42.79858,-1.6665
26,6973,10,411.16,42.7985,-1.66656
26,6974,10,410.95,42.79843,-1.66663
26,6975,10,410.68,42.79835,-1.6667
26,6976,10,410.72,42.79828,-1.66676
26,6977,10,410.59,42.7982,-1.66683
26,6978,10,410.45,42.79813,-1.6669
26,6979,10,410.58,42.79805,-1.66696
26,6980,10,410.95,42.79798,-1.66703
26,6981,10,411.38,42.7979,-1.6671
26,6982,10,411.45,42.79783,-1.66716
26,6983,10,411.27,42.79778,-1.66727
26,6984,10,410.91,42.79773,-1.66737
26,6985,10,410.87,42.79769,-1.66748
26,6986,10,410.9,42.79764,-1.66758
26,6987,10,410.88,42.79759,-1.66768
26,6988,10,411.35,42.79753,-1.66778
26,6989,10,411.63,42.79747,-1.66787
26,6990,10,411.78,42.79741,-1.66796
26,6991,10,411.76,42.79736,-1.66806
26,6992,10,411.75,42.79729,-1.66814
26,6993,10,411.82,42.79723,-1.66823
26,6994,10,411.73,42.79716,-1.66831
26,6995,10,411.79,42.7971,-1.6684
26,6996,10,412.22,42.79703,-1.66848
26,6997,10,412.31,42.79696,-1.66856
26,6998,10,412.59,42.79689,-1.66863
26,6999,10,413.44,42.79681,-1.66869
26,7000,10,413.12,42.79673,-1.66875
26,7001,10,412.91,42.79666,-1.66881
26,7002,10,413.05,42.79658,-1.66887
26,7003,10,413.43,42.7965,-1.66893
26,7004,10,413.87,42.79642,-1.66899
26,7005,10,413.77,42.79634,-1.66904
26,7006,10,413.53,42.79626,-1.6691
26,7007,10,413.75,42.79618,-1.66916
26,7008,10,413.92,42.79611,-1.66923
26,7009,10,413.9,42.79605,-1.66932
26,7010,10,414.0,42.796,-1.66942
26,7011,10,414.18,42.79594,-1.66952
26,7012,10,414.23,42.79589,-1.66962
26,7013,10,414.54,42.79583,-1.66971
26,7014,10,414.78,42.79578,-1.66981
26,7015,10,414.93,42.79572,-1.66991
26,7016,10,414.94,42.79568,-1.67001
26,7017,10,414.87,42.79564,-1.67012
26,7018,10,414.94,42.7956,-1.67023
26,7019,10,415.15,42.79556,-1.67034
26,7020,10,415.47,42.79553,-1.67045
26,7021,10,415.99,42.7955,-1.67057
26,7022,10,416.47,42.79547,-1.67068
26,7023,10,416.93,42.79544,-1.6708
26,7024,10,417.31,42.79542,-1.67092
26,7025,10,417.31,42.79539,-1.67103
26,7026,10,417.09,42.79535,-1.67114
26,7027,10,416.63,42.7953,-1.67125
26,7028,10,416.38,42.79525,-1.67135
26,7029,10,416.1,42.7952,-1.67145
26,7030,10,415.77,42.79515,-1.67155
26,7031,10,415.79,42.79509,-1.67164
26,7032,10,415.76,42.79503,-1.67173
26,7033,10,415.74,42.79497,-1.67182
26,7034,10,416.09,42.7949,-1.6719
26,7035,10,416.63,42.79483,-1.67198
26,7036,10,416.93,42.79476,-1.67206
26,7037,10,416.85,42.79469,-1.67214
26,7038,10,416.8,42.79462,-1.67221
26,7039,10,416.76,42.79455,-1.67229
26,7040,10,417.01,42.79449,-1.67238
26,7041,10,417.37,42.79443,-1.67247
26,7042,10,417.6,42.79437,-1.67256
26,7043,10,417.85,42.7943,-1.67264
26,7044,10,418.35,42.79423,-1.67272
26,7045,10,418.63,42.79416,-1.6728
26,7046,10,418.75,42.7941,-1.67288
26,7047,10,418.92,42.79406,-1.67299
26,7048,10,419.53,42.79403,-1.67311
26,7049,10,419.58,42.794,-1.67322
26,7050,10,419.67,42.79392,-1.67324
26,7051,10,419.73,42.79384,-1.67319
26,7052,10,420.13,42.79375,-1.67318
26,7053,10,420.49,42.79366,-1.6732
26,7054,10,421.09,42.79358,-1.67325
26,7055,10,421.66,42.7935,-1.6733
26,7056,10,421.69,42.79341,-1.67335
26,7057,10,422.21,42.79333,-1.67339
26,7058,10,423.24,42.79324,-1.67343
26,7059,10,423.72,42.79316,-1.67347
26,7060,10,424.12,42.79307,-1.67351
26,7061,10,424.98,42.79299,-1.67355
26,7062,10,426.05,42.7929,-1.67359
26,7063,10,427.27,42.79282,-1.67363
26,7064,10,428.62,42.79273,-1.67367
26,7065,10,429.18,42.79265,-1.67371
26,7066,10,429.75,42.79256,-1.67375
26,7067,10,430.56,42.79248,-1.67379
26,7068,10,430.91,42.79239,-1.67382
26,7069,10,431.22,42.79231,-1.67386
26,7070,10,431.64,42.79222,-1.6739
26,7071,10,432.1,42.79214,-1.67395
26,7072,10,432.9,42.79206,-1.67401
26,7073,10,433.46,42.79198,-1.67406
26,7074,10,433.88,42.7919,-1.67411
26,7075,10,434.22,42.79182,-1.67417
26,7076,10,434.39,42.79174,-1.67422
26,7077,10,435.1,42.79165,-1.67428
26,7078,10,435.44,42.79158,-1.67433
26,7079,10,435.45,42.7915,-1.67439
26,7080,10,435.02,42.79141,-1.6744
26,7081,10,434.08,42.79133,-1.67446
26,7082,10,433.09,42.79125,-1.67451
26,7083,10,432.38,42.79117,-1.67457
26,7084,10,432.62,42.79109,-1.67462
26,7085,10,433.43,42.79101,-1.67466
26,7086,10,434.97,42.79092,-1.67471
26,7087,10,436.82,42.79084,-1.67475
26,7088,10,438.77,42.79075,-1.67479
26,7089,10,440.24,42.79067,-1.67484
26,7090,10,441.35,42.7906,-1.6749
26,7091,10,442.82,42.79051,-1.67494
26,7092,10,443.85,42.79042,-1.67497
26,7093,10,444.29,42.79034,-1.675
26,7094,10,444.98,42.79025,-1.67503
26,7095,10,445.62,42.79016,-1.67505
26,7096,10,446.27,42.79007,-1.67508
26,7097,10,447.04,42.78998,-1.6751
26,7098,10,447.83,42.78989,-1.67512
26,7099,10,449.63,42.78981,-1.67514
26,7100,10,452.01,42.78972,-1.67515
26,7101,10,453.56,42.78963,-1.67516
26,7102,10,454.92,42.78954,-1.67517
26,7103,10,456.13,42.78945,-1.67515
26,7104,10,457.27,42.78936,-1.67514
26,7105,10,458.52,42.78927,-1.67514
26,7106,10,459.43,42.78918,-1.67515
26,7107,10,460.44,42.78909,-1.67515
26,7108,10,460.68,42.789,-1.67516
26,7109,10,460.6,42.78891,-1.67516
26,7110,10,460.1,42.78882,-1.67516
26,7111,10,460.27,42.78873,-1.67517
26,7112,10,460.52,42.78864,-1.67517
26,7113,10,460.93,42.78855,-1.67521
26,7114,10,460.87,42.78847,-1.67524
27,7115,10,463.89,42.7881,-1.67569
27,7116,10,464.23,42.78805,-1.67579
27,7117,10,464.56,42.78799,-1.67588
27,7118,10,464.65,42.78795,-1.67598
27,7119,10,465.01,42.78795,-1.6761
27,7120,10,465.72,42.78802,-1.67617
27,7121,10,467.09,42.78811,-1.67622
27,7122,10,467.52,42.78814,-1.6763
27,7123,10,466.64,42.78808,-1.67634
27,7124,10,465.52,42.78799,-1.67631
27,7125,10,465.41,42.7879,-1.67632
27,7126,10,465.27,42.78781,-1.67633
27,7127,10,464.72,42.78772,-1.67634
27,7128,10,464.66,42.78764,-1.67639
27,7129,10,464.0,42.78756,-1.67644
27,7130,10,463.1,42.78747,-1.67648
27,7131,10,462.48,42.78739,-1.67653
27,7132,10,462.31,42.78731,-1.67658
27,7133,10,462.06,42.78723,-1.67664
27,7134,10,461.38,42.78715,-1.67669
27,7135,10,460.7,42.78707,-1.67674
27,7136,10,460.16,42.78699,-1.6768
27,7137,10,459.92,42.7869,-1.67685
27,7138,10,459.78,42.78682,-1.67691
27,7139,10,459.64,42.78674,-1.67696
27,7140,10,459.4,42.78666,-1.67701
27,7141,10,458.48,42.78659,-1.67707
27,7142,10,457.85,42.78653,-1.67715
27,7143,10,457.7,42.78645,-1.67721
27,7144,10,457.98,42.78639,-1.67715
27,7145,10,458.07,42.78631,-1.67717
27,7146,10,457.88,42.78627,-1.67728
27,7147,10,457.93,42.78623,-1.67739
27,7148,10,458.02,42.7862,-1.6775
27,7149,10,457.94,42.78617,-1.67761
27,7150,10,457.95,42.78613,-1.67773
27,7151,10,458.1,42.7861,-1.67784
27,7152,10,457.34,42.78607,-1.67796
27,7153,10,456.74,42.78603,-1.67807
27,7154,10,457.03,42.78608,-1.6781
27,7155,10,457.34,42.78612,-1.67818
27,7156,10,456.74,42.78604,-1.67823
27,7157,10,456.07,42.78598,-1.67831
27,7158,10,456.05,42.78597,-1.67843
27,7159,10,456.71,42.78596,-1.67852
27,7160,10,456.13,42.78589,-1.67849
27,7161,10,455.67,42.78581,-1.67855
27,7162,10,455.13,42.78574,-1.67862
27,7163,10,454.84,42.78567,-1.6787
27,7164,10,454.14,42.7856,-1.67877
27,7165,10,453.46,42.78553,-1.67885
27,7166,10,453.32,42.78546,-1.67893
27,7167,10,452.36,42.78539,-1.67901
27,7168,10,451.83,42.78532,-1.67908
27,7169,10,451.27,42.78525,-1.67915
27,7170,10,450.6,42.78518,-1.67923
27,7171,10,450.17,42.78511,-1.6793
27,7172,10,449.65,42.78503,-1.67937
27,7173,10,448.96,42.78496,-1.67944
27,7174,10,448.45,42.78489,-1.67952
27,7175,10,448.07,42.78482,-1.67959
27,7176,10,447.12,42.78474,-1.67966
27,7177,10,446.29,42.78467,-1.67973
27,7178,10,445.89,42.7846,-1.67981
27,7179,10,445.62,42.78458,-1.67991
27,7180,10,444.71,42.7845,-1.67994
27,7181,10,444.33,42.78443,-1.68001
27,7182,10,443.46,42.78436,-1.6801
27,7183,10,442.56,42.7843,-1.68019
27,7184,10,441.33,42.78423,-1.68027
27,7185,10,440.81,42.78416,-1.68034
27,7186,10,440.66,42.78408,-1.6804
27,7187,10,440.46,42.784,-1.68046
27,7188,10,439.97,42.78392,-1.68052
27,7189,10,439.6,42.78384,-1.68058
27,7190,10,439.07,42.78376,-1.68063
27,7191,10,438.71,42.78368,-1.68068
27,7192,10,438.5,42.7836,-1.68074
27,7193,10,437.89,42.78352,-1.68079
27,7194,10,437.71,42.78345,-1.68086
27,7195,10,437.67,42.78337,-1.68092
27,7196,10,437.6,42.78329,-1.68099
27,7197,10,437.59,42.78322,-1.68105
27,7198,10,437.54,42.78314,-1.68112
27,7199,10,437.02,42.78306,-1.68118
27,7200,10,436.25,42.78299,-1.68125
27,7201,10,435.84,42.78291,-1.68131
27,7202,10,435.63,42.78283,-1.68138
27,7203,10,435.65,42.78276,-1.68144
27,7204,10,435.56,42.78269,-1.68153
27,7205,10,435.28,42.78264,-1.68162
27,7206,10,434.8,42.78258,-1.68171
27,7207,10,434.66,42.78252,-1.6818
27,7208,10,434.67,42.78246,-1.6819
27,7209,10,434.65,42.7824,-1.68199
27,7210,10,434.35,42.78234,-1.68208
27,7211,10,433.85,42.78228,-1.68216
27,7212,10,433.67,42.78221,-1.68225
27,7213,10,433.61,42.78215,-1.68233
27,7214,10,433.63,42.78208,-1.68242
27,7215,10,434.41,42.78201,-1.68249
27,7216,10,435.14,42.78193,-1.68256
27,7217,10,435.19,42.78188,-1.68265
27,7218,10,435.22,42.78186,-1.68277
27,7219,10,435.08,42.78182,-1.68288
27,7220,10,434.68,42.78177,-1.68298
27,7221,10,435.09,42.78173,-1.68308
27,7222,10,435.48,42.78168,-1.68319
27,7223,10,435.52,42.78163,-1.68329
27,7224,10,435.49,42.78158,-1.68339
27,7225,10,435.1,42.78153,-1.68349
27,7226,10,435.26,42.78148,-1.68359
27,7227,10,435.13,42.78142,-1.68369
27,7228,10,434.88,42.78136,-1.68378
27,7229,10,435.03,42.78131,-1.68388
27,7230,10,435.42,42.78125,-1.68398
27,7231,10,435.61,42.7812,-1.68407
27,7232,10,435.71,42.78114,-1.68417
27,7233,10,435.84,42.78108,-1.68426
27,7234,10,435.96,42.78103,-1.68436
27,7235,10,436.01,42.78097,-1.68445
27,7236,10,436.09,42.78092,-1.68455
27,7237,10,436.06,42.78086,-1.68464
27,7238,10,436.17,42.7808,-1.68474
27,7239,10,436.12,42.78075,-1.68484
27,7240,10,436.07,42.78069,-1.68493
27,7241,10,436.12,42.78063,-1.68503
27,7242,10,436.13,42.78058,-1.68512
27,7243,10,436.44,42.78052,-1.68522
27,7244,10,437.09,42.78047,-1.68531
27,7245,10,437.06,42.78041,-1.68541
27,7246,10,436.47,42.78035,-1.6855
27,7247,10,436.75,42.7803,-1.6856
27,7248,10,437.17,42.78024,-1.6857
27,7249,10,437.67,42.78019,-1.68579
27,7250,10,437.94,42.78013,-1.68589
27,7251,10,437.94,42.78006,-1.68594
27,7252,10,438.02,42.77998,-1.68599
27,7253,10,438.67,42.77991,-1.68607
27,7254,10,439.55,42.77985,-1.68615
27,7255,10,440.03,42.77978,-1.68624
27,7256,10,440.37,42.77972,-1.68632
27,7257,10,441.19,42.77966,-1.68641
27,7258,10,441.43,42.77959,-1.6865
27,7259,10,441.85,42.77953,-1.68659
27,7260,10,442.07,42.77947,-1.68667
27,7261,10,442.46,42.7794,-1.68676
27,7262,10,442.91,42.77934,-1.68684
27,7263,10,443.07,42.77927,-1.68693
27,7264,10,443.33,42.77921,-1.68701
27,7265,10,443.82,42.77914,-1.6871
27,7266,10,443.6,42.77908,-1.68718
27,7267,10,443.59,42.77901,-1.68727
27,7268,10,443.83,42.77895,-1.68735
27,7269,10,444.06,42.77888,-1.68744
27,7270,10,444.0,42.77882,-1.68752
27,7271,10,444.01,42.77876,-1.68761
27,7272,10,444.02,42.77869,-1.6877
27,7273,10,444.03,42.77863,-1.68779
27,7274,10,444.25,42.77857,-1.68787
27,7275,10,444.69,42.7785,-1.68795
27,7276,10,444.83,42.77843,-1.68804
27,7277,10,444.8,42.77836,-1.68812
27,7278,10,444.71,42.77829,-1.68819
27,7279,10,444.48,42.77822,-1.68827
27,7280,10,444.11,42.77815,-1.68834
27,7281,10,444.18,42.77808,-1.68842
27,7282,10,444.49,42.77803,-1.68851
27,7283,10,444.49,42.778,-1.68863
27,7284,10,444.27,42.77798,-1.68875
27,7285,10,443.88,42.778,-1.68887
27,7286,10,443.71,42.77802,-1.68899
27,7287,10,443.66,42.77804,-1.68911
27,7288,10,443.62,42.77805,-1.68923
27,7289,10,443.6,42.77807,-1.68935
27,7290,10,443.63,42.77809,-1.68947
27,7291,10,443.71,42.7781,-1.68959
27,7292,10,443.77,42.77811,-1.68971
27,7293,10,443.93,42.77809,-1.68982
27,7294,10,444.2,42.77801,-1.68987
27,7295,10,444.48,42.77793,-1.68991
27,7296,10,444.61,42.77785,-1.68996
27,7297,10,445.32,42.77776,-1.69001
27,7298,10,445.73,42.77768,-1.69005
27,7299,10,446.06,42.77759,-1.69009
27,7300,10,446.35,42.77751,-1.69013
27,7301,10,446.39,42.77743,-1.69018
27,7302,10,446.73,42.77734,-1.69022
27,7303,10,446.88,42.77726,-1.69026
27,7304,10,446.9,42.77717,-1.6903
27,7305,10,446.93,42.77709,-1.69035
27,7306,10,447.3,42.777,-1.69039
27,7307,10,448.05,42.77692,-1.69043
27,7308,10,448.46,42.77683,-1.69048
27,7309,10,448.98,42.77675,-1.69052
27,7310,10,449.1,42.77667,-1.69056
27,7311,10,449.06,42.77658,-1.6906
27,7312,10,449.33,42.7765,-1.69065
27,7313,10,449.93,42.77641,-1.69069
27,7314,10,450.14,42.77633,-1.69073
27,7315,10,450.68,42.77625,-1.69078
27,7316,10,451.01,42.77616,-1.69082
27,7317,10,451.06,42.77608,-1.69086
27,7318,10,451.78,42.77599,-1.69091
27,7319,10,452.67,42.77591,-1.69095
27,7320,10,453.53,42.77582,-1.69099
27,7321,10,454.51,42.77574,-1.69103
27,7322,10,455.74,42.77565,-1.69107
27,7323,10,456.83,42.77557,-1.69111
27,7324,10,458.86,42.77548,-1.69114
27,7325,10,459.92,42.77541,-1.69121
27,7326,10,460.8,42.77534,-1.6913
27,7327,10,461.84,42.77527,-1.69137
27,7328,10,462.5,42.77519,-1.69143
27,7329,10,462.89,42.77511,-1.69148
27,7330,10,463.39,42.77504,-1.69155
27,7331,10,463.83,42.77497,-1.69162
27,7332,10,463.88,42.7749,-1.69171
27,7333,10,463.85,42.77484,-1.69179
27,7334,10,463.92,42.77477,-1.69188
27,7335,10,464.49,42.77471,-1.69196
27,7336,10,464.77,42.77464,-1.69205
27,7337,10,465.09,42.77457,-1.69213
27,7338,10,465.61,42.7745,-1.6922
27,7339,10,465.68,42.77443,-1.69227
27,7340,10,466.02,42.77436,-1.69235
27,7341,10,466.59,42.77429,-1.69243
27,7342,10,467.18,42.77423,-1.69252
27,7343,10,467.63,42.77417,-1.69261
27,7344,10,468.31,42.77411,-1.6927
27,7345,10,468.61,42.77404,-1.69278
27,7346,10,468.65,42.77398,-1.69286
27,7347,10,468.76,42.77391,-1.69295
27,7348,10,468.81,42.77384,-1.69303
27,7349,10,469.0,42.77378,-1.69311
27,7350,10,469.19,42.77371,-1.69319
27,7351,10,469.81,42.77365,-1.69328
27,7352,10,470.13,42.77359,-1.69337
27,7353,10,470.55,42.77352,-1.69346
27,7354,10,470.91,42.77346,-1.69354
27,7355,10,471.6,42.77339,-1.69362
27,7356,10,472.37,42.77332,-1.6937
27,7357,10,473.65,42.77325,-1.69378
27,7358,10,474.45,42.77318,-1.69386
27,7359,10,475.04,42.7731,-1.69391
27,7360,10,475.24,42.77302,-1.69397
27,7361,10,475.91,42.77294,-1.69402
27,7362,10,476.85,42.77286,-1.69408
27,7363,10,477.4,42.77278,-1.69413
27,7364,10,477.42,42.77274,-1.69424
27,7365,10,478.07,42.77271,-1.69435
27,7366,10,479.09,42.77265,-1.69445
27,7367,10,479.9,42.77259,-1.69453
27,7368,10,480.54,42.77253,-1.69462
27,7369,10,481.5,42.77247,-1.69471
27,7370,10,482.32,42.7724,-1.6948
27,7371,10,482.88,42.77234,-1.69488
27,7372,10,483.59,42.77228,-1.69497
27,7373,10,484.32,42.77221,-1.69506
27,7374,10,484.84,42.77215,-1.69515
27,7375,10,485.13,42.77209,-1.69524
27,7376,10,485.72,42.77203,-1.69533
27,7377,10,486.15,42.77199,-1.69544
27,7378,10,486.35,42.77194,-1.69554
27,7379,10,486.66,42.77189,-1.69564
27,7380,10,486.94,42.77184,-1.69574
27,7381,10,487.36,42.77179,-1.69585
27,7382,10,488.1,42.77175,-1.69595
27,7383,10,488.38,42.7717,-1.69606
27,7384,10,488.82,42.77166,-1.69617
27,7385,10,489.47,42.77161,-1.69627
27,7386,10,490.61,42.77157,-1.69638
27,7387,10,492.46,42.77152,-1.69648
27,7388,10,493.94,42.77148,-1.69659
27,7389,10,494.88,42.77143,-1.6967
27,7390,10,495.53,42.77139,-1.6968
27,7391,10,496.26,42.77137,-1.69692
27,7392,10,496.88,42.77135,-1.69704
27,7393,10,497.04,42.77133,-1.69716
27,7394,10,497.38,42.77132,-1.69728
27,7395,10,497.42,42.7713,-1.6974
27,7396,10,497.48,42.77128,-1.69752
27,7397,10,497.55,42.77127,-1.69764
27,7398,10,497.45,42.77124,-1.69775
27,7399,10,497.38,42.77119,-1.69786
27,7400,10,497.09,42.77115,-1.69797
27,7401,10,496.63,42.7711,-1.69807
27,7402,10,496.25,42.77106,-1.69818
27,7403,10,496.03,42.77101,-1.69828
27,7404,10,495.66,42.77095,-1.69837
27,7405,10,495.31,42.77089,-1.69846
27,7406,10,495.15,42.77083,-1.69856
27,7407,10,494.76,42.77077,-1.69865
27,7408,10,494.17,42.77071,-1.69874
27,7409,10,493.18,42.77065,-1.69883
27,7410,10,492.56,42.77059,-1.69892
27,7411,10,492.49,42.77053,-1.69901
27,7412,10,492.5,42.77047,-1.6991
27,7413,10,491.97,42.77041,-1.69919
27,7414,10,491.49,42.77035,-1.69928
27,7415,10,490.93,42.77028,-1.69936
27,7416,10,490.52,42.77021,-1.69943
27,7417,10,490.05,42.77014,-1.69951
27,7418,10,489.79,42.77006,-1.69958
27,7419,10,489.68,42.76999,-1.69965
27,7420,10,489.58,42.76992,-1.69972
27,7421,10,489.43,42.76984,-1.6998
27,7422,10,489.12,42.76977,-1.69987
27,7423,10,488.9,42.7697,-1.69994
27,7424,10,488.55,42.76963,-1.70001
27,7425,10,488.63,42.76955,-1.70008
27,7426,10,488.23,42.76948,-1.70016
27,7427,10,488.5,42.76941,-1.70023
27,7428,10,488.71,42.76934,-1.7003
27,7429,10,488.85,42.76926,-1.70037
27,7430,10,489.1,42.76919,-1.70044
27,7431,10,489.71,42.76912,-1.70052
27,7432,10,489.83,42.76904,-1.70058
27,7433,10,489.81,42.76897,-1.70065
27,7434,10,489.82,42.76889,-1.70071
27,7435,10,489.81,42.76881,-1.70076
27,7436,10,489.86,42.76872,-1.70081
27,7437,10,489.87,42.76864,-1.70086
27,7438,10,489.87,42.76856,-1.70091
27,7439,10,489.9,42.76848,-1.70096
27,7440,10,490.04,42.76839,-1.70101
27,7441,10,490.08,42.76831,-1.70105
27,7442,10,490.24,42.76823,-1.7011
27,7443,10,490.68,42.76815,-1.70115
27,7444,10,491.63,42.76806,-1.70119
27,7445,10,492.18,42.76798,-1.70124
27,7446,10,492.34,42.7679,-1.70129
27,7447,10,492.75,42.76782,-1.70134
27,7448,10,493.21,42.76773,-1.70139
27,7449,10,493.73,42.76765,-1.70144
27,7450,10,493.98,42.76757,-1.70149
27,7451,10,494.14,42.76749,-1.70154
27,7452,10,494.14,42.76741,-1.70161
27,7453,10,493.45,42.76733,-1.70167
27,7454,10,493.27,42.76726,-1.70175
27,7455,10,493.17,42.7672,-1.70183
27,7456,10,492.64,42.76713,-1.70192
27,7457,10,492.47,42.76707,-1.702
27,7458,10,492.14,42.76701,-1.70209
27,7459,10,492.01,42.76694,-1.70218
27,7460,10,491.92,42.76688,-1.70227
27,7461,10,491.26,42.76682,-1.70235
27,7462,10,491.01,42.76675,-1.70244
27,7463,10,490.75,42.76669,-1.70253
27,7464,10,490.38,42.76664,-1.70262
27,7465,10,490.15,42.76658,-1.70272
27,7466,10,489.96,42.76652,-1.70281
27,7467,10,489.98,42.76647,-1.70291
27,7468,10,489.87,42.76642,-1.70301
27,7469,10,489.86,42.76636,-1.70311
27,7470,10,489.62,42.76631,-1.70321
27,7471,10,489.34,42.76626,-1.70331
27,7472,10,489.55,42.76621,-1.70341
27,7473,10,489.5,42.76616,-1.70351
27,7474,10,489.47,42.76611,-1.70362
27,7475,10,489.58,42.76607,-1.70372
27,7476,10,489.82,42.76602,-1.70383
27,7477,10,489.8,42.76598,-1.70393
27,7478,10,489.89,42.76593,-1.70404
27,7479,10,490.15,42.76588,-1.70414
27,7480,10,490.4,42.76583,-1.70424
27,7481,10,490.51,42.76577,-1.70434
27,7482,10,490.3,42.76572,-1.70443
27,7483,10,490.12,42.76566,-1.70453
27,7484,10,490.01,42.7656,-1.70462
27,7485,10,489.87,42.76555,-1.70472
27,7486,10,489.88,42.76549,-1.70481
27,7487,10,489.94,42.76543,-1.70491
27,7488,10,489.87,42.76538,-1.70501
27,7489,10,489.8,42.76534,-1.70511
27,7490,10,490.15,42.76529,-1.70521
27,7491,10,490.36,42.76526,-1.70533
27,7492,10,490.32,42.76523,-1.70545
27,7493,10,489.91,42.7652,-1.70556
27,7494,10,490.11,42.76517,-1.70568
27,7495,10,490.15,42.76515,-1.7058
27,7496,10,490.38,42.76512,-1.70591
27,7497,10,490.89,42.76509,-1.70603
27,7498,10,490.82,42.76507,-1.70615
27,7499,10,491.17,42.76504,-1.70626
27,7500,10,491.7,42.76501,-1.70638
27,7501,10,491.89,42.76499,-1.7065
27,7502,10,492.26,42.76496,-1.70661
27,7503,10,492.63,42.76493,-1.70673
27,7504,10,492.86,42.76491,-1.70685
27,7505,10,493.18,42.76488,-1.70696
27,7506,10,493.7,42.76485,-1.70708
27,7507,10,494.45,42.76481,-1.70719
27,7508,10,495.1,42.76476,-1.70729
27,7509,10,495.47,42.76471,-1.70739
27,7510,10,496.59,42.76465,-1.70748
27,7511,10,497.37,42.7646,-1.70758
27,7512,10,497.68,42.76455,-1.70768
27,7513,10,498.22,42.7645,-1.70779
27,7514,10,498.87,42.76445,-1.70789
27,7515,10,498.96,42.7644,-1.70798
27,7516,10,499.7,42.76433,-1.70807
27,7517,10,500.42,42.76426,-1.70814
27,7518,10,501.01,42.76419,-1.70821
27,7519,10,501.76,42.76411,-1.70828
27,7520,10,501.91,42.76404,-1.70835
27,7521,10,501.66,42.76397,-1.70842
27,7522,10,501.12,42.76389,-1.70849
27,7523,10,500.34,42.76382,-1.70857
27,7524,10,499.99,42.76375,-1.70864
27,7525,10,500.54,42.76368,-1.70871
27,7526,10,500.74,42.7636,-1.70879
27,7527,10,500.99,42.76353,-1.70886
27,7528,10,501.22,42.76346,-1.70894
27,7529,10,501.43,42.76339,-1.70901
27,7530,10,501.62,42.76331,-1.70908
27,7531,10,501.78,42.76324,-1.70914
27,7532,10,501.79,42.76317,-1.70921
27,7533,10,501.37,42.76313,-1.70933
27,7534,10,500.81,42.7631,-1.70944
27,7535,10,501.23,42.76308,-1.70956
27,7536,10,501.71,42.76306,-1.70968
27,7537,10,502.06,42.76304,-1.7098
27,7538,10,502.47,42.76302,-1.70992
27,7539,10,504.06,42.763,-1.71004
27,7540,10,506.75,42.76296,-1.71014
27,7541,10,507.65,42.76289,-1.71022
27,7542,10,509.16,42.76281,-1.71028
27,7543,10,509.17,42.76273,-1.71034
27,7544,10,508.7,42.76266,-1.71041
27,7545,10,508.57,42.7626,-1.7105
27,7546,10,509.79,42.76255,-1.7106
27,7547,10,510.42,42.76251,-1.71071
27,7548,10,510.87,42.76245,-1.71081
27,7549,10,511.45,42.76238,-1.71088
27,7550,10,511.95,42.76231,-1.71096
27,7551,10,512.31,42.76224,-1.71103
27,7552,10,512.95,42.76217,-1.71111
27,7553,10,513.56,42.7621,-1.71119
27,7554,10,513.65,42.76203,-1.71126
27,7555,10,513.71,42.76197,-1.71134
27,7556,10,514.33,42.76191,-1.71144
27,7557,10,514.75,42.76186,-1.71154
27,7558,10,515.54,42.76181,-1.71164
27,7559,10,516.39,42.76176,-1.71174
27,7560,10,516.74,42.76171,-1.71185
27,7561,10,517.2,42.76167,-1.71196
27,7562,10,517.78,42.76163,-1.71206
27,7563,10,518.4,42.76159,-1.71217
27,7564,10,518.78,42.76154,-1.71228
27,7565,10,519.11,42.76148,-1.71237
27,7566,10,519.17,42.76141,-1.71243
27,7567,10,519.41,42.76133,-1.7125
27,7568,10,519.53,42.76125,-1.71256
27,7569,10,519.54,42.76118,-1.71263
27,7570,10,519.49,42.7611,-1.71269
27,7571,10,519.55,42.76103,-1.71276
27,7572,10,520.32,42.76095,-1.71283
27,7573,10,521.58,42.76088,-1.71289
27,7574,10,522.23,42.76079,-1.71295
27,7575,10,522.52,42.76071,-1.71299
27,7576,10,523.69,42.76063,-1.71303
27,7577,10,524.2,42.76054,-1.71307
27,7578,10,524.38,42.76045,-1.71311
27,7579,10,524.86,42.76037,-1.71315
27,7580,10,525.81,42.76028,-1.71319
27,7581,10,526.26,42.7602,-1.71322
27,7582,10,526.46,42.76011,-1.71326
27,7583,10,527.04,42.76003,-1.7133
27,7584,10,527.99,42.75994,-1.71334
27,7585,10,528.54,42.75986,-1.71339
27,7586,10,529.41,42.75978,-1.71344
27,7587,10,530.21,42.7597,-1.71349
27,7588,10,531.0,42.75961,-1.71354
27,7589,10,531.6,42.75953,-1.71358
27,7590,10,532.26,42.75945,-1.71363
27,7591,10,532.67,42.75936,-1.71367
27,7592,10,533.05,42.75928,-1.71371
27,7593,10,533.88,42.75919,-1.71376
27,7594,10,534.44,42.75911,-1.7138
27,7595,10,534.96,42.75902,-1.71384
27,7596,10,535.83,42.75894,-1.71388
27,7597,10,536.15,42.75885,-1.71392
27,7598,10,536.66,42.75877,-1.71397
27,7599,10,537.11,42.75869,-1.71401
27,7600,10,537.9,42.7586,-1.71405
27,7601,10,538.37,42.75852,-1.71409
27,7602,10,538.88,42.75843,-1.71414
27,7603,10,539.67,42.75835,-1.71419
27,7604,10,540.46,42.75827,-1.71424
27,7605,10,540.66,42.75819,-1.71429
27,7606,10,541.5,42.7581,-1.71433
27,7607,10,541.98,42.75802,-1.71437
27,7608,10,543.07,42.75793,-1.71442
27,7609,10,543.55,42.75785,-1.71446
27,7610,10,544.02,42.75777,-1.71451
27,7611,10,544.46,42.75768,-1.71455
27,7612,10,545.12,42.7576,-1.7146
27,7613,10,545.71,42.75751,-1.71464
27,7614,10,546.36,42.75743,-1.71469
27,7615,10,546.76,42.75735,-1.71473
27,7616,10,547.31,42.75727,-1.71478
27,7617,10,548.01,42.75718,-1.71484
27,7618,10,548.86,42.7571,-1.71489
27,7619,10,550.35,42.75702,-1.71494
27,7620,10,551.23,42.75694,-1.71499
27,7621,10,551.25,42.75686,-1.71505
27,7622,10,551.19,42.75678,-1.71511
27,7623,10,551.56,42.75671,-1.71518
27,7624,10,551.7,42.75663,-1.71525
27,7625,10,551.62,42.75655,-1.7153
27,7626,10,551.99,42.7564,-1.71542
27,7627,10,552.65,42.75632,-1.71549
27,7628,10,553.02,42.75624,-1.71555
27,7629,10,553.18,42.75617,-1.71561
27,7630,10,553.23,42.75609,-1.71568
27,7631,10,553.6,42.75601,-1.71574
27,7632,10,553.94,42.75594,-1.71581
27,7633,10,554.49,42.75586,-1.71586
27,7634,10,554.79,42.75578,-1.71592
27,7635,10,555.19,42.7557,-1.71598
27,7636,10,555.36,42.75562,-1.71603
27,7637,10,555.38,42.75554,-1.71609
27,7638,10,555.37,42.75547,-1.71616
27,7639,10,555.81,42.75539,-1.71623
27,7640,10,556.49,42.75532,-1.7163
27,7641,10,557.1,42.75524,-1.71637
27,7642,10,557.53,42.75517,-1.71644
27,7643,10,558.73,42.75509,-1.7165
27,7644,10,559.9,42.75502,-1.71657
27,7645,10,560.49,42.75494,-1.71664
27,7646,10,561.16,42.75487,-1.71671
27,7647,10,562.0,42.75479,-1.71678
27,7648,10,562.66,42.75472,-1.71685
27,7649,10,563.6,42.75464,-1.71692
27,7650,10,564.86,42.75457,-1.71698
27,7651,10,565.92,42.75449,-1.71705
27,7652,10,566.81,42.75442,-1.71712
27,7653,10,568.46,42.75434,-1.71719
27,7654,10,569.49,42.75427,-1.71725
27,7655,10,570.45,42.75419,-1.71732
27,7656,10,571.41,42.75412,-1.71739
27,7657,10,572.82,42.75404,-1.71745
27,7658,10,573.79,42.75397,-1.71752
27,7659,10,575.2,42.75389,-1.71757
27,7660,10,576.74,42.7538,-1.71762
27,7661,10,578.47,42.75372,-1.71768
27,7662,10,579.69,42.75365,-1.71775
27,7663,10,581.19,42.75359,-1.71783
27,7664,10,582.2,42.75351,-1.71791
27,7665,10,583.24,42.75344,-1.71798
27,7666,10,584.67,42.75337,-1.71805
27,7667,10,586.62,42.75329,-1.71811
27,7668,10,587.75,42.7532,-1.71815
27,7669,10,588.99,42.75312,-1.71819
27,7670,10,590.05,42.75303,-1.71822
27,7671,10,591.25,42.75295,-1.71826
27,7672,10,592.83,42.75286,-1.71829
27,7673,10,594.38,42.75277,-1.71832
27,7674,10,595.54,42.75269,-1.71835
27,7675,10,596.63,42.7526,-1.71838
27,7676,10,598.11,42.75251,-1.71842
27,7677,10,599.22,42.75243,-1.71846
27,7678,10,600.57,42.75235,-1.71851
27,7679,10,601.77,42.75227,-1.71858
27,7680,10,603.29,42.75221,-1.71867
27,7681,10,604.53,42.75215,-1.71875
27,7682,10,605.77,42.75208,-1.71884
27,7683,10,606.65,42.75202,-1.71893
27,7684,10,607.34,42.75196,-1.71902
27,7685,10,607.63,42.75189,-1.7191
27,7686,10,607.48,42.75182,-1.71918
27,7687,10,607.36,42.75175,-1.71925
27,7688,10,606.93,42.75168,-1.71933
27,7689,10,606.67,42.75161,-1.7194
27,7690,10,606.54,42.75153,-1.71947
27,7691,10,605.83,42.75146,-1.71954
27,7692,10,605.22,42.75138,-1.7196
27,7693,10,604.75,42.7513,-1.71965
27,7694,10,604.01,42.75122,-1.71969
27,7695,10,603.03,42.75113,-1.71974
27,7696,10,602.41,42.75105,-1.71977
27,7697,10,601.98,42.75096,-1.71979
27,7698,10,601.82,42.75087,-1.7198
27,7699,10,601.55,42.75078,-1.71981
27,7700,10,601.41,42.75069,-1.71981
27,7701,10,600.23,42.7506,-1.71985
27,7702,10,599.67,42.75052,-1.71988
27,7703,10,599.66,42.75043,-1.71988
27,7704,10,600.38,42.75034,-1.71984
27,7705,10,601.54,42.75026,-1.71979
27,7706,10,602.2,42.75018,-1.71976
27,7707,10,602.35,42.75009,-1.71976
27,7708,10,602.31,42.75,-1.71978
27,7709,10,602.08,42.74992,-1.71983
27,7710,10,602.45,42.74985,-1.7199
27,7711,10,602.89,42.74979,-1.72
27,7712,10,603.43,42.74973,-1.72009
27,7713,10,603.86,42.74968,-1.72019
27,7714,10,603.9,42.74962,-1.72029
27,7715,10,604.43,42.74957,-1.72039
27,7716,10,605.64,42.74952,-1.72048
27,7717,10,606.09,42.74947,-1.72058
27,7718,10,607.0,42.74941,-1.72068
27,7719,10,607.52,42.74936,-1.72078
27,7720,10,608.57,42.7493,-1.72088
27,7721,10,609.47,42.74925,-1.72097
27,7722,10,610.59,42.74919,-1.72107
27,7723,10,611.79,42.74914,-1.72117
27,7724,10,613.02,42.74909,-1.72127
27,7725,10,614.31,42.74903,-1.72136
27,7726,10,615.5,42.74898,-1.72146
27,7727,10,616.48,42.74892,-1.72156
27,7728,10,617.99,42.74887,-1.72166
27,7729,10,619.22,42.74881,-1.72175
27,7730,10,619.64,42.74876,-1.72185
27,7731,10,620.48,42.74871,-1.72195
27,7732,10,621.41,42.74865,-1.72205
27,7733,10,622.13,42.7486,-1.72214
27,7734,10,622.58,42.74854,-1.72224
28,7735,10,623.9,42.74831,-1.72267
28,7736,10,624.72,42.74824,-1.72274
28,7737,10,624.76,42.74817,-1.72282
28,7738,10,625.24,42.7481,-1.7229
28,7739,10,626.16,42.74803,-1.72297
28,7740,10,626.57,42.74796,-1.72305
28,7741,10,626.66,42.74788,-1.72311
28,7742,10,626.73,42.7478,-1.72316
28,7743,10,626.71,42.74772,-1.7232
28,7744,10,626.87,42.74763,-1.72325
28,7745,10,628.31,42.74755,-1.72328
28,7746,10,629.65,42.74746,-1.72331
28,7747,10,629.9,42.74737,-1.72334
28,7748,10,629.83,42.74728,-1.72336
28,7749,10,630.22,42.74719,-1.72338
28,7750,10,631.24,42.74711,-1.72339
28,7751,10,631.33,42.74702,-1.72341
28,7752,10,631.46,42.74693,-1.72342
28,7753,10,631.47,42.74684,-1.72343
28,7754,10,631.52,42.74675,-1.72344
28,7755,10,630.95,42.74666,-1.72346
28,7756,10,631.08,42.74657,-1.72347
28,7757,10,631.14,42.74648,-1.72348
28,7758,10,631.27,42.74639,-1.72349
28,7759,10,631.62,42.7463,-1.7235
28,7760,10,631.18,42.74622,-1.72356
28,7761,10,631.05,42.74615,-1.72363
28,7762,10,631.02,42.74607,-1.7237
28,7763,10,630.47,42.746,-1.72377
28,7764,10,629.85,42.74593,-1.72384
28,7765,10,629.74,42.74585,-1.72391
28,7766,10,629.55,42.74578,-1.72399
28,7767,10,629.51,42.74572,-1.72407
28,7768,10,629.28,42.74565,-1.72415
28,7769,10,628.9,42.74558,-1.72423
28,7770,10,628.87,42.7455,-1.72429
28,7771,10,629.02,42.74543,-1.72436
28,7772,10,628.82,42.74536,-1.72444
28,7773,10,628.72,42.74529,-1.72452
28,7774,10,628.23,42.74523,-1.72461
28,7775,10,628.47,42.74515,-1.72466
28,7776,10,628.32,42.74507,-1.72471
28,7777,10,628.46,42.74498,-1.72476
28,7778,10,628.81,42.7449,-1.72481
28,7779,10,629.0,42.74482,-1.72487
28,7780,10,629.35,42.74475,-1.72493
28,7781,10,629.49,42.74467,-1.72499
28,7782,10,629.79,42.74459,-1.72505
28,7783,10,629.97,42.74451,-1.72511
28,7784,10,629.95,42.74443,-1.72517
28,7785,10,629.79,42.74435,-1.72523
28,7786,10,629.54,42.74427,-1.72528
28,7787,10,629.39,42.74419,-1.72534
28,7788,10,629.23,42.74411,-1.7254
28,7789,10,629.0,42.74403,-1.72546
28,7790,10,628.98,42.74395,-1.72551
28,7791,10,629.13,42.74387,-1.72557
28,7792,10,628.81,42.74379,-1.72563
28,7793,10,628.5,42.74372,-1.72568
28,7794,10,628.9,42.74364,-1.72574
28,7795,10,629.23,42.74356,-1.72581
28,7796,10,629.04,42.74348,-1.72587
28,7797,10,628.74,42.7434,-1.72593
28,7798,10,628.63,42.74333,-1.726
28,7799,10,628.82,42.74327,-1.72609
28,7800,10,628.89,42.74324,-1.7262
28,7801,10,629.19,42.7432,-1.72632
28,7802,10,629.28,42.74318,-1.72643
28,7803,10,630.15,42.74315,-1.72655
28,7804,10,631.72,42.74312,-1.72666
28,7805,10,633.37,42.7431,-1.72678
28,7806,10,634.71,42.74309,-1.7269
28,7807,10,636.39,42.74307,-1.72702
28,7808,10,637.48,42.74306,-1.72714
28,7809,10,639.0,42.74305,-1.72727
28,7810,10,640.26,42.74303,-1.72739
28,7811,10,641.05,42.74302,-1.72751
28,7812,10,642.25,42.74302,-1.72763
28,7813,10,643.25,42.74303,-1.72775
28,7814,10,644.16,42.74306,-1.72786
28,7815,10,644.87,42.7431,-1.72797
28,7816,10,645.59,42.7431,-1.72809
28,7817,10,646.2,42.7431,-1.72822
28,7818,10,647.22,42.74306,-1.72832
28,7819,10,648.81,42.74297,-1.72836
28,7820,10,650.63,42.74289,-1.72838
28,7821,10,652.15,42.7428,-1.7284
28,7822,10,653.72,42.74271,-1.72838
28,7823,10,655.47,42.74262,-1.72836
28,7824,10,656.93,42.74255,-1.72829
28,7825,10,658.58,42.74248,-1.72821
28,7826,10,659.99,42.74241,-1.72813
28,7827,10,661.68,42.74233,-1.72808
28,7828,10,663.0,42.74224,-1.72809
28,7829,10,664.0,42.74216,-1.72815
28,7830,10,664.88,42.74208,-1.72819
28,7831,10,665.97,42.74201,-1.72823
28,7832,10,666.72,42.74197,-1.72834
28,7833,10,666.86,42.74193,-1.72844
28,7834,10,667.59,42.74185,-1.72851
28,7835,10,668.21,42.74178,-1.72858
28,7836,10,668.86,42.7417,-1.72865
28,7837,10,669.38,42.74163,-1.72871
28,7838,10,670.26,42.74155,-1.72879
28,7839,10,670.84,42.74149,-1.72887
28,7840,10,671.28,42.74143,-1.72896
28,7841,10,671.41,42.74138,-1.72906
28,7842,10,671.85,42.74134,-1.72917
28,7843,10,672.26,42.74129,-1.72927
28,7844,10,673.84,42.74121,-1.72932
28,7845,10,674.71,42.74112,-1.72937
28,7846,10,675.4,42.74104,-1.72941
28,7847,10,676.25,42.74096,-1.72946
28,7848,10,677.87,42.74087,-1.7295
28,7849,10,678.82,42.74079,-1.72955
28,7850,10,679.78,42.7407,-1.72959
28,7851,10,679.19,42.74065,-1.72967
28,7852,10,677.58,42.74063,-1.72979
28,7853,10,677.64,42.74059,-1.72989
28,7854,10,679.17,42.74055,-1.73
28,7855,10,680.64,42.74053,-1.73011
28,7856,10,682.08,42.7405,-1.73023
28,7857,10,683.62,42.74049,-1.73035
28,7858,10,684.97,42.74049,-1.73047
28,7859,10,686.92,42.74047,-1.73059
28,7860,10,687.87,42.74046,-1.73071
28,7861,10,688.95,42.74044,-1.73083
28,7862,10,689.42,42.74043,-1.73095
28,7863,10,691.5,42.74038,-1.73105
28,7864,10,693.16,42.74033,-1.73115
28,7865,10,694.44,42.74027,-1.73124
28,7866,10,695.01,42.74022,-1.73134
28,7867,10,695.92,42.74015,-1.73143
28,7868,10,696.44,42.74009,-1.73151
28,7869,10,696.99,42.74002,-1.73159
28,7870,10,695.89,42.73998,-1.7317
28,7871,10,695.46,42.73993,-1.73179
28,7872,10,696.0,42.73985,-1.73186
28,7873,10,696.73,42.73977,-1.73192
28,7874,10,698.55,42.73969,-1.73197
28,7875,10,699.16,42.73964,-1.73207
28,7876,10,699.74,42.7396,-1.73218
28,7877,10,700.18,42.73957,-1.7323
28,7878,10,700.84,42.73954,-1.73241
28,7879,10,701.48,42.73951,-1.73253
28,7880,10,702.47,42.73947,-1.73264
28,7881,10,703.39,42.73944,-1.73275
28,7882,10,704.58,42.7394,-1.73286
28,7883,10,705.51,42.73936,-1.73297
28,7884,10,706.51,42.73931,-1.73308
28,7885,10,707.19,42.73925,-1.73317
28,7886,10,707.87,42.73919,-1.73326
28,7887,10,708.42,42.73914,-1.73335
28,7888,10,709.26,42.73908,-1.73344
28,7889,10,710.07,42.73901,-1.73353
28,7890,10,710.62,42.73894,-1.73361
28,7891,10,710.91,42.73888,-1.73369
28,7892,10,711.25,42.73882,-1.73379
28,7893,10,710.96,42.73877,-1.73389
28,7894,10,710.94,42.73873,-1.734
28,7895,10,710.67,42.7387,-1.73411
28,7896,10,711.1,42.73865,-1.73421
28,7897,10,712.59,42.73859,-1.73431
28,7898,10,712.97,42.73855,-1.73442
28,7899,10,713.19,42.7385,-1.73452
28,7900,10,713.44,42.73845,-1.73462
28,7901,10,713.59,42.73841,-1.73473
28,7902,10,714.08,42.73837,-1.73484
28,7903,10,714.58,42.73833,-1.73495
28,7904,10,714.72,42.7383,-1.73506
28,7905,10,715.06,42.73826,-1.73517
28,7906,10,715.68,42.73821,-1.73527
28,7907,10,715.75,42.73815,-1.73537
28,7908,10,715.36,42.7381,-1.73547
28,7909,10,714.92,42.73807,-1.73558
28,7910,10,715.7,42.73803,-1.73569
28,7911,10,716.12,42.73801,-1.73581
28,7912,10,716.94,42.73799,-1.73593
28,7913,10,717.22,42.73798,-1.73605
28,7914,10,718.07,42.73795,-1.73617
28,7915,10,718.84,42.73791,-1.73627
28,7916,10,719.84,42.73786,-1.73638
28,7917,10,720.74,42.73783,-1.7365
28,7918,10,721.52,42.73781,-1.73661
28,7919,10,722.57,42.73778,-1.73673
28,7920,10,723.8,42.73775,-1.73684
28,7921,10,724.73,42.73772,-1.73696
28,7922,10,725.52,42.73769,-1.73707
28,7923,10,726.96,42.73765,-1.73719
28,7924,10,728.02,42.73762,-1.7373
28,7925,10,728.91,42.73759,-1.73741
28,7926,10,729.66,42.73756,-1.73753
28,7927,10,730.03,42.73753,-1.73764
28,7928,10,730.15,42.7375,-1.73776
28,7929,10,730.38,42.73747,-1.73787
28,7930,10,730.65,42.73744,-1.73799
28,7931,10,731.07,42.7374,-1.7381
28,7932,10,731.25,42.73737,-1.73822
28,7933,10,731.69,42.73734,-1.73833
28,7934,10,731.55,42.73732,-1.73845
28,7935,10,731.5,42.73729,-1.73857
28,7936,10,731.89,42.73726,-1.73868
28,7937,10,732.21,42.73722,-1.73879
28,7938,10,732.39,42.73718,-1.7389
28,7939,10,733.01,42.73713,-1.739
28,7940,10,734.35,42.73708,-1.7391
28,7941,10,735.67,42.73702,-1.73919
28,7942,10,736.51,42.73696,-1.73929
28,7943,10,737.8,42.73689,-1.73937
28,7944,10,738.74,42.73682,-1.73943
28,7945,10,739.54,42.73675,-1.73951
28,7946,10,740.28,42.73668,-1.73959
28,7947,10,741.37,42.73661,-1.73967
28,7948,10,742.56,42.73654,-1.73975
28,7949,10,743.61,42.73647,-1.73982
28,7950,10,744.53,42.73641,-1.73991
28,7951,10,745.15,42.73637,-1.74002
28,7952,10,745.82,42.73634,-1.74014
28,7953,10,746.6,42.7363,-1.74025
28,7954,10,747.88,42.73627,-1.74036
28,7955,10,748.8,42.73623,-1.74047
28,7956,10,749.89,42.7362,-1.74058
28,7957,10,751.5,42.73616,-1.7407
28,7958,10,752.4,42.73613,-1.74081
28,7959,10,753.85,42.73609,-1.74092
28,7960,10,755.32,42.73606,-1.74104
28,7961,10,756.79,42.73603,-1.74115
28,7962,10,756.73,42.73601,-1.74127
28,7963,10,758.99,42.73598,-1.74139
28,7964,10,759.52,42.73596,-1.7415
28,7965,10,761.06,42.73593,-1.74162
28,7966,10,762.47,42.73591,-1.74174
29,7967,10,766.14,42.73584,-1.74245
29,7968,10,765.59,42.73584,-1.74257
29,7969,10,765.53,42.7358,-1.74268
29,7970,10,765.35,42.73574,-1.74277
29,7971,10,764.31,42.73567,-1.74283
29,7972,10,761.91,42.73558,-1.74286
29,7973,10,759.34,42.73549,-1.74285
29,7974,10,757.19,42.7354,-1.74286
29,7975,10,755.71,42.73535,-1.74296
29,7976,10,753.3,42.73531,-1.74307
29,7977,10,751.66,42.73529,-1.74317
29,7978,10,751.92,42.73534,-1.74328
29,7979,10,752.67,42.73539,-1.74338
29,7980,10,753.15,42.73544,-1.74348
29,7981,10,752.09,42.73542,-1.7436
29,7982,10,750.37,42.73538,-1.74372
29,7983,10,748.35,42.73535,-1.74383
29,7984,10,746.88,42.73533,-1.74394
29,7985,10,745.08,42.73531,-1.74407
29,7986,10,743.25,42.73531,-1.74419
29,7987,10,741.6,42.7353,-1.74431
29,7988,10,740.61,42.73531,-1.74443
29,7989,10,738.95,42.73531,-1.74455
29,7990,10,737.59,42.73532,-1.74467
29,7991,10,735.7,42.73529,-1.74479
29,7992,10,733.9,42.73526,-1.7449
29,7993,10,732.1,42.73523,-1.74502
29,7994,10,730.09,42.73519,-1.74513
29,7995,10,727.71,42.73514,-1.74523
29,7996,10,725.51,42.73508,-1.74532
29,7997,10,723.86,42.73503,-1.74542
29,7998,10,722.07,42.73498,-1.74552
29,7999,10,720.5,42.73494,-1.74563
29,8000,10,719.02,42.73491,-1.74575
29,8001,10,717.42,42.73488,-1.74586
29,8002,10,716.22,42.73485,-1.74597
29,8003,10,714.22,42.73481,-1.74608
29,8004,10,711.69,42.73477,-1.7462
29,8005,10,710.69,42.73475,-1.74631
29,8006,10,709.01,42.7347,-1.74642
29,8007,10,706.3,42.73465,-1.74652
29,8008,10,704.58,42.73461,-1.74663
29,8009,10,703.2,42.73457,-1.74674
29,8010,10,701.96,42.73453,-1.74684
29,8011,10,698.52,42.73447,-1.74694
29,8012,10,696.29,42.7344,-1.74702
29,8013,10,695.38,42.73434,-1.74711
29,8014,10,693.84,42.73427,-1.74719
29,8015,10,692.02,42.73421,-1.74728
29,8016,10,690.81,42.73414,-1.74736
29,8017,10,688.85,42.73408,-1.74744
29,8018,10,686.89,42.73399,-1.74745
29,8019,10,685.82,42.73393,-1.74753
29,8020,10,684.93,42.73388,-1.74762
29,8021,10,683.24,42.7338,-1.74768
29,8022,10,681.42,42.73371,-1.74773
29,8023,10,680.09,42.73363,-1.74778
29,8024,10,679.23,42.73355,-1.74782
29,8025,10,676.91,42.73347,-1.74787
29,8026,10,674.61,42.73341,-1.74797
29,8027,10,672.88,42.73335,-1.74806
29,8028,10,670.98,42.73329,-1.74815
29,8029,10,669.31,42.73324,-1.74821
29,8030,10,667.15,42.73315,-1.74824
29,8031,10,664.86,42.73306,-1.74827
29,8032,10,663.29,42.73298,-1.74833
29,8033,10,661.44,42.73291,-1.7484
29,8034,10,659.65,42.73284,-1.74848
29,8035,10,658.24,42.73278,-1.74857
29,8036,10,656.6,42.73272,-1.74866
29,8037,10,655.37,42.73268,-1.74876
29,8038,10,654.4,42.73269,-1.74888
29,8039,10,653.48,42.73269,-1.749
29,8040,10,651.66,42.73266,-1.74912
29,8041,10,650.03,42.7326,-1.74921
29,8042,10,649.1,42.73252,-1.7492
29,8043,10,647.54,42.73244,-1.74914
29,8044,10,645.51,42.73236,-1.74909
29,8045,10,643.64,42.73228,-1.74904
29,8046,10,641.42,42.7322,-1.74898
29,8047,10,640.1,42.73211,-1.74899
29,8048,10,638.73,42.73202,-1.74899
29,8049,10,637.47,42.73193,-1.74898
29,8050,10,635.96,42.73184,-1.74898
29,8051,10,634.9,42.73175,-1.74898
29,8052,10,633.22,42.73166,-1.74899
29,8053,10,631.94,42.73157,-1.74902
29,8054,10,630.66,42.73149,-1.74905
29,8055,10,628.82,42.7314,-1.74908
29,8056,10,626.89,42.73132,-1.74912
29,8057,10,625.71,42.73123,-1.74916
29,8058,10,624.17,42.73114,-1.74916
29,8059,10,623.25,42.73105,-1.74915
29,8060,10,621.59,42.73096,-1.74914
29,8061,10,619.77,42.73087,-1.74914
29,8062,10,617.65,42.73078,-1.74915
29,8063,10,615.64,42.73069,-1.74913
29,8064,10,614.04,42.73061,-1.74909
29,8065,10,612.98,42.73053,-1.74905
29,8066,10,610.88,42.73044,-1.74906
29,8067,10,609.07,42.73035,-1.74907
29,8068,10,607.39,42.73026,-1.74905
29,8069,10,606.85,42.73018,-1.74902
29,8070,10,605.87,42.73011,-1.74895
29,8071,10,604.63,42.73003,-1.7489
29,8072,10,602.85,42.72994,-1.74886
29,8073,10,600.89,42.72985,-1.74883
29,8074,10,598.91,42.72976,-1.74883
29,8075,10,596.78,42.72968,-1.74887
29,8076,10,595.01,42.72962,-1.74896
29,8077,10,593.51,42.72953,-1.74894
29,8078,10,591.86,42.72945,-1.7489
29,8079,10,589.98,42.72936,-1.74891
29,8080,10,588.93,42.72928,-1.74888
29,8081,10,588.07,42.72921,-1.74882
29,8082,10,586.6,42.72912,-1.74882
29,8083,10,585.07,42.72903,-1.74883
29,8084,10,582.94,42.72895,-1.74887
29,8085,10,582.54,42.72886,-1.74892
29,8086,10,582.34,42.72877,-1.74894
29,8087,10,581.75,42.72868,-1.74896
29,8088,10,580.9,42.7286,-1.74896
29,8089,10,580.34,42.72851,-1.74896
29,8090,10,580.28,42.72842,-1.749
29,8091,10,580.45,42.72834,-1.74904
29,8092,10,580.47,42.72825,-1.74906
29,8093,10,580.37,42.72816,-1.74908
29,8094,10,580.33,42.72807,-1.7491
29,8095,10,579.92,42.72798,-1.74912
29,8096,10,579.64,42.72789,-1.74914
29,8097,10,578.59,42.7278,-1.74916
29,8098,10,577.63,42.72772,-1.74918
29,8099,10,576.7,42.72763,-1.7492
29,8100,10,575.95,42.72754,-1.74922
29,8101,10,574.96,42.72745,-1.74925
29,8102,10,574.08,42.72736,-1.74928
29,8103,10,573.24,42.72728,-1.74932
29,8104,10,572.02,42.72719,-1.74936
29,8105,10,570.98,42.72711,-1.74937
29,8106,10,570.3,42.72702,-1.7494
29,8107,10,569.78,42.72693,-1.74943
29,8108,10,569.32,42.72684,-1.74945
29,8109,10,568.85,42.72676,-1.74949
29,8110,10,568.39,42.72667,-1.74953
29,8111,10,567.72,42.72659,-1.74957
29,8112,10,566.81,42.7265,-1.74961
29,8113,10,566.27,42.72641,-1.74963
29,8114,10,565.9,42.72632,-1.74964
29,8115,10,565.62,42.72623,-1.74966
29,8116,10,565.26,42.72614,-1.74968
29,8117,10,564.9,42.72606,-1.74969
29,8118,10,564.12,42.72596,-1.74969
29,8119,10,563.78,42.72588,-1.74968
29,8120,10,563.65,42.72579,-1.74967
29,8121,10,563.61,42.7257,-1.74966
29,8122,10,562.9,42.72561,-1.74964
29,8123,10,562.25,42.72552,-1.74963
29,8124,10,561.59,42.72543,-1.74962
29,8125,10,560.84,42.72534,-1.74962
29,8126,10,559.71,42.72525,-1.74961
29,8127,10,558.82,42.72516,-1.74959
29,8128,10,558.15,42.72507,-1.74958
29,8129,10,557.52,42.72498,-1.74957
29,8130,10,556.44,42.72489,-1.74955
29,8131,10,555.33,42.7248,-1.74953
29,8132,10,554.26,42.72471,-1.74952
29,8133,10,553.06,42.72462,-1.74951
29,8134,10,551.82,42.72453,-1.74951
29,8135,10,550.97,42.72444,-1.7495
29,8136,10,550.18,42.72435,-1.74949
29,8137,10,549.38,42.72426,-1.74948
29,8138,10,548.84,42.72417,-1.74948
29,8139,10,548.12,42.72408,-1.74947
29,8140,10,547.46,42.72399,-1.74948
29,8141,10,546.2,42.7239,-1.7495
29,8142,10,544.83,42.72381,-1.74952
29,8143,10,544.3,42.72373,-1.74953
29,8144,10,543.27,42.72364,-1.74955
29,8145,10,541.93,42.72355,-1.74956
29,8146,10,541.19,42.72346,-1.74957
29,8147,10,540.54,42.72337,-1.7496
29,8148,10,539.74,42.72328,-1.74964
29,8149,10,538.91,42.7232,-1.74968
29,8150,10,537.99,42.72312,-1.74973
29,8151,10,537.55,42.72304,-1.74979
29,8152,10,537.12,42.72296,-1.74986
29,8153,10,537.03,42.72289,-1.74992
29,8154,10,536.85,42.72281,-1.74999
29,8155,10,536.68,42.72274,-1.75006
29,8156,10,536.54,42.72266,-1.75012
29,8157,10,535.97,42.72259,-1.75019
29,8158,10,535.54,42.72251,-1.75026
29,8159,10,535.43,42.72244,-1.75032
29,8160,10,535.2,42.72236,-1.75039
29,8161,10,534.93,42.72229,-1.75046
29,8162,10,534.7,42.72222,-1.75054
29,8163,10,534.52,42.72215,-1.75061
29,8164,10,533.99,42.72207,-1.75069
29,8165,10,533.45,42.722,-1.75076
29,8166,10,532.94,42.72193,-1.75083
29,8167,10,532.09,42.72186,-1.75091
29,8168,10,531.45,42.72179,-1.75099
29,8169,10,530.71,42.72173,-1.75108
29,8170,10,529.71,42.72167,-1.75117
29,8171,10,528.39,42.72161,-1.75126
29,8172,10,526.03,42.72155,-1.75136
29,8173,10,523.62,42.7215,-1.75145
29,8174,10,522.31,42.72144,-1.75154
29,8175,10,520.86,42.72138,-1.75163
29,8176,10,519.25,42.72132,-1.75173
29,8177,10,518.03,42.72126,-1.75182
29,8178,10,516.57,42.7212,-1.75191
29,8179,10,515.33,42.72114,-1.752
29,8180,10,514.4,42.72107,-1.75208
29,8181,10,513.62,42.721,-1.75216
29,8182,10,513.11,42.72093,-1.75224
29,8183,10,512.69,42.72086,-1.75231
29,8184,10,512.35,42.7208,-1.75239
29,8185,10,512.21,42.72073,-1.75248
29,8186,10,511.82,42.72066,-1.75256
29,8187,10,511.33,42.72059,-1.75264
29,8188,10,510.74,42.72053,-1.75272
29,8189,10,510.75,42.72045,-1.75279
29,8190,10,510.34,42.72038,-1.75285
29,8191,10,509.27,42.7203,-1.75291
29,8192,10,510.33,42.72022,-1.75297
29,8193,10,508.53,42.72014,-1.75303
29,8194,10,508.22,42.72006,-1.75309
29,8195,10,506.7,42.71999,-1.75315
29,8196,10,506.28,42.71991,-1.75322
29,8197,10,506.1,42.71983,-1.75328
29,8198,10,505.94,42.71975,-1.75333
29,8199,10,505.2,42.71967,-1.75339
29,8200,10,504.57,42.7196,-1.75346
29,8201,10,504.46,42.71951,-1.7535
29,8202,10,504.42,42.71943,-1.75352
29,8203,10,504.45,42.71934,-1.75354
29,8204,10,504.13,42.71925,-1.75357
29,8205,10,503.68,42.71916,-1.75359
29,8206,10,503.52,42.71907,-1.7536
29,8207,10,502.97,42.71898,-1.75361
29,8208,10,502.36,42.71889,-1.75362
29,8209,10,501.49,42.7188,-1.75364
29,8210,10,501.05,42.71871,-1.75365
29,8211,10,500.34,42.71862,-1.75365
29,8212,10,499.84,42.71853,-1.75365
29,8213,10,499.51,42.71844,-1.75365
29,8214,10,499.46,42.71835,-1.75364
29,8215,10,499.41,42.71826,-1.75364
29,8216,10,499.4,42.71817,-1.75363
29,8217,10,499.44,42.71808,-1.75361
29,8218,10,499.34,42.71799,-1.75361
29,8219,10,498.97,42.7179,-1.75361
29,8220,10,498.06,42.71781,-1.75363
29,8221,10,497.43,42.71773,-1.75365
29,8222,10,496.83,42.71764,-1.75367
29,8223,10,496.09,42.71755,-1.75369
29,8224,10,495.68,42.71746,-1.75372
29,8225,10,495.62,42.71737,-1.75374
29,8226,10,495.82,42.71729,-1.75371
29,8227,10,496.0,42.71722,-1.75364
29,8228,10,495.39,42.71714,-1.75358
29,8229,10,494.94,42.71706,-1.75362
29,8230,10,495.35,42.71697,-1.75366
29,8231,10,495.61,42.71689,-1.75371
29,8232,10,495.99,42.71681,-1.75376
29,8233,10,496.78,42.71673,-1.75381
29,8234,10,496.91,42.71664,-1.75386
29,8235,10,495.98,42.71656,-1.7539
29,8236,10,495.77,42.71648,-1.75395
29,8237,10,495.65,42.7164,-1.754
29,8238,10,495.74,42.71632,-1.75406
29,8239,10,496.09,42.71624,-1.75413
29,8240,10,496.28,42.71617,-1.7542
29,8241,10,496.74,42.71609,-1.75427
29,8242,10,497.13,42.71602,-1.75433
29,8243,10,497.76,42.71594,-1.7544
29,8244,10,499.07,42.71586,-1.75446
29,8245,10,500.54,42.71579,-1.75452
29,8246,10,499.38,42.71572,-1.75461
29,8247,10,498.76,42.71565,-1.75469
29,8248,10,499.21,42.7156,-1.75479
29,8249,10,499.84,42.71556,-1.75489
29,8250,10,500.43,42.71552,-1.755
29,8251,10,501.16,42.71548,-1.75511
29,8252,10,501.77,42.71544,-1.75522
29,8253,10,502.04,42.7154,-1.75533
29,8254,10,503.21,42.71534,-1.75543
29,8255,10,504.35,42.71528,-1.75552
29,8256,10,505.11,42.71523,-1.75561
29,8257,10,505.15,42.71517,-1.7557
29,8258,10,505.65,42.71509,-1.75578
29,8259,10,506.18,42.71502,-1.75584
29,8260,10,506.5,42.71494,-1.75591
29,8261,10,506.67,42.71487,-1.75597
29,8262,10,506.41,42.71479,-1.75604
29,8263,10,505.65,42.71471,-1.7561
29,8264,10,505.19,42.71464,-1.75617
29,8265,10,504.93,42.71456,-1.75623
29,8266,10,504.53,42.71448,-1.7563
29,8267,10,504.25,42.71441,-1.75636
29,8268,10,504.33,42.71433,-1.75643
29,8269,10,504.97,42.71426,-1.75649
29,8270,10,504.85,42.71418,-1.75656
29,8271,10,505.16,42.7141,-1.75662
29,8272,10,505.51,42.71402,-1.75668
29,8273,10,506.12,42.71395,-1.75674
29,8274,10,507.1,42.71387,-1.7568
29,8275,10,507.59,42.71379,-1.75686
29,8276,10,507.69,42.71371,-1.75691
29,8277,10,507.68,42.71363,-1.75696
29,8278,10,507.44,42.71354,-1.757
29,8279,10,506.85,42.71345,-1.75704
29,8280,10,506.53,42.71337,-1.75707
29,8281,10,506.1,42.71328,-1.7571
29,8282,10,505.51,42.7132,-1.75714
29,8283,10,505.34,42.71311,-1.75717
29,8284,10,505.25,42.71302,-1.75721
29,8285,10,504.91,42.71293,-1.75723
29,8286,10,504.38,42.71285,-1.75726
29,8287,10,504.14,42.71276,-1.75729
29,8288,10,503.96,42.71267,-1.75732
29,8289,10,503.74,42.71258,-1.75734
29,8290,10,503.63,42.7125,-1.75737
29,8291,10,503.38,42.71241,-1.7574
29,8292,10,502.82,42.71232,-1.75743
29,8293,10,502.14,42.71223,-1.75745
29,8294,10,501.81,42.71215,-1.75748
29,8295,10,501.83,42.71206,-1.75751
29,8296,10,501.75,42.71197,-1.75754
29,8297,10,501.57,42.71188,-1.75758
29,8298,10,501.33,42.7118,-1.75762
29,8299,10,501.08,42.71171,-1.75766
29,8300,10,500.54,42.71163,-1.7577
29,8301,10,499.77,42.71154,-1.75774
29,8302,10,499.18,42.71146,-1.75778
29,8303,10,499.01,42.71137,-1.75781
29,8304,10,498.79,42.71129,-1.75786
29,8305,10,498.66,42.71121,-1.7579
29,8306,10,498.47,42.71112,-1.75795
29,8307,10,498.26,42.71104,-1.758
29,8308,10,497.92,42.71096,-1.75805
29,8309,10,497.74,42.71088,-1.75811
29,8310,10,497.8,42.7108,-1.75816
29,8311,10,497.79,42.71072,-1.75822
29,8312,10,498.01,42.71067,-1.75832
29,8313,10,498.26,42.71064,-1.75843
29,8314,10,497.87,42.71058,-1.75852
29,8315,10,497.35,42.71053,-1.75862
30,8316,10,494.44,42.71002,-1.75948
30,8317,10,493.88,42.70996,-1.75957
30,8318,10,493.43,42.7099,-1.75966
30,8319,10,493.06,42.70984,-1.75975
30,8320,10,492.99,42.70978,-1.75984
30,8321,10,493.24,42.70972,-1.75993
30,8322,10,493.16,42.70966,-1.76002
30,8323,10,492.54,42.7096,-1.76011
30,8324,10,491.4,42.70954,-1.76021
30,8325,10,490.87,42.70948,-1.7603
30,8326,10,490.9,42.70942,-1.76039
30,8327,10,490.96,42.70936,-1.76048
30,8328,10,490.91,42.7093,-1.76057
30,8329,10,490.78,42.70924,-1.76066
30,8330,10,490.41,42.70917,-1.76075
30,8331,10,489.95,42.70911,-1.76084
30,8332,10,489.63,42.70905,-1.76092
30,8333,10,489.8,42.70899,-1.76101
30,8334,10,489.52,42.70893,-1.7611
30,8335,10,489.39,42.70886,-1.76119
30,8336,10,489.52,42.7088,-1.76127
30,8337,10,489.5,42.70872,-1.76134
30,8338,10,489.49,42.70864,-1.76138
30,8339,10,489.34,42.70855,-1.76138
30,8340,10,488.97,42.70846,-1.76136
30,8341,10,488.82,42.70838,-1.76133
30,8342,10,488.79,42.70829,-1.7613
30,8343,10,488.62,42.7082,-1.76126
30,8344,10,488.27,42.70814,-1.76119
30,8345,10,488.24,42.70808,-1.76109
30,8346,10,488.28,42.70802,-1.76101
30,8347,10,488.19,42.70796,-1.76092
30,8348,10,487.94,42.70789,-1.76083
30,8349,10,487.52,42.70783,-1.76074
30,8350,10,487.32,42.70775,-1.76076
30,8351,10,487.14,42.70766,-1.76077
30,8352,10,486.93,42.70757,-1.76078
30,8353,10,486.73,42.70748,-1.76079
30,8354,10,486.57,42.70739,-1.7608
30,8355,10,486.5,42.7073,-1.7608
30,8356,10,486.14,42.70721,-1.76082
30,8357,10,485.94,42.70712,-1.76083
30,8358,10,485.78,42.70703,-1.76085
30,8359,10,486.01,42.70694,-1.76086
30,8360,10,486.08,42.70685,-1.76088
30,8361,10,485.86,42.70676,-1.7609
30,8362,10,485.52,42.70667,-1.76093
30,8363,10,485.36,42.70659,-1.76095
30,8364,10,485.06,42.7065,-1.76097
30,8365,10,484.95,42.70641,-1.76098
30,8366,10,485.07,42.70632,-1.76097
30,8367,10,484.77,42.70623,-1.76097
30,8368,10,484.28,42.70614,-1.76096
30,8369,10,483.05,42.70605,-1.76095
30,8370,10,482.04,42.70596,-1.76095
30,8371,10,479.88,42.70588,-1.76089
30,8372,10,478.12,42.70582,-1.76081
30,8373,10,476.7,42.70581,-1.76069
30,8374,10,475.71,42.70581,-1.76056
30,8375,10,474.59,42.70579,-1.76045
30,8376,10,473.4,42.70575,-1.76034
30,8377,10,472.21,42.70571,-1.76023
30,8378,10,470.4,42.70565,-1.76013
30,8379,10,469.06,42.7056,-1.76003
30,8380,10,467.95,42.70555,-1.75993
30,8381,10,467.1,42.7055,-1.75983
30,8382,10,466.83,42.70545,-1.75974
30,8383,10,466.63,42.70539,-1.75964
30,8384,10,466.23,42.70533,-1.75955
30,8385,10,466.12,42.70527,-1.75961
30,8386,10,465.74,42.70522,-1.75971
30,8387,10,464.81,42.70516,-1.7598
30,8388,10,464.32,42.7051,-1.75989
30,8389,10,463.93,42.70503,-1.75996
30,8390,10,464.21,42.70495,-1.76004
30,8391,10,465.11,42.70488,-1.7601
30,8392,10,465.28,42.7048,-1.76016
30,8393,10,464.59,42.70471,-1.7602
30,8394,10,463.98,42.70463,-1.76023
30,8395,10,463.76,42.70454,-1.76025
30,8396,10,463.7,42.70445,-1.76027
30,8397,10,463.46,42.70436,-1.7603
30,8398,10,463.3,42.70427,-1.76032
30,8399,10,463.19,42.70418,-1.76034
30,8400,10,463.11,42.70409,-1.76035
30,8401,10,463.42,42.704,-1.76036
30,8402,10,464.35,42.70391,-1.76036
30,8403,10,464.58,42.70382,-1.76037
30,8404,10,464.65,42.70373,-1.76038
30,8405,10,465.11,42.70365,-1.7604
30,8406,10,465.92,42.70356,-1.76041
30,8407,10,466.33,42.70347,-1.76043
30,8408,10,467.48,42.70338,-1.76044
30,8409,10,467.93,42.70329,-1.76046
30,8410,10,469.07,42.7032,-1.76047
30,8411,10,470.05,42.70312,-1.76053
30,8412,10,470.89,42.70304,-1.76059
30,8413,10,471.26,42.70297,-1.76066
30,8414,10,471.78,42.70289,-1.76072
30,8415,10,471.81,42.70281,-1.76079
30,8416,10,472.12,42.70274,-1.76085
30,8417,10,473.1,42.70266,-1.76091
30,8418,10,474.4,42.70258,-1.76097
30,8419,10,475.41,42.7025,-1.76102
30,8420,10,476.08,42.70242,-1.76107
30,8421,10,476.65,42.70233,-1.76111
30,8422,10,477.01,42.70224,-1.76112
30,8423,10,476.98,42.70215,-1.76114
30,8424,10,476.98,42.70206,-1.76115
30,8425,10,476.9,42.70197,-1.76115
30,8426,10,476.79,42.70188,-1.76115
30,8427,10,476.78,42.70179,-1.76115
30,8428,10,476.79,42.7017,-1.76116
30,8429,10,477.08,42.70161,-1.76118
30,8430,10,476.92,42.70153,-1.76121
30,8431,10,476.2,42.70144,-1.76126
30,8432,10,475.93,42.70137,-1.76133
30,8433,10,475.6,42.7013,-1.7614
30,8434,10,475.45,42.70122,-1.76147
30,8435,10,475.29,42.70114,-1.76153
30,8436,10,475.18,42.70107,-1.76159
30,8437,10,474.71,42.70099,-1.76165
30,8438,10,474.23,42.70092,-1.76172
30,8439,10,473.81,42.70085,-1.7618
30,8440,10,473.3,42.70078,-1.76189
30,8441,10,472.77,42.70073,-1.76198
30,8442,10,472.31,42.70068,-1.76208
30,8443,10,472.55,42.70063,-1.76219
30,8444,10,472.49,42.70059,-1.76229
30,8445,10,472.67,42.70054,-1.7624
30,8446,10,472.46,42.7005,-1.7625
30,8447,10,471.9,42.70045,-1.76261
30,8448,10,471.97,42.7004,-1.76271
30,8449,10,471.97,42.70034,-1.7628
30,8450,10,471.98,42.70025,-1.76282
30,8451,10,471.89,42.70016,-1.76285
30,8452,10,471.75,42.70008,-1.76288
30,8453,10,471.38,42.69999,-1.76292
30,8454,10,471.26,42.69991,-1.76296
30,8455,10,471.3,42.69982,-1.763
30,8456,10,470.82,42.69973,-1.76303
30,8457,10,470.49,42.69965,-1.76306
30,8458,10,470.26,42.69956,-1.76309
30,8459,10,469.85,42.69947,-1.76312
30,8460,10,469.46,42.69939,-1.76316
30,8461,10,469.24,42.6993,-1.76319
30,8462,10,468.8,42.69921,-1.76323
30,8463,10,468.63,42.69913,-1.76326
30,8464,10,468.44,42.69905,-1.76331
30,8465,10,467.97,42.69896,-1.76335
30,8466,10,467.54,42.69888,-1.76341
30,8467,10,467.43,42.6988,-1.76347
30,8468,10,467.09,42.69872,-1.76353
30,8469,10,466.89,42.69865,-1.76359
30,8470,10,466.47,42.69857,-1.76366
30,8471,10,465.8,42.6985,-1.76374
30,8472,10,465.69,42.69844,-1.76383
30,8473,10,466.2,42.69838,-1.76392
30,8474,10,466.06,42.69832,-1.764
30,8475,10,465.18,42.69826,-1.76409
30,8476,10,464.9,42.69819,-1.76418
30,8477,10,464.9,42.69813,-1.76426
30,8478,10,464.82,42.69806,-1.76435
30,8479,10,464.82,42.698,-1.76444
30,8480,10,464.31,42.69796,-1.76455
30,8481,10,464.15,42.6979,-1.76464
30,8482,10,464.1,42.69783,-1.76472
30,8483,10,463.81,42.69777,-1.7648
30,8484,10,463.53,42.6977,-1.76488
30,8485,10,463.41,42.69762,-1.76494
30,8486,10,462.86,42.69754,-1.765
30,8487,10,462.37,42.69747,-1.76506
30,8488,10,462.4,42.69739,-1.76512
30,8489,10,462.32,42.69731,-1.76519
30,8490,10,462.11,42.69724,-1.76526
30,8491,10,461.88,42.69718,-1.76535
30,8492,10,461.52,42.69712,-1.76544
30,8493,10,461.56,42.69705,-1.76552
30,8494,10,461.3,42.69699,-1.76561
30,8495,10,460.69,42.69693,-1.76571
30,8496,10,460.25,42.69687,-1.7658
30,8497,10,459.88,42.69681,-1.76588
30,8498,10,460.16,42.69674,-1.76596
30,8499,10,460.42,42.69666,-1.76602
30,8500,10,460.57,42.69659,-1.76609
30,8501,10,460.47,42.69651,-1.76616
30,8502,10,460.33,42.69644,-1.76622
30,8503,10,460.21,42.69636,-1.76629
30,8504,10,460.14,42.69629,-1.76637
30,8505,10,460.04,42.69623,-1.76645
30,8506,10,459.61,42.69616,-1.76654
30,8507,10,459.28,42.69609,-1.76661
30,8508,10,459.1,42.69602,-1.76668
30,8509,10,459.15,42.69594,-1.76675
30,8510,10,458.96,42.69587,-1.76682
30,8511,10,458.45,42.69579,-1.76689
30,8512,10,458.11,42.69572,-1.76696
30,8513,10,457.81,42.69566,-1.76705
30,8514,10,457.66,42.69559,-1.76713
30,8515,10,457.28,42.69553,-1.76721
30,8516,10,457.05,42.69545,-1.76729
30,8517,10,456.4,42.69539,-1.76737
30,8518,10,456.06,42.69532,-1.76745
30,8519,10,456.08,42.69524,-1.76751
30,8520,10,455.93,42.69517,-1.76758
30,8521,10,455.44,42.69509,-1.76764
30,8522,10,455.09,42.69501,-1.7677
30,8523,10,454.95,42.69493,-1.76773
30,8524,10,454.46,42.69484,-1.76776
30,8525,10,454.29,42.69475,-1.76778
30,8526,10,454.04,42.69467,-1.76783
30,8527,10,454.01,42.69458,-1.76787
30,8528,10,454.06,42.6945,-1.76791
30,8529,10,453.92,42.69441,-1.76794
30,8530,10,453.42,42.69432,-1.76797
30,8531,10,453.04,42.69424,-1.768
30,8532,10,452.66,42.69415,-1.76803
30,8533,10,452.29,42.69406,-1.76807
30,8534,10,452.14,42.69398,-1.76811
30,8535,10,452.09,42.69389,-1.76814
30,8536,10,452.12,42.69381,-1.76819
30,8537,10,452.01,42.69373,-1.76824
30,8538,10,451.75,42.69364,-1.76829
30,8539,10,451.49,42.69356,-1.76834
30,8540,10,451.37,42.69348,-1.76839
30,8541,10,451.76,42.69339,-1.76843
30,8542,10,451.92,42.69331,-1.76848
30,8543,10,451.59,42.69323,-1.76853
30,8544,10,451.15,42.69315,-1.76858
30,8545,10,450.76,42.69306,-1.76863
30,8546,10,450.74,42.69298,-1.76867
30,8547,10,450.98,42.6929,-1.76872
30,8548,10,450.73,42.69282,-1.76877
30,8549,10,450.42,42.69273,-1.76882
30,8550,10,450.28,42.69265,-1.76887
30,8551,10,450.18,42.69257,-1.76892
30,8552,10,449.88,42.69248,-1.76896
30,8553,10,449.64,42.6924,-1.76901
30,8554,10,449.56,42.69231,-1.76904
30,8555,10,449.36,42.69223,-1.76908
30,8556,10,449.29,42.69214,-1.76912
30,8557,10,449.14,42.69206,-1.76916
30,8558,10,448.98,42.69197,-1.76919
30,8559,10,448.41,42.69189,-1.76923
30,8560,10,448.12,42.6918,-1.76927
30,8561,10,448.12,42.69172,-1.76932
30,8562,10,448.15,42.69164,-1.76938
30,8563,10,447.82,42.69158,-1.76947
30,8564,10,447.47,42.69151,-1.76955
30,8565,10,446.85,42.69144,-1.76963
30,8566,10,446.63,42.69137,-1.7697
30,8567,10,446.38,42.6913,-1.76977
30,8568,10,445.97,42.69122,-1.76984
30,8569,10,445.71,42.69114,-1.7699
30,8570,10,445.55,42.69107,-1.76996
30,8571,10,445.37,42.69099,-1.77002
30,8572,10,445.06,42.69091,-1.77008
30,8573,10,444.57,42.69083,-1.77014
30,8574,10,444.29,42.69075,-1.7702
30,8575,10,444.26,42.69068,-1.77027
30,8576,10,444.18,42.69061,-1.77035
30,8577,10,443.65,42.69055,-1.77044
30,8578,10,442.91,42.6905,-1.77054
30,8579,10,442.91,42.69044,-1.77063
30,8580,10,443.55,42.69038,-1.77067
30,8581,10,444.51,42.69032,-1.77058
30,8582,10,444.62,42.69027,-1.77048
30,8583,10,444.34,42.69023,-1.77037
30,8584,10,444.32,42.69019,-1.77026
30,8585,10,444.37,42.69016,-1.77015
30,8586,10,443.81,42.69007,-1.77019
30,8587,10,443.72,42.68999,-1.77023
30,8588,10,443.66,42.6899,-1.77026
30,8589,10,443.75,42.68981,-1.7703
30,8590,10,443.93,42.68973,-1.77034
30,8591,10,444.25,42.68964,-1.77037
30,8592,10,443.97,42.68955,-1.7704
30,8593,10,443.67,42.68949,-1.77048
30,8594,10,443.93,42.68942,-1.77056
31,8595,10,442.44,42.68869,-1.77092
31,8596,10,441.85,42.68861,-1.77085
31,8597,10,442.39,42.68854,-1.77078
31,8598,10,441.73,42.68846,-1.77072
31,8599,10,441.78,42.68838,-1.77065
31,8600,10,441.58,42.68831,-1.77059
31,8601,10,441.35,42.68823,-1.77061
31,8602,10,441.58,42.68814,-1.77065
31,8603,10,442.47,42.68806,-1.77071
31,8604,10,442.57,42.68798,-1.77077
31,8605,10,441.19,42.6879,-1.77082
31,8606,10,440.71,42.68782,-1.77088
31,8607,10,440.46,42.68775,-1.77094
31,8608,10,439.98,42.6877,-1.77102
31,8609,10,440.21,42.68772,-1.77114
31,8610,10,440.55,42.68775,-1.77126
31,8611,10,440.66,42.68777,-1.77137
31,8612,10,440.71,42.6878,-1.77149
31,8613,10,440.61,42.68782,-1.77161
31,8614,10,440.31,42.68785,-1.77173
31,8615,10,440.17,42.68788,-1.77184
31,8616,10,439.73,42.6879,-1.77196
31,8617,10,439.24,42.68792,-1.77208
31,8618,10,438.73,42.68793,-1.7722
31,8619,10,437.92,42.68795,-1.77232
31,8620,10,436.26,42.68794,-1.77242
31,8621,10,434.56,42.68787,-1.7725
31,8622,10,433.48,42.68779,-1.77258
31,8623,10,432.13,42.68778,-1.77269
31,8624,10,430.66,42.68776,-1.77281
31,8625,10,428.78,42.68773,-1.77293
31,8626,10,426.89,42.6877,-1.77304
31,8627,10,425.52,42.68766,-1.77315
31,8628,10,423.31,42.68761,-1.77325
31,8629,10,421.5,42.68755,-1.77335
31,8630,10,420.12,42.68749,-1.77344
31,8631,10,418.76,42.68743,-1.77353
31,8632,10,417.81,42.68736,-1.77361
31,8633,10,417.47,42.6873,-1.77369
31,8634,10,416.54,42.68723,-1.77378
31,8635,10,415.56,42.68717,-1.77386
31,8636,10,414.43,42.68711,-1.77395
31,8637,10,413.25,42.68705,-1.77404
31,8638,10,412.4,42.68699,-1.77413
31,8639,10,411.77,42.68693,-1.77422
31,8640,10,411.11,42.68687,-1.77431
31,8641,10,410.19,42.68681,-1.77441
31,8642,10,409.52,42.68674,-1.7745
31,8643,10,408.7,42.68668,-1.77459
31,8644,10,407.89,42.68662,-1.77467
31,8645,10,406.87,42.68655,-1.77475
31,8646,10,406.41,42.68648,-1.77482
31,8647,10,406.35,42.68641,-1.7749
31,8648,10,406.13,42.68633,-1.77497
31,8649,10,405.35,42.68626,-1.77504
31,8650,10,404.51,42.68619,-1.77511
31,8651,10,403.72,42.68611,-1.77518
31,8652,10,403.28,42.68604,-1.77524
31,8653,10,402.82,42.68596,-1.7753
31,8654,10,402.39,42.68588,-1.77536
31,8655,10,401.9,42.6858,-1.77542
31,8656,10,401.17,42.68572,-1.77548
31,8657,10,400.64,42.68565,-1.77554
31,8658,10,400.12,42.68557,-1.77561
31,8659,10,399.89,42.68549,-1.77567
31,8660,10,399.42,42.68542,-1.77574
31,8661,10,398.83,42.68534,-1.77581
31,8662,10,398.31,42.68527,-1.77588
31,8663,10,398.11,42.6852,-1.77596
31,8664,10,397.69,42.68513,-1.77604
31,8665,10,397.3,42.68506,-1.77612
31,8666,10,396.81,42.685,-1.7762
31,8667,10,396.75,42.68494,-1.77629
31,8668,10,396.51,42.68487,-1.77638
31,8669,10,396.36,42.68481,-1.77646
31,8670,10,396.31,42.68475,-1.77655
31,8671,10,396.29,42.68468,-1.77664
31,8672,10,396.28,42.68462,-1.77673
31,8673,10,395.96,42.68456,-1.77682
31,8674,10,395.47,42.6845,-1.77691
31,8675,10,395.34,42.68444,-1.777
31,8676,10,395.28,42.68439,-1.7771
31,8677,10,395.08,42.68433,-1.77719
31,8678,10,394.84,42.68428,-1.77729
31,8679,10,394.53,42.68422,-1.77739
31,8680,10,394.35,42.68417,-1.77749
31,8681,10,394.69,42.68413,-1.7776
31,8682,10,395.89,42.68409,-1.7777
31,8683,10,396.33,42.68405,-1.77781
31,8684,10,396.29,42.68399,-1.77791
31,8685,10,396.31,42.68395,-1.77801
31,8686,10,396.67,42.6839,-1.77812
31,8687,10,398.15,42.68385,-1.77822
31,8688,10,398.52,42.68378,-1.77829
31,8689,10,398.42,42.68371,-1.77837
31,8690,10,397.87,42.68364,-1.77844
31,8691,10,396.07,42.68357,-1.77852
31,8692,10,394.88,42.68351,-1.77861
31,8693,10,394.52,42.68346,-1.77872
31,8694,10,394.92,42.68341,-1.77882
31,8695,10,395.27,42.68337,-1.77892
31,8696,10,395.6,42.68332,-1.77903
31,8697,10,395.86,42.68326,-1.77912
31,8698,10,396.59,42.6832,-1.77921
31,8699,10,396.99,42.68315,-1.77931
31,8700,10,397.19,42.68309,-1.7794
31,8701,10,397.38,42.68304,-1.7795
31,8702,10,397.69,42.68298,-1.7796
31,8703,10,398.49,42.68293,-1.77969
31,8704,10,399.58,42.68287,-1.77979
31,8705,10,400.79,42.68282,-1.77989
31,8706,10,401.64,42.68276,-1.77998
31,8707,10,402.69,42.6827,-1.78007
31,8708,10,403.29,42.68264,-1.78016
31,8709,10,403.58,42.68258,-1.78025
31,8710,10,404.18,42.68252,-1.78034
31,8711,10,404.39,42.68246,-1.78043
31,8712,10,404.36,42.6824,-1.78052
31,8713,10,404.85,42.68233,-1.78061
31,8714,10,405.25,42.68227,-1.7807
31,8715,10,405.52,42.68221,-1.78079
31,8716,10,406.31,42.68214,-1.78086
31,8717,10,407.18,42.68207,-1.78094
31,8718,10,408.0,42.682,-1.78101
31,8719,10,409.34,42.68193,-1.78109
31,8720,10,409.49,42.68185,-1.78115
31,8721,10,410.42,42.68178,-1.78122
31,8722,10,411.35,42.6817,-1.78129
31,8723,10,412.33,42.68163,-1.78136
31,8724,10,413.27,42.68155,-1.78143
31,8725,10,415.11,42.68148,-1.7815
31,8726,10,415.76,42.6814,-1.78156
31,8727,10,416.92,42.68136,-1.78167
31,8728,10,418.29,42.68134,-1.78179
31,8729,10,418.76,42.68132,-1.78191
31,8730,10,418.79,42.6813,-1.78203
31,8731,10,418.91,42.68129,-1.78215
31,8732,10,418.89,42.68127,-1.78227
31,8733,10,418.65,42.68125,-1.78239
31,8734,10,418.82,42.68125,-1.78251
31,8735,10,419.07,42.68125,-1.78263
31,8736,10,419.02,42.68126,-1.78275
31,8737,10,418.84,42.68126,-1.78287
31,8738,10,418.49,42.68126,-1.783
31,8739,10,418.17,42.68127,-1.78312
31,8740,10,418.0,42.68127,-1.78324
31,8741,10,417.47,42.68127,-1.78336
31,8742,10,417.07,42.68127,-1.78348
31,8743,10,416.94,42.68127,-1.78361
31,8744,10,416.92,42.68127,-1.78373
31,8745,10,416.88,42.68128,-1.78385
31,8746,10,416.76,42.68129,-1.78397
31,8747,10,416.75,42.68131,-1.78409
31,8748,10,416.55,42.68134,-1.78421
31,8749,10,416.51,42.68132,-1.78429
31,8750,10,416.92,42.68124,-1.78434
31,8751,10,417.09,42.68116,-1.78439
31,8752,10,416.84,42.68108,-1.78444
31,8753,10,416.04,42.68099,-1.78449
31,8754,10,415.88,42.68091,-1.78454
31,8755,10,415.77,42.68083,-1.78459
31,8756,10,415.85,42.68083,-1.78469
31,8757,10,416.27,42.68086,-1.7848
31,8758,10,416.63,42.68089,-1.78492
31,8759,10,416.3,42.68092,-1.78503
31,8760,10,416.91,42.68097,-1.78513
31,8761,10,416.21,42.6809,-1.78518
31,8762,10,415.39,42.68081,-1.78523
31,8763,10,414.5,42.68073,-1.78528
31,8764,10,413.95,42.68065,-1.78532
31,8765,10,413.92,42.68056,-1.78537
31,8766,10,413.91,42.68048,-1.78542
31,8767,10,414.02,42.6804,-1.78547
31,8768,10,414.27,42.68032,-1.78552
31,8769,10,414.18,42.68024,-1.78557
31,8770,10,414.18,42.68015,-1.78562
31,8771,10,414.19,42.68007,-1.78567
32,8772,10,414.48,42.6796,-1.78589
32,8773,10,412.99,42.67956,-1.78597
32,8774,10,412.92,42.67954,-1.78608
32,8775,10,412.95,42.67946,-1.78611
32,8776,10,413.07,42.67939,-1.78616
32,8777,10,413.09,42.67935,-1.78626
32,8778,10,412.96,42.67931,-1.78638
32,8779,10,412.54,42.67928,-1.78649
32,8780,10,412.05,42.6793,-1.78661
32,8781,10,412.02,42.67932,-1.78673
32,8782,10,412.08,42.67933,-1.78685
32,8783,10,412.03,42.67932,-1.78696
32,8784,10,412.0,42.67927,-1.78707
32,8785,10,411.92,42.67924,-1.78718
32,8786,10,412.28,42.67917,-1.78727
32,8787,10,412.2,42.67911,-1.78735
32,8788,10,411.96,42.67904,-1.78744
32,8789,10,411.8,42.679,-1.78754
32,8790,10,411.38,42.67896,-1.78765
32,8791,10,410.66,42.67893,-1.78776
32,8792,10,410.23,42.67893,-1.78788
32,8793,10,410.22,42.67894,-1.788
32,8794,10,410.45,42.67896,-1.78812
32,8795,10,410.37,42.67897,-1.78824
32,8796,10,410.05,42.67899,-1.78836
32,8797,10,409.9,42.679,-1.78848
32,8798,10,409.43,42.67901,-1.78861
32,8799,10,409.39,42.67904,-1.78872
32,8800,10,409.66,42.67906,-1.78884
32,8801,10,409.76,42.67909,-1.78895
32,8802,10,409.47,42.67913,-1.78906
32,8803,10,408.85,42.67917,-1.78917
32,8804,10,408.53,42.67921,-1.78928
32,8805,10,408.46,42.67924,-1.7894
32,8806,10,408.2,42.67927,-1.78951
32,8807,10,408.11,42.67929,-1.78963
32,8808,10,407.88,42.67931,-1.78975
32,8809,10,407.72,42.67933,-1.78987
32,8810,10,407.56,42.67936,-1.78999
32,8811,10,407.29,42.67938,-1.79011
32,8812,10,407.26,42.6794,-1.79023
32,8813,10,407.1,42.67941,-1.79035
32,8814,10,406.86,42.67941,-1.79047
32,8815,10,406.38,42.6794,-1.79059
32,8816,10,405.95,42.67938,-1.79071
32,8817,10,405.99,42.67937,-1.79083
32,8818,10,405.87,42.67936,-1.79095
32,8819,10,405.51,42.67935,-1.79107
32,8820,10,405.02,42.67933,-1.79119
32,8821,10,404.84,42.67932,-1.79131
32,8822,10,404.74,42.6793,-1.79143
32,8823,10,404.86,42.67927,-1.79155
32,8824,10,405.03,42.67923,-1.79166
32,8825,10,404.76,42.67918,-1.79176
32,8826,10,404.74,42.67913,-1.79186
32,8827,10,404.62,42.67908,-1.79196
32,8828,10,404.57,42.67903,-1.79206
32,8829,10,404.5,42.67898,-1.79216
32,8830,10,404.41,42.67893,-1.79227
32,8831,10,403.57,42.67888,-1.79237
32,8832,10,402.77,42.67884,-1.79247
32,8833,10,401.71,42.67879,-1.79258
32,8834,10,400.92,42.67875,-1.79269
32,8835,10,400.28,42.6787,-1.79279
32,8836,10,399.69,42.67864,-1.79288
32,8837,10,398.95,42.67858,-1.79298
32,8838,10,398.77,42.67853,-1.79307
32,8839,10,398.35,42.67848,-1.79317
32,8840,10,397.3,42.67843,-1.79328
32,8841,10,396.9,42.6784,-1.79339
32,8842,10,396.69,42.67838,-1.79351
32,8843,10,396.0,42.67836,-1.79363
32,8844,10,395.17,42.67833,-1.79375
32,8845,10,394.59,42.67831,-1.79386
32,8846,10,393.94,42.67829,-1.79398
32,8847,10,392.7,42.67827,-1.7941
32,8848,10,391.48,42.67826,-1.79422
32,8849,10,390.29,42.67825,-1.79434
32,8850,10,388.38,42.67823,-1.79446
32,8851,10,386.77,42.67822,-1.79459
32,8852,10,385.28,42.67821,-1.79471
32,8853,10,383.82,42.6782,-1.79483
32,8854,10,382.21,42.67818,-1.79495
32,8855,10,380.68,42.67815,-1.79506
32,8856,10,379.86,42.67813,-1.79518
32,8857,10,378.99,42.6781,-1.7953
32,8858,10,378.1,42.67807,-1.79541
32,8859,10,377.61,42.67805,-1.79553
32,8860,10,376.8,42.67802,-1.79565
32,8861,10,376.24,42.678,-1.79576
32,8862,10,375.69,42.67798,-1.79588
32,8863,10,374.73,42.67796,-1.796
32,8864,10,373.47,42.67794,-1.79612
32,8865,10,372.56,42.67792,-1.79624
32,8866,10,371.99,42.6779,-1.79636
32,8867,10,371.25,42.67788,-1.79648
32,8868,10,370.54,42.67786,-1.7966
32,8869,10,369.21,42.67784,-1.79672
32,8870,10,367.96,42.67782,-1.79684
32,8871,10,366.99,42.67781,-1.79696
32,8872,10,366.32,42.67779,-1.79708
32,8873,10,365.62,42.67778,-1.7972
32,8874,10,365.1,42.67776,-1.79732
32,8875,10,364.73,42.67775,-1.79744
32,8876,10,364.34,42.67773,-1.79756
32,8877,10,363.88,42.67772,-1.79768
32,8878,10,363.55,42.67771,-1.7978
32,8879,10,363.1,42.6777,-1.79792
32,8880,10,362.59,42.67769,-1.79804
32,8881,10,361.95,42.67768,-1.79817
32,8882,10,361.51,42.67767,-1.79829
32,8883,10,361.28,42.67766,-1.79841
32,8884,10,361.05,42.67763,-1.79852
32,8885,10,360.85,42.6776,-1.79864
32,8886,10,360.48,42.67757,-1.79875
32,8887,10,359.85,42.67754,-1.79887
32,8888,10,359.71,42.6775,-1.79898
32,8889,10,359.64,42.67746,-1.79908
32,8890,10,359.0,42.67741,-1.79919
32,8891,10,358.52,42.67737,-1.79929
32,8892,10,357.85,42.67732,-1.7994
32,8893,10,357.68,42.67728,-1.79951
32,8894,10,357.61,42.6772,-1.79955
32,8895,10,357.56,42.67718,-1.79964
32,8896,10,357.5,42.67718,-1.79976
32,8897,10,357.43,42.67716,-1.79987
32,8898,10,357.17,42.67711,-1.79997
32,8899,10,357.14,42.67705,-1.80007
32,8900,10,357.17,42.67698,-1.80014
32,8901,10,356.78,42.67692,-1.80022
32,8902,10,355.63,42.67687,-1.80032
32,8903,10,355.54,42.67686,-1.80044
32,8904,10,355.73,42.67685,-1.80056
32,8905,10,355.78,42.67683,-1.80068
32,8906,10,356.06,42.67684,-1.8008
32,8907,10,356.11,42.67685,-1.80093
32,8908,10,355.93,42.67686,-1.80105
32,8909,10,355.94,42.67689,-1.80116
32,8910,10,355.9,42.67693,-1.80127
32,8911,10,355.96,42.67697,-1.80138
32,8912,10,355.85,42.677,-1.80149
32,8913,10,356.11,42.67704,-1.8016
32,8914,10,356.53,42.67708,-1.8017
32,8915,10,356.35,42.67707,-1.80182
32,8916,10,356.05,42.67706,-1.80194
32,8917,10,355.9,42.67705,-1.80207
32,8918,10,355.92,42.67704,-1.80219
32,8919,10,356.22,42.67703,-1.80231
32,8920,10,356.08,42.67702,-1.80243
32,8921,10,355.65,42.677,-1.80255
32,8922,10,355.38,42.67698,-1.80267
32,8923,10,355.37,42.67696,-1.80279
32,8924,10,355.26,42.67694,-1.8029
32,8925,10,354.98,42.67691,-1.80302
32,8926,10,354.81,42.6769,-1.80314
32,8927,10,354.68,42.67689,-1.80326
32,8928,10,354.67,42.67687,-1.80338
32,8929,10,354.7,42.67686,-1.8035
32,8930,10,354.64,42.67685,-1.80363
32,8931,10,354.52,42.67683,-1.80375
32,8932,10,354.45,42.67682,-1.80387
32,8933,10,354.17,42.6768,-1.80398
32,8934,10,353.95,42.67678,-1.8041
32,8935,10,353.81,42.67676,-1.80422
32,8936,10,353.84,42.67674,-1.80434
32,8937,10,353.53,42.67671,-1.80446
32,8938,10,353.24,42.67669,-1.80458
32,8939,10,353.27,42.67667,-1.8047
32,8940,10,353.23,42.67666,-1.80482
32,8941,10,353.13,42.67666,-1.80494
32,8942,10,353.39,42.67666,-1.80506
32,8943,10,353.74,42.67666,-1.80518
32,8944,10,353.88,42.67663,-1.8053
32,8945,10,354.13,42.67659,-1.80541
32,8946,10,354.45,42.67655,-1.80552
32,8947,10,354.92,42.67652,-1.80563
32,8948,10,354.98,42.67649,-1.80575
32,8949,10,355.22,42.67647,-1.80587
32,8950,10,355.21,42.67646,-1.80598
32,8951,10,354.92,42.67644,-1.8061
32,8952,10,355.33,42.67642,-1.80622
32,8953,10,355.44,42.6764,-1.80634
32,8954,10,355.84,42.67638,-1.80646
32,8955,10,355.68,42.67635,-1.80657
32,8956,10,355.82,42.67628,-1.80664
32,8957,10,355.25,42.6762,-1.80672
32,8958,10,355.06,42.67613,-1.80679
32,8959,10,354.86,42.67606,-1.80686
32,8960,10,354.66,42.67599,-1.80693
32,8961,10,354.51,42.67591,-1.807
32,8962,10,354.22,42.67584,-1.80707
32,8963,10,353.4,42.67576,-1.80714
32,8964,10,353.23,42.6757,-1.80722
32,8965,10,353.35,42.67564,-1.80732
32,8966,10,353.29,42.67559,-1.80741
32,8967,10,353.32,42.67554,-1.80752
32,8968,10,353.3,42.6755,-1.80763
32,8969,10,353.14,42.67546,-1.80774
32,8970,10,353.27,42.67541,-1.80784
32,8971,10,353.01,42.67535,-1.80793
32,8972,10,352.72,42.67529,-1.80801
32,8973,10,352.49,42.67522,-1.8081
32,8974,10,352.37,42.67516,-1.80819
32,8975,10,352.23,42.6751,-1.80828
32,8976,10,352.21,42.67504,-1.80837
32,8977,10,351.92,42.67498,-1.80846
32,8978,10,351.59,42.67491,-1.80854
32,8979,10,351.53,42.67485,-1.80863
32,8980,10,351.74,42.67479,-1.80872
32,8981,10,351.97,42.67473,-1.80881
32,8982,10,352.07,42.67467,-1.8089
32,8983,10,352.12,42.67461,-1.80899
32,8984,10,352.26,42.67454,-1.80908
32,8985,10,352.35,42.67448,-1.80917
32,8986,10,352.41,42.67442,-1.80925
32,8987,10,352.53,42.67436,-1.80934
32,8988,10,352.51,42.6743,-1.80943
32,8989,10,352.68,42.67423,-1.80952
32,8990,10,352.47,42.67417,-1.80961
32,8991,10,352.43,42.67411,-1.80969
32,8992,10,352.41,42.67405,-1.80978
32,8993,10,352.67,42.67399,-1.80987
32,8994,10,352.82,42.67393,-1.80997
32,8995,10,352.53,42.67387,-1.81006
32,8996,10,352.56,42.67382,-1.81016
32,8997,10,352.7,42.67376,-1.81025
32,8998,10,352.8,42.67369,-1.81031
32,8999,10,352.92,42.67362,-1.8104
32,9000,10,352.98,42.67355,-1.81045
32,9001,10,352.82,42.67346,-1.81042
32,9002,10,352.72,42.67337,-1.81039
32,9003,10,352.22,42.67329,-1.81035
32,9004,10,351.4,42.6732,-1.81032
32,9005,10,351.71,42.67315,-1.8104
32,9006,10,351.98,42.67311,-1.81051
32,9007,10,351.64,42.67307,-1.81062
32,9008,10,351.24,42.67303,-1.81073
32,9009,10,350.61,42.67299,-1.81084
32,9010,10,350.2,42.67295,-1.81094
32,9011,10,349.93,42.6729,-1.81105
32,9012,10,350.84,42.67287,-1.81117
32,9013,10,351.3,42.67285,-1.81128
32,9014,10,351.05,42.67282,-1.8114
32,9015,10,350.66,42.67279,-1.81151
32,9016,10,349.93,42.67276,-1.81163
32,9017,10,349.54,42.67273,-1.81175
32,9018,10,349.53,42.6727,-1.81186
32,9019,10,350.06,42.67267,-1.81198
32,9020,10,350.59,42.67264,-1.81209
32,9021,10,350.86,42.67261,-1.81221
32,9022,10,350.95,42.67258,-1.81232
32,9023,10,350.66,42.67255,-1.81244
32,9024,10,350.43,42.67252,-1.81255
32,9025,10,349.97,42.67249,-1.81267
32,9026,10,349.19,42.67246,-1.81278
32,9027,10,349.06,42.67243,-1.8129
32,9028,10,349.08,42.67241,-1.81302
32,9029,10,349.01,42.67238,-1.81313
32,9030,10,348.94,42.67236,-1.81325
32,9031,10,348.86,42.67234,-1.81337
32,9032,10,348.76,42.67231,-1.81349
32,9033,10,348.69,42.67229,-1.8136
32,9034,10,348.62,42.67227,-1.81372
32,9035,10,348.55,42.67224,-1.81384
32,9036,10,348.5,42.67222,-1.81396
32,9037,10,348.46,42.6722,-1.81408
32,9038,10,348.42,42.67218,-1.8142
32,9039,10,348.39,42.67216,-1.81431
32,9040,10,348.37,42.67214,-1.81443
32,9041,10,348.35,42.67212,-1.81455
32,9042,10,348.33,42.6721,-1.81467
32,9043,10,348.31,42.67208,-1.81479
32,9044,10,348.3,42.67206,-1.81491
32,9045,10,348.28,42.67204,-1.81503
32,9046,10,348.26,42.67202,-1.81515
32,9047,10,348.22,42.67199,-1.81526
32,9048,10,348.2,42.67197,-1.81538
32,9049,10,348.17,42.67195,-1.8155
32,9050,10,348.13,42.67193,-1.81562
32,9051,10,348.07,42.6719,-1.81574
32,9052,10,348.02,42.67188,-1.81585
32,9053,10,347.94,42.67185,-1.81597
32,9054,10,347.87,42.67183,-1.81609
32,9055,10,347.77,42.6718,-1.8162
32,9056,10,347.69,42.67178,-1.81632
32,9057,10,347.56,42.67175,-1.81644
32,9058,10,347.45,42.67173,-1.81656
32,9059,10,347.31,42.6717,-1.81667
32,9060,10,347.17,42.67168,-1.81679
32,9061,10,347.03,42.67166,-1.81691
32,9062,10,346.88,42.67164,-1.81703
32,9063,10,346.73,42.67162,-1.81715
32,9064,10,346.58,42.6716,-1.81727
32,9065,10,346.43,42.67158,-1.81739
32,9066,10,346.29,42.67155,-1.8175
32,9067,10,346.17,42.67153,-1.81762
32,9068,10,346.06,42.67151,-1.81774
33,9069,10,344.33,42.67145,-1.81806
33,9070,10,342.9,42.6714,-1.81816
33,9071,10,340.31,42.67136,-1.81827
33,9072,10,338.82,42.67131,-1.81837
33,9073,10,338.16,42.67127,-1.81848
33,9074,10,338.09,42.67122,-1.81858
33,9075,10,338.08,42.67117,-1.81869
33,9076,10,338.08,42.67113,-1.81879
33,9077,10,338.17,42.67108,-1.8189
33,9078,10,338.51,42.67103,-1.819
33,9079,10,339.52,42.67099,-1.81911
33,9080,10,340.74,42.67094,-1.81921
33,9081,10,342.31,42.6709,-1.81932
33,9082,10,343.62,42.67085,-1.81942
33,9083,10,343.67,42.67076,-1.81938
33,9084,10,343.65,42.67068,-1.81934
33,9085,10,343.55,42.67059,-1.8193
33,9086,10,343.42,42.67051,-1.81925
33,9087,10,343.36,42.67042,-1.81923
33,9088,10,343.04,42.67033,-1.81921
33,9089,10,343.0,42.67024,-1.8192
33,9090,10,342.8,42.67015,-1.81919
33,9091,10,342.67,42.67007,-1.81916
33,9092,10,342.65,42.67,-1.81908
33,9093,10,342.71,42.66993,-1.819
33,9094,10,342.74,42.6699,-1.81889
33,9095,10,342.64,42.66983,-1.81883
33,9096,10,342.29,42.66977,-1.8189
33,9097,10,342.6,42.66973,-1.81901
33,9098,10,342.81,42.66968,-1.81911
33,9099,10,342.9,42.66961,-1.81918
33,9100,10,342.95,42.66954,-1.81926
33,9101,10,343.12,42.66946,-1.81933
33,9102,10,343.52,42.66939,-1.8194
33,9103,10,343.95,42.66932,-1.81947
33,9104,10,343.85,42.66925,-1.81954
33,9105,10,343.55,42.6692,-1.81964
33,9106,10,343.71,42.66916,-1.81975
33,9107,10,344.21,42.66913,-1.81987
33,9108,10,344.44,42.66909,-1.81998
33,9109,10,344.28,42.66906,-1.82009
33,9110,10,344.83,42.66902,-1.8202
33,9111,10,345.16,42.66899,-1.82032
33,9112,10,345.08,42.66895,-1.82043
33,9113,10,345.07,42.66892,-1.82054
33,9114,10,345.11,42.66888,-1.82065
33,9115,10,345.08,42.66885,-1.82077
33,9116,10,344.78,42.66881,-1.82088
33,9117,10,344.37,42.66878,-1.82099
33,9118,10,344.04,42.66874,-1.8211
33,9119,10,343.92,42.66871,-1.82122
33,9120,10,343.94,42.66867,-1.82133
33,9121,10,344.19,42.66863,-1.82143
33,9122,10,344.33,42.66859,-1.82154
33,9123,10,344.19,42.66854,-1.82165
33,9124,10,344.16,42.6685,-1.82176
33,9125,10,343.87,42.66846,-1.82187
33,9126,10,343.69,42.66842,-1.82198
33,9127,10,344.01,42.66839,-1.82209
33,9128,10,344.14,42.66836,-1.82221
33,9129,10,344.05,42.66834,-1.82232
33,9130,10,344.08,42.66831,-1.82244
33,9131,10,344.01,42.66825,-1.82252
33,9132,10,343.88,42.66821,-1.82262
33,9133,10,343.73,42.66817,-1.82274
33,9134,10,343.46,42.66815,-1.82285
33,9135,10,343.48,42.66812,-1.82297
33,9136,10,343.54,42.66809,-1.82308
33,9137,10,343.78,42.66806,-1.8232
33,9138,10,343.35,42.66803,-1.82332
33,9139,10,343.14,42.668,-1.82343
33,9140,10,343.07,42.66797,-1.82355
33,9141,10,343.08,42.66795,-1.82366
33,9142,10,342.96,42.66792,-1.82378
33,9143,10,343.03,42.66789,-1.82389
33,9144,10,342.86,42.66786,-1.82401
33,9145,10,342.53,42.66783,-1.82413
33,9146,10,342.86,42.6678,-1.82424
33,9147,10,343.12,42.66776,-1.82435
33,9148,10,343.1,42.66772,-1.82446
33,9149,10,342.95,42.66768,-1.82457
33,9150,10,342.57,42.66764,-1.82468
33,9151,10,342.42,42.6676,-1.82479
33,9152,10,342.25,42.66756,-1.8249
33,9153,10,342.32,42.66752,-1.82501
33,9154,10,342.31,42.66748,-1.82512
33,9155,10,341.85,42.66744,-1.82523
33,9156,10,341.37,42.6674,-1.82534
33,9157,10,341.03,42.66736,-1.82545
33,9158,10,340.73,42.66732,-1.82556
33,9159,10,340.72,42.66729,-1.82566
33,9160,10,340.59,42.66725,-1.82577
33,9161,10,340.69,42.66721,-1.82588
33,9162,10,340.55,42.66717,-1.82599
33,9163,10,340.4,42.66713,-1.8261
33,9164,10,340.2,42.66709,-1.82621
33,9165,10,340.05,42.66705,-1.82632
33,9166,10,340.07,42.667,-1.82643
33,9167,10,339.9,42.66694,-1.82651
33,9168,10,339.35,42.66686,-1.82658
33,9169,10,338.95,42.6668,-1.82667
33,9170,10,338.7,42.66675,-1.82676
33,9171,10,338.51,42.66673,-1.82688
33,9172,10,339.0,42.66674,-1.827
33,9173,10,340.26,42.66675,-1.82712
33,9174,10,340.01,42.66674,-1.82724
33,9175,10,339.73,42.66671,-1.82735
33,9176,10,339.45,42.66668,-1.82747
33,9177,10,339.15,42.66666,-1.82759
33,9178,10,339.14,42.66663,-1.8277
33,9179,10,339.22,42.6666,-1.82782
33,9180,10,338.8,42.66657,-1.82793
33,9181,10,338.56,42.66654,-1.82805
33,9182,10,338.5,42.66651,-1.82817
33,9183,10,338.69,42.66648,-1.82828
33,9184,10,338.82,42.66646,-1.8284
33,9185,10,338.53,42.66643,-1.82851
33,9186,10,338.43,42.6664,-1.82863
33,9187,10,338.25,42.66637,-1.82874
33,9188,10,338.38,42.66634,-1.82886
33,9189,10,338.3,42.6663,-1.82897
33,9190,10,338.49,42.66626,-1.82908
33,9191,10,338.23,42.66621,-1.82918
33,9192,10,337.89,42.66615,-1.82927
33,9193,10,337.84,42.6661,-1.82937
33,9194,10,337.95,42.66605,-1.82947
33,9195,10,338.05,42.66599,-1.82957
33,9196,10,338.11,42.66594,-1.82967
33,9197,10,338.13,42.66589,-1.82976
33,9198,10,337.86,42.66584,-1.82987
33,9199,10,337.98,42.66581,-1.82998
33,9200,10,338.47,42.66579,-1.8301
33,9201,10,338.8,42.66576,-1.83022
33,9202,10,338.91,42.66573,-1.83033
33,9203,10,338.92,42.66571,-1.83045
33,9204,10,338.88,42.66568,-1.83057
33,9205,10,338.99,42.66565,-1.83068
33,9206,10,339.21,42.66563,-1.8308
33,9207,10,338.99,42.6656,-1.83092
33,9208,10,339.1,42.66557,-1.83103
33,9209,10,339.58,42.66555,-1.83115
33,9210,10,339.49,42.66552,-1.83127
33,9211,10,339.28,42.66548,-1.83137
33,9212,10,339.3,42.66543,-1.83148
33,9213,10,339.25,42.66539,-1.83159
33,9214,10,338.58,42.66535,-1.8317
33,9215,10,338.17,42.66531,-1.8318
33,9216,10,338.22,42.66526,-1.83191
33,9217,10,339.07,42.66522,-1.83202
33,9218,10,339.47,42.66518,-1.83212
33,9219,10,339.17,42.66513,-1.83223
33,9220,10,339.87,42.66509,-1.83234
33,9221,10,339.27,42.66505,-1.83244
33,9222,10,339.36,42.665,-1.83255
33,9223,10,339.18,42.66496,-1.83266
33,9224,10,339.0,42.66492,-1.83277
33,9225,10,339.11,42.66487,-1.83287
33,9226,10,339.06,42.66482,-1.83298
33,9227,10,339.16,42.66478,-1.83308
33,9228,10,339.44,42.66473,-1.83318
33,9229,10,339.31,42.66469,-1.83329
33,9230,10,339.15,42.66464,-1.83339
33,9231,10,339.37,42.66459,-1.8335
33,9232,10,339.9,42.66455,-1.8336
33,9233,10,340.08,42.6645,-1.83371
33,9234,10,339.83,42.66445,-1.83381
33,9235,10,339.53,42.66441,-1.83392
33,9236,10,339.53,42.66436,-1.83402
33,9237,10,339.59,42.66434,-1.83414
33,9238,10,339.62,42.66433,-1.83426
33,9239,10,339.72,42.66432,-1.83438
33,9240,10,340.03,42.66431,-1.8345
33,9241,10,339.76,42.6643,-1.83462
33,9242,10,339.9,42.66429,-1.83474
33,9243,10,340.57,42.66428,-1.83486
33,9244,10,340.58,42.66426,-1.83498
33,9245,10,340.65,42.66424,-1.8351
33,9246,10,340.84,42.66422,-1.83522
33,9247,10,341.31,42.6642,-1.83534
33,9248,10,341.53,42.66419,-1.83546
33,9249,10,341.69,42.66417,-1.83558
33,9250,10,341.91,42.66415,-1.8357
33,9251,10,341.98,42.66413,-1.83582
33,9252,10,341.9,42.66411,-1.83594
33,9253,10,342.23,42.6641,-1.83606
33,9254,10,342.59,42.66408,-1.83618
33,9255,10,342.76,42.66406,-1.8363
33,9256,10,342.8,42.66405,-1.83642
33,9257,10,342.61,42.66404,-1.83654
33,9258,10,342.98,42.66403,-1.83666
33,9259,10,343.29,42.66402,-1.83678
33,9260,10,343.68,42.66402,-1.83691
33,9261,10,343.99,42.66401,-1.83703
33,9262,10,344.03,42.664,-1.83715
33,9263,10,344.22,42.664,-1.83727
33,9264,10,344.24,42.66399,-1.83739
33,9265,10,344.28,42.66398,-1.83751
33,9266,10,344.46,42.66395,-1.83763
33,9267,10,344.42,42.66391,-1.83774
33,9268,10,344.7,42.66388,-1.83785
33,9269,10,344.82,42.66384,-1.83796
33,9270,10,345.08,42.6638,-1.83807
33,9271,10,344.81,42.66376,-1.83818
33,9272,10,345.15,42.66373,-1.83829
33,9273,10,344.64,42.66369,-1.8384
33,9274,10,345.14,42.66366,-1.83852
33,9275,10,345.42,42.66365,-1.83864
33,9276,10,345.45,42.66363,-1.83876
33,9277,10,346.28,42.66362,-1.83888
33,9278,10,346.9,42.66361,-1.839
33,9279,10,347.48,42.6636,-1.83912
33,9280,10,347.83,42.66359,-1.83924
33,9281,10,348.02,42.66358,-1.83936
33,9282,10,347.77,42.66356,-1.83949
33,9283,10,348.23,42.66355,-1.83961
33,9284,10,348.45,42.66354,-1.83973
33,9285,10,348.93,42.66353,-1.83985
33,9286,10,349.15,42.6635,-1.83996
33,9287,10,348.76,42.66344,-1.84005
33,9288,10,348.4,42.66338,-1.84014
33,9289,10,348.12,42.66332,-1.84022
33,9290,10,347.38,42.66325,-1.84031
33,9291,10,346.38,42.66319,-1.8404
33,9292,10,345.36,42.66313,-1.84049
33,9293,10,345.01,42.66307,-1.84057
33,9294,10,344.92,42.663,-1.84066
33,9295,10,345.15,42.66294,-1.84075
33,9296,10,344.73,42.66288,-1.84084
33,9297,10,344.25,42.66281,-1.84092
33,9298,10,344.04,42.66275,-1.84101
33,9299,10,343.99,42.66269,-1.8411
33,9300,10,344.33,42.66263,-1.84118
33,9301,10,344.64,42.66255,-1.84126
33,9302,10,344.63,42.66248,-1.84133
33,9303,10,345.29,42.6624,-1.84139
33,9304,10,345.91,42.66233,-1.84146
33,9305,10,345.28,42.66226,-1.84153
33,9306,10,344.85,42.6622,-1.84163
33,9307,10,344.52,42.66215,-1.84173
33,9308,10,344.31,42.6621,-1.84183
33,9309,10,343.94,42.66205,-1.84193
33,9310,10,343.04,42.66201,-1.84204
33,9311,10,341.98,42.66196,-1.84214
33,9312,10,341.16,42.66192,-1.84225
33,9313,10,340.51,42.66187,-1.84235
33,9314,10,340.34,42.66184,-1.84247
33,9315,10,340.64,42.66181,-1.84258
33,9316,10,341.21,42.66179,-1.8427
33,9317,10,341.41,42.66176,-1.84282
33,9318,10,341.45,42.66173,-1.84293
33,9319,10,342.15,42.66172,-1.84305
33,9320,10,342.38,42.6617,-1.84317
33,9321,10,342.51,42.66168,-1.84329
33,9322,10,342.62,42.66166,-1.84341
33,9323,10,342.36,42.66164,-1.84353
33,9324,10,342.52,42.66162,-1.84365
33,9325,10,342.07,42.66159,-1.84377
33,9326,10,342.02,42.66156,-1.84388
33,9327,10,342.01,42.66152,-1.84399
33,9328,10,341.99,42.66149,-1.8441
33,9329,10,342.14,42.66146,-1.84422
33,9330,10,342.15,42.66142,-1.84433
33,9331,10,342.7,42.66139,-1.84444
33,9332,10,342.41,42.66135,-1.84455
33,9333,10,341.75,42.66132,-1.84467
33,9334,10,340.96,42.66131,-1.84478
33,9335,10,341.06,42.66134,-1.8449
33,9336,10,340.62,42.66137,-1.84501
33,9337,10,340.72,42.6614,-1.84513
33,9338,10,339.98,42.66144,-1.84524
33,9339,10,339.45,42.66148,-1.84534
33,9340,10,339.56,42.66154,-1.84544
33,9341,10,341.22,42.66161,-1.84552
33,9342,10,343.34,42.66168,-1.84559
33,9343,10,345.52,42.66174,-1.84567
33,9344,10,347.2,42.66181,-1.84575
33,9345,10,348.54,42.66188,-1.84583
33,9346,10,351.98,42.66195,-1.84591
33,9347,10,354.28,42.66202,-1.84598
33,9348,10,355.79,42.66209,-1.84606
33,9349,10,356.51,42.66216,-1.84614
33,9350,10,357.33,42.66225,-1.84618
33,9351,10,357.51,42.66233,-1.84622
33,9352,10,358.24,42.66241,-1.84627
33,9353,10,357.77,42.66248,-1.84634
33,9354,10,358.18,42.66255,-1.84642
33,9355,10,358.01,42.66262,-1.8465
33,9356,10,359.99,42.66269,-1.84658
33,9357,10,361.34,42.66276,-1.84666
33,9358,10,361.88,42.66284,-1.84671
33,9359,10,362.82,42.66292,-1.84675
33,9360,10,363.41,42.66301,-1.84678
33,9361,10,364.72,42.66309,-1.84682
33,9362,10,366.09,42.66318,-1.84685
33,9363,10,366.93,42.66326,-1.8469
33,9364,10,367.48,42.66335,-1.84695
33,9365,10,368.46,42.66343,-1.847
33,9366,10,369.7,42.66351,-1.84705
33,9367,10,370.64,42.66359,-1.8471
33,9368,10,369.56,42.66368,-1.84709
33,9369,10,370.43,42.66377,-1.8471
33,9370,10,372.01,42.66386,-1.84713
33,9371,10,371.67,42.66394,-1.84717
33,9372,10,373.89,42.66402,-1.84723
33,9373,10,374.98,42.66409,-1.8473
33,9374,10,376.18,42.66416,-1.84738
33,9375,10,378.14,42.66424,-1.84745
33,9376,10,378.73,42.66431,-1.84752
33,9377,10,379.59,42.66438,-1.8476
33,9378,10,380.56,42.66445,-1.84767
33,9379,10,381.41,42.66452,-1.84774
33,9380,10,381.83,42.6646,-1.84781
33,9381,10,382.4,42.66467,-1.84789
33,9382,10,382.92,42.66474,-1.84795
33,9383,10,383.97,42.66482,-1.84801
33,9384,10,385.19,42.6649,-1.84807
33,9385,10,386.88,42.66498,-1.84813
33,9386,10,387.9,42.66506,-1.84819
33,9387,10,389.03,42.66513,-1.84826
33,9388,10,390.62,42.66519,-1.84835
33,9389,10,392.36,42.66526,-1.84844
33,9390,10,394.1,42.66532,-1.84853
33,9391,10,395.86,42.66538,-1.84861
33,9392,10,397.53,42.66546,-1.84866
33,9393,10,398.8,42.66555,-1.84871
33,9394,10,399.96,42.66562,-1.84878
33,9395,10,401.35,42.66568,-1.84887
33,9396,10,402.58,42.66574,-1.84896
33,9397,10,404.26,42.66576,-1.84907
33,9398,10,406.33,42.66578,-1.84919
33,9399,10,408.11,42.6658,-1.84931
33,9400,10,409.41,42.66581,-1.84943
33,9401,10,410.91,42.66583,-1.84955
33,9402,10,412.11,42.66586,-1.84967
33,9403,10,412.52,42.6659,-1.84978
33,9404,10,413.2,42.66593,-1.84989
33,9405,10,414.19,42.66595,-1.85001
33,9406,10,415.89,42.66596,-1.85013
33,9407,10,417.19,42.66598,-1.85025
33,9408,10,419.03,42.66599,-1.85037
33,9409,10,420.38,42.666,-1.85049
33,9410,10,421.65,42.66602,-1.85061
33,9411,10,422.79,42.66604,-1.85073
33,9412,10,423.94,42.66608,-1.85084
33,9413,10,425.08,42.66613,-1.85094
33,9414,10,426.01,42.66617,-1.85105
33,9415,10,426.6,42.66621,-1.85116
33,9416,10,427.65,42.66626,-1.85127
33,9417,10,428.65,42.6663,-1.85137
33,9418,10,429.95,42.66634,-1.85148
33,9419,10,431.32,42.6664,-1.85158
33,9420,10,432.58,42.66645,-1.85167
33,9421,10,434.23,42.66651,-1.85177
33,9422,10,435.69,42.66656,-1.85187
33,9423,10,437.49,42.66659,-1.85198
33,9424,10,439.14,42.66662,-1.85209
33,9425,10,440.76,42.66666,-1.85221
33,9426,10,442.3,42.66669,-1.85232
33,9427,10,443.75,42.66672,-1.85243
33,9428,10,445.31,42.66676,-1.85255
33,9429,10,446.91,42.66679,-1.85266
33,9430,10,448.38,42.66682,-1.85278
33,9431,10,449.98,42.66686,-1.85289
33,9432,10,451.32,42.66689,-1.853
33,9433,10,453.57,42.66693,-1.85311
33,9434,10,456.0,42.66698,-1.85321
33,9435,10,457.95,42.66704,-1.85331
33,9436,10,460.83,42.66709,-1.85341
33,9437,10,462.85,42.66714,-1.85351
33,9438,10,463.93,42.66719,-1.85361
33,9439,10,464.46,42.66723,-1.85371
33,9440,10,464.59,42.66726,-1.85383
33,9441,10,465.15,42.66729,-1.85395
33,9442,10,465.62,42.66732,-1.85406
33,9443,10,465.87,42.66734,-1.85418
33,9444,10,465.96,42.66737,-1.85429
33,9445,10,466.54,42.6674,-1.85441
33,9446,10,467.48,42.66743,-1.85453
33,9447,10,467.83,42.66746,-1.85464
33,9448,10,468.24,42.66748,-1.85476
33,9449,10,468.68,42.66751,-1.85487
33,9450,10,468.76,42.66754,-1.85499
33,9451,10,469.62,42.66757,-1.85511
33,9452,10,469.96,42.6676,-1.85522
33,9453,10,470.65,42.66762,-1.85534
33,9454,10,470.69,42.66765,-1.85545
33,9455,10,471.28,42.66768,-1.85557
33,9456,10,471.93,42.66771,-1.85569
33,9457,10,472.28,42.66774,-1.8558
33,9458,10,472.68,42.66776,-1.85592
33,9459,10,472.32,42.66777,-1.85604
33,9460,10,472.12,42.66778,-1.85616
33,9461,10,470.96,42.66781,-1.85628
33,9462,10,468.76,42.66783,-1.8564
33,9463,10,467.97,42.66785,-1.85651
33,9464,10,467.4,42.66788,-1.85663
33,9465,10,466.84,42.6679,-1.85675
33,9466,10,466.69,42.66792,-1.85687
33,9467,10,466.85,42.66795,-1.85699
33,9468,10,467.08,42.66798,-1.8571
33,9469,10,467.67,42.66801,-1.85721
33,9470,10,468.31,42.66804,-1.85733
33,9471,10,469.21,42.66808,-1.85744
33,9472,10,470.34,42.66812,-1.85755
33,9473,10,472.03,42.66817,-1.85765
33,9474,10,473.06,42.66821,-1.85776
33,9475,10,474.43,42.66828,-1.85784
33,9476,10,475.9,42.66834,-1.85793
33,9477,10,476.31,42.6684,-1.85802
33,9478,10,476.5,42.66845,-1.85812
33,9479,10,476.44,42.66851,-1.85822
33,9480,10,476.16,42.66856,-1.85832
33,9481,10,475.51,42.66861,-1.85842
33,9482,10,474.8,42.66866,-1.85851
33,9483,10,474.29,42.66872,-1.85861
33,9484,10,473.54,42.66878,-1.8587
33,9485,10,472.92,42.66884,-1.85878
33,9486,10,472.71,42.66886,-1.85889
33,9487,10,472.17,42.66885,-1.85902
33,9488,10,471.42,42.66889,-1.85911
33,9489,10,470.67,42.66896,-1.85919
33,9490,10,470.27,42.66903,-1.85926
33,9491,10,469.36,42.66905,-1.85938
33,9492,10,468.53,42.66907,-1.8595
33,9493,10,468.1,42.66913,-1.85959
33,9494,10,467.67,42.66918,-1.85969
33,9495,10,466.96,42.66921,-1.8598
33,9496,10,465.79,42.66921,-1.85992
33,9497,10,464.26,42.66921,-1.86005
33,9498,10,463.31,42.66921,-1.86017
33,9499,10,462.76,42.66919,-1.86029
33,9500,10,461.83,42.66917,-1.86041
33,9501,10,461.09,42.66915,-1.86053
33,9502,10,460.89,42.66914,-1.86065
33,9503,10,460.17,42.66915,-1.86077
33,9504,10,459.19,42.66915,-1.86089
33,9505,10,458.26,42.66915,-1.86101
33,9506,10,457.74,42.66916,-1.86113
33,9507,10,457.21,42.66916,-1.86126
33,9508,10,456.6,42.66917,-1.86138
33,9509,10,455.22,42.66917,-1.8615
33,9510,10,454.92,42.66914,-1.86161
33,9511,10,454.66,42.6691,-1.86172
33,9512,10,454.28,42.66905,-1.86183
34,9513,10,451.58,42.66893,-1.86244
34,9514,10,451.9,42.66889,-1.86255
34,9515,10,452.85,42.6689,-1.86267
34,9516,10,453.15,42.66891,-1.86279
34,9517,10,452.91,42.66892,-1.86291
34,9518,10,453.04,42.66892,-1.86304
34,9519,10,453.13,42.66892,-1.86316
34,9520,10,452.97,42.66891,-1.86328
34,9521,10,452.27,42.66889,-1.8634
34,9522,10,451.75,42.66891,-1.86352
34,9523,10,452.37,42.66893,-1.86363
34,9524,10,453.51,42.66895,-1.86375
34,9525,10,453.83,42.66886,-1.86379
34,9526,10,453.37,42.66878,-1.86383
34,9527,10,452.35,42.6687,-1.86388
34,9528,10,451.71,42.66871,-1.864
34,9529,10,451.96,42.66871,-1.86412
34,9530,10,452.02,42.66871,-1.86425
34,9531,10,451.5,42.66872,-1.86437
34,9532,10,451.54,42.66872,-1.86449
34,9533,10,451.61,42.66873,-1.86461
34,9534,10,451.49,42.66873,-1.86473
34,9535,10,451.59,42.66874,-1.86485
34,9536,10,451.42,42.66874,-1.86498
34,9537,10,451.56,42.66875,-1.8651
34,9538,10,451.59,42.66875,-1.86522
34,9539,10,451.66,42.66876,-1.86534
34,9540,10,451.29,42.66876,-1.86546
34,9541,10,451.31,42.66878,-1.86558
34,9542,10,451.5,42.6688,-1.8657
34,9543,10,451.81,42.66881,-1.86582
34,9544,10,452.22,42.66883,-1.86594
34,9545,10,452.36,42.66884,-1.86606
34,9546,10,452.65,42.66886,-1.86618
34,9547,10,453.18,42.66888,-1.8663
34,9548,10,453.54,42.66889,-1.86642
34,9549,10,454.12,42.66891,-1.86654
34,9550,10,454.7,42.66892,-1.86666
34,9551,10,455.38,42.66894,-1.86678
34,9552,10,456.29,42.66895,-1.86691
34,9553,10,457.02,42.66897,-1.86703
34,9554,10,457.79,42.66899,-1.86715
34,9555,10,458.12,42.669,-1.86727
34,9556,10,459.19,42.66902,-1.86739
34,9557,10,460.01,42.66905,-1.8675
34,9558,10,460.03,42.66907,-1.86762
34,9559,10,460.06,42.6691,-1.86773
34,9560,10,459.36,42.66913,-1.86785
34,9561,10,458.73,42.66916,-1.86796
34,9562,10,457.48,42.66919,-1.86808
34,9563,10,456.3,42.66922,-1.86819
34,9564,10,455.25,42.66925,-1.86831
34,9565,10,454.54,42.66928,-1.86843
34,9566,10,454.28,42.66931,-1.86854
34,9567,10,453.85,42.66934,-1.86866
34,9568,10,453.49,42.66937,-1.86877
34,9569,10,453.54,42.66939,-1.86889
34,9570,10,453.77,42.66942,-1.869
34,9571,10,453.86,42.66942,-1.86913
34,9572,10,454.45,42.66942,-1.86925
34,9573,10,455.19,42.66943,-1.86937
34,9574,10,455.86,42.66943,-1.86949
34,9575,10,456.21,42.66942,-1.86961
34,9576,10,456.18,42.66939,-1.86973
34,9577,10,455.56,42.66936,-1.86984
34,9578,10,454.89,42.66934,-1.86996
34,9579,10,454.8,42.66934,-1.87008
34,9580,10,455.49,42.66938,-1.87019
34,9581,10,455.5,42.66941,-1.8703
34,9582,10,455.59,42.66945,-1.87041
34,9583,10,455.2,42.66949,-1.87052
34,9584,10,454.77,42.66953,-1.87064
34,9585,10,454.39,42.66957,-1.87075
34,9586,10,454.07,42.66961,-1.87086
34,9587,10,453.93,42.66964,-1.87097
34,9588,10,453.8,42.66968,-1.87108
34,9589,10,453.43,42.66972,-1.87119
34,9590,10,452.8,42.66976,-1.8713
34,9591,10,452.65,42.66981,-1.87139
34,9592,10,452.58,42.66987,-1.87148
34,9593,10,452.47,42.66993,-1.87157
34,9594,10,452.72,42.66999,-1.87167
34,9595,10,452.51,42.67001,-1.87179
34,9596,10,452.81,42.67003,-1.87191
34,9597,10,453.24,42.67006,-1.87202
34,9598,10,453.31,42.67008,-1.87214
34,9599,10,453.56,42.6701,-1.87226
34,9600,10,453.75,42.67013,-1.87238
34,9601,10,453.69,42.67015,-1.87249
34,9602,10,453.85,42.67018,-1.87261
34,9603,10,453.71,42.6702,-1.87273
34,9604,10,453.61,42.67022,-1.87285
34,9605,10,453.69,42.67025,-1.87297
34,9606,10,453.68,42.67029,-1.87307
34,9607,10,453.56,42.67034,-1.87317
34,9608,10,453.12,42.6704,-1.87326
34,9609,10,452.52,42.67045,-1.87336
34,9610,10,452.26,42.67051,-1.87346
34,9611,10,451.94,42.67054,-1.87356
34,9612,10,451.63,42.67057,-1.87368
34,9613,10,451.32,42.67059,-1.8738
34,9614,10,451.22,42.67061,-1.87392
34,9615,10,450.67,42.67064,-1.87404
34,9616,10,450.15,42.67066,-1.87415
34,9617,10,449.28,42.67069,-1.87427
34,9618,10,448.44,42.67072,-1.87438
34,9619,10,447.93,42.67075,-1.8745
34,9620,10,447.39,42.67078,-1.87461
34,9621,10,446.64,42.67081,-1.87473
34,9622,10,446.05,42.67084,-1.87484
34,9623,10,445.78,42.67086,-1.87496
34,9624,10,445.73,42.67088,-1.87508
34,9625,10,445.61,42.67089,-1.8752
34,9626,10,445.27,42.67091,-1.87532
34,9627,10,445.24,42.67092,-1.87544
34,9628,10,445.26,42.67094,-1.87556
34,9629,10,445.26,42.67095,-1.87568
34,9630,10,445.25,42.67097,-1.8758
34,9631,10,445.3,42.671,-1.87592
34,9632,10,445.44,42.67104,-1.87603
34,9633,10,445.71,42.67107,-1.87615
34,9634,10,446.3,42.6711,-1.87626
34,9635,10,446.51,42.67113,-1.87637
34,9636,10,446.15,42.67116,-1.87649
34,9637,10,446.08,42.67119,-1.8766
34,9638,10,446.39,42.67123,-1.87672
34,9639,10,446.33,42.67122,-1.87684
34,9640,10,446.34,42.67121,-1.87696
34,9641,10,446.3,42.67118,-1.87707
34,9642,10,446.29,42.67114,-1.87718
34,9643,10,446.65,42.67111,-1.8773
34,9644,10,446.64,42.67108,-1.87741
34,9645,10,446.42,42.67104,-1.87752
34,9646,10,446.0,42.67101,-1.87764
34,9647,10,445.6,42.67098,-1.87775
34,9648,10,445.11,42.67096,-1.87787
34,9649,10,444.69,42.67095,-1.87799
34,9650,10,444.47,42.67095,-1.87811
34,9651,10,444.24,42.67097,-1.87823
34,9652,10,443.65,42.67099,-1.87835
34,9653,10,442.66,42.67101,-1.87847
34,9654,10,441.71,42.67103,-1.87859
34,9655,10,440.29,42.67104,-1.87871
34,9656,10,439.57,42.67106,-1.87883
34,9657,10,438.97,42.67108,-1.87895
34,9658,10,438.71,42.6711,-1.87906
34,9659,10,438.52,42.67112,-1.87918
34,9660,10,438.47,42.67114,-1.8793
34,9661,10,438.36,42.67116,-1.87942
34,9662,10,438.3,42.67118,-1.87954
34,9663,10,438.72,42.67123,-1.87964
34,9664,10,438.67,42.67128,-1.87975
34,9665,10,438.72,42.67133,-1.87985
34,9666,10,439.05,42.67138,-1.87995
34,9667,10,439.37,42.67144,-1.88004
34,9668,10,439.56,42.6715,-1.88013
34,9669,10,440.02,42.67156,-1.88022
34,9670,10,440.82,42.67162,-1.88031
34,9671,10,441.09,42.67168,-1.88041
34,9672,10,441.11,42.67173,-1.8805
34,9673,10,441.23,42.67178,-1.8806
34,9674,10,441.53,42.67183,-1.8807
34,9675,10,441.58,42.67188,-1.8808
34,9676,10,441.76,42.67193,-1.8809
34,9677,10,442.03,42.67198,-1.88101
34,9678,10,442.32,42.67204,-1.8811
34,9679,10,442.5,42.67211,-1.88117
34,9680,10,442.75,42.67219,-1.88125
34,9681,10,442.96,42.67226,-1.88132
34,9682,10,443.16,42.67233,-1.8814
34,9683,10,443.52,42.67239,-1.88148
34,9684,10,443.84,42.67246,-1.88157
34,9685,10,444.07,42.67252,-1.88165
34,9686,10,444.32,42.67258,-1.88174
34,9687,10,444.57,42.67264,-1.88183
34,9688,10,445.02,42.67271,-1.88192
34,9689,10,445.0,42.67277,-1.882
34,9690,10,445.38,42.67283,-1.88209
34,9691,10,446.16,42.67289,-1.88218
34,9692,10,446.68,42.67296,-1.88227
34,9693,10,446.81,42.67302,-1.88235
34,9694,10,447.02,42.67309,-1.88243
34,9695,10,447.59,42.67316,-1.88252
34,9696,10,448.37,42.67322,-1.8826
34,9697,10,448.72,42.67329,-1.88268
34,9698,10,449.17,42.67336,-1.88276
34,9699,10,449.63,42.67343,-1.88283
34,9700,10,450.24,42.6735,-1.8829
34,9701,10,450.48,42.67358,-1.88297
34,9702,10,450.66,42.67365,-1.88304
34,9703,10,451.37,42.67372,-1.88312
34,9704,10,451.5,42.6738,-1.88319
34,9705,10,452.03,42.67387,-1.88326
34,9706,10,452.2,42.67392,-1.88336
34,9707,10,452.49,42.67398,-1.88345
34,9708,10,453.04,42.67404,-1.88354
34,9709,10,453.45,42.6741,-1.88364
34,9710,10,453.87,42.67415,-1.88373
34,9711,10,454.14,42.67419,-1.88385
34,9712,10,454.27,42.67422,-1.88396
34,9713,10,454.9,42.67426,-1.88407
34,9714,10,455.35,42.67429,-1.88418
34,9715,10,456.23,42.67433,-1.8843
34,9716,10,457.03,42.67436,-1.88441
34,9717,10,458.22,42.6744,-1.88452
34,9718,10,459.1,42.67443,-1.88463
34,9719,10,460.08,42.67448,-1.88473
34,9720,10,461.17,42.67454,-1.88483
34,9721,10,462.15,42.67459,-1.88493
34,9722,10,462.86,42.67464,-1.88503
34,9723,10,463.61,42.67469,-1.88513
34,9724,10,464.74,42.67474,-1.88523
34,9725,10,465.58,42.67478,-1.88534
34,9726,10,466.12,42.67482,-1.88545
34,9727,10,466.47,42.67485,-1.88556
34,9728,10,466.9,42.67488,-1.88568
34,9729,10,467.12,42.6749,-1.8858
34,9730,10,467.2,42.67493,-1.88592
34,9731,10,467.21,42.67495,-1.88603
34,9732,10,467.56,42.67498,-1.88615
34,9733,10,467.88,42.675,-1.88627
34,9734,10,468.1,42.67502,-1.88639
34,9735,10,468.35,42.67505,-1.8865
34,9736,10,468.93,42.67507,-1.88662
34,9737,10,469.07,42.6751,-1.88674
34,9738,10,469.05,42.67512,-1.88686
34,9739,10,469.07,42.67514,-1.88697
34,9740,10,469.06,42.67517,-1.88709
34,9741,10,469.0,42.67519,-1.88721
34,9742,10,468.93,42.67522,-1.88733
34,9743,10,468.77,42.67524,-1.88744
34,9744,10,468.57,42.67527,-1.88756
34,9745,10,468.45,42.67529,-1.88768
34,9746,10,468.25,42.67532,-1.88779
34,9747,10,467.98,42.67537,-1.8879
34,9748,10,468.24,42.67541,-1.88801
34,9749,10,468.42,42.67545,-1.88812
34,9750,10,468.41,42.67549,-1.88822
34,9751,10,468.4,42.67553,-1.88833
34,9752,10,468.28,42.67557,-1.88844
34,9753,10,468.18,42.67559,-1.88856
34,9754,10,468.71,42.6756,-1.88868
34,9755,10,468.32,42.67561,-1.8888
34,9756,10,468.09,42.67562,-1.88892
34,9757,10,468.61,42.67562,-1.88903
34,9758,10,469.45,42.67568,-1.88912
34,9759,10,469.97,42.67565,-1.88924
34,9760,10,470.38,42.67569,-1.88929
34,9761,10,470.89,42.67578,-1.88931
34,9762,10,471.26,42.67586,-1.88936
34,9763,10,471.9,42.67585,-1.88948
34,9764,10,473.06,42.67583,-1.8896
34,9765,10,473.01,42.6759,-1.88967
34,9766,10,472.95,42.67598,-1.88972
34,9767,10,475.99,42.67598,-1.88984
34,9768,10,477.44,42.67598,-1.88996
34,9769,10,478.56,42.67597,-1.89008
34,9770,10,479.65,42.67597,-1.89021
34,9771,10,481.68,42.67597,-1.89033
34,9772,10,482.79,42.67603,-1.89038
34,9773,10,484.96,42.67602,-1.89049
34,9774,10,486.93,42.67599,-1.89061
34,9775,10,488.56,42.67596,-1.89072
34,9776,10,490.28,42.67593,-1.89084
34,9777,10,491.53,42.67588,-1.89093
34,9778,10,493.13,42.67582,-1.89103
34,9779,10,494.61,42.67576,-1.89112
35,9780,10,494.87,42.67562,-1.89116
35,9781,10,493.93,42.67553,-1.89117
35,9782,10,492.49,42.67544,-1.89118
35,9783,10,492.0,42.67539,-1.89128
35,9784,10,491.52,42.67534,-1.89139
35,9785,10,491.21,42.6753,-1.89149
35,9786,10,490.18,42.67522,-1.8915
35,9787,10,488.89,42.67514,-1.8915
35,9788,10,489.33,42.67512,-1.89161
35,9789,10,490.75,42.67517,-1.89171
35,9790,10,490.11,42.67521,-1.89182
35,9791,10,488.28,42.67525,-1.89193
35,9792,10,486.9,42.67529,-1.89204
35,9793,10,486.33,42.67532,-1.89216
35,9794,10,486.57,42.67535,-1.89227
35,9795,10,486.34,42.67537,-1.89239
35,9796,10,484.73,42.67535,-1.8925
35,9797,10,482.11,42.67531,-1.89261
35,9798,10,479.28,42.67527,-1.89272
35,9799,10,478.4,42.67528,-1.89284
35,9800,10,478.02,42.67529,-1.89296
35,9801,10,477.82,42.67533,-1.89307
35,9802,10,476.89,42.67539,-1.89316
35,9803,10,474.77,42.67545,-1.89325
35,9804,10,473.29,42.67551,-1.89335
35,9805,10,472.23,42.67557,-1.89344
35,9806,10,470.84,42.67563,-1.89353
35,9807,10,469.51,42.67568,-1.89362
35,9808,10,467.93,42.67574,-1.89371
35,9809,10,466.28,42.6758,-1.8938
35,9810,10,465.28,42.67586,-1.89389
35,9811,10,464.17,42.67593,-1.89398
35,9812,10,462.53,42.676,-1.89406
35,9813,10,460.88,42.67607,-1.89414
35,9814,10,460.17,42.67614,-1.89419
35,9815,10,459.0,42.67623,-1.89425
35,9816,10,457.59,42.67631,-1.89431
35,9817,10,456.39,42.67639,-1.89436
35,9818,10,454.74,42.67647,-1.89442
35,9819,10,453.84,42.67655,-1.89447
35,9820,10,453.31,42.67663,-1.89453
35,9821,10,452.95,42.67671,-1.89458
35,9822,10,451.17,42.67679,-1.89464
35,9823,10,448.35,42.67687,-1.89469
35,9824,10,445.85,42.67694,-1.89475
35,9825,10,443.38,42.67702,-1.89482
35,9826,10,441.51,42.6771,-1.89488
35,9827,10,439.83,42.67718,-1.89494
35,9828,10,439.51,42.67725,-1.89501
35,9829,10,441.58,42.67733,-1.89507
35,9830,10,444.57,42.67741,-1.89513
35,9831,10,446.74,42.67748,-1.8952
35,9832,10,448.6,42.67755,-1.89527
35,9833,10,450.49,42.6776,-1.89537
35,9834,10,452.37,42.67766,-1.89547
35,9835,10,452.84,42.67766,-1.89559
35,9836,10,452.97,42.67762,-1.89569
35,9837,10,452.97,42.67753,-1.89569
35,9838,10,453.14,42.67745,-1.89571
35,9839,10,453.96,42.67736,-1.89575
35,9840,10,454.3,42.67728,-1.8958
35,9841,10,454.7,42.67722,-1.89589
35,9842,10,455.24,42.67718,-1.89599
35,9843,10,455.63,42.67715,-1.89611
35,9844,10,456.48,42.67716,-1.89623
35,9845,10,456.79,42.67717,-1.89635
35,9846,10,457.34,42.67721,-1.89646
35,9847,10,458.39,42.67726,-1.89655
35,9848,10,458.6,42.67734,-1.8966
35,9849,10,457.62,42.67743,-1.89664
35,9850,10,455.2,42.67751,-1.89668
35,9851,10,453.72,42.6776,-1.89672
35,9852,10,452.22,42.67769,-1.89675
35,9853,10,451.56,42.67777,-1.89679
35,9854,10,451.75,42.67786,-1.89683
35,9855,10,453.13,42.67794,-1.89686
35,9856,10,458.74,42.67803,-1.8969
35,9857,10,460.94,42.67811,-1.89694
35,9858,10,461.51,42.67817,-1.89703
35,9859,10,461.26,42.67817,-1.89715
35,9860,10,460.99,42.67816,-1.89727
35,9861,10,460.68,42.67813,-1.89738
35,9862,10,459.29,42.67807,-1.89748
35,9863,10,457.97,42.67802,-1.89758
35,9864,10,456.89,42.67797,-1.89768
35,9865,10,455.8,42.67792,-1.89777
35,9866,10,454.89,42.67787,-1.89788
35,9867,10,454.37,42.67784,-1.89799
35,9868,10,453.75,42.67781,-1.89811
35,9869,10,453.78,42.6778,-1.89823
35,9870,10,454.04,42.67779,-1.89835
35,9871,10,454.58,42.67778,-1.89847
35,9872,10,454.96,42.67778,-1.89859
35,9873,10,454.92,42.67777,-1.89872
35,9874,10,454.98,42.67776,-1.89884
35,9875,10,455.47,42.67775,-1.89896
35,9876,10,456.34,42.67776,-1.89908
35,9877,10,457.52,42.67778,-1.8992
35,9878,10,458.72,42.6778,-1.89932
35,9879,10,459.98,42.67782,-1.89944
35,9880,10,460.4,42.67782,-1.89956
35,9881,10,460.62,42.67783,-1.89968
35,9882,10,460.55,42.67783,-1.8998
35,9883,10,460.35,42.67783,-1.89992
35,9884,10,460.01,42.67784,-1.90005
35,9885,10,459.36,42.67784,-1.90017
35,9886,10,458.52,42.67784,-1.90029
35,9887,10,458.06,42.67784,-1.90041
35,9888,10,457.61,42.67785,-1.90053
35,9889,10,456.8,42.67786,-1.90065
35,9890,10,456.3,42.67788,-1.90077
35,9891,10,455.71,42.6779,-1.90089
35,9892,10,455.55,42.67792,-1.90101
35,9893,10,455.03,42.67794,-1.90113
35,9894,10,454.88,42.67796,-1.90125
35,9895,10,454.25,42.67798,-1.90137
35,9896,10,453.69,42.678,-1.90149
35,9897,10,453.65,42.67802,-1.90161
35,9898,10,453.5,42.67804,-1.90172
35,9899,10,452.94,42.67806,-1.90184
35,9900,10,452.44,42.67808,-1.90196
35,9901,10,451.87,42.6781,-1.90208
35,9902,10,451.46,42.67812,-1.9022
35,9903,10,450.63,42.67814,-1.90232
35,9904,10,449.85,42.67816,-1.90244
35,9905,10,449.27,42.67818,-1.90256
35,9906,10,448.55,42.6782,-1.90268
35,9907,10,447.83,42.67821,-1.9028
35,9908,10,447.38,42.67821,-1.90292
35,9909,10,446.9,42.67821,-1.90304
35,9910,10,446.39,42.67821,-1.90316
35,9911,10,445.37,42.67822,-1.90328
35,9912,10,444.22,42.67822,-1.90341
35,9913,10,442.92,42.67822,-1.90353
35,9914,10,441.93,42.67822,-1.90365
35,9915,10,441.25,42.67824,-1.90377
35,9916,10,440.57,42.67825,-1.90389
35,9917,10,440.22,42.67827,-1.90401
35,9918,10,439.14,42.67828,-1.90413
35,9919,10,438.14,42.6783,-1.90425
35,9920,10,437.6,42.67833,-1.90436
35,9921,10,437.14,42.67837,-1.90447
35,9922,10,436.23,42.67841,-1.90458
35,9923,10,435.65,42.67845,-1.90469
35,9924,10,435.14,42.6785,-1.90479
35,9925,10,434.39,42.67856,-1.90489
35,9926,10,433.63,42.67862,-1.90498
35,9927,10,433.31,42.67868,-1.90507
35,9928,10,432.72,42.67873,-1.90517
35,9929,10,432.23,42.67879,-1.90526
35,9930,10,431.23,42.67885,-1.90536
35,9931,10,430.4,42.6789,-1.90545
35,9932,10,429.59,42.67896,-1.90555
35,9933,10,429.41,42.67902,-1.90564
35,9934,10,429.1,42.67908,-1.90573
35,9935,10,428.08,42.67913,-1.90583
35,9936,10,427.34,42.67918,-1.90594
35,9937,10,426.78,42.67922,-1.90604
35,9938,10,426.26,42.67925,-1.90615
35,9939,10,425.34,42.67926,-1.90628
35,9940,10,424.76,42.67927,-1.9064
35,9941,10,424.15,42.67926,-1.90652
35,9942,10,423.51,42.67925,-1.90664
35,9943,10,422.92,42.67923,-1.90676
35,9944,10,422.64,42.67922,-1.90688
35,9945,10,422.23,42.6792,-1.907
35,9946,10,421.9,42.67921,-1.90712
35,9947,10,422.39,42.67924,-1.90724
35,9948,10,422.75,42.67926,-1.90736
35,9949,10,423.78,42.67928,-1.90748
35,9950,10,424.8,42.67926,-1.90759
35,9951,10,426.09,42.67923,-1.90771
35,9952,10,427.89,42.6792,-1.90783
35,9953,10,429.98,42.67918,-1.90794
35,9954,10,431.21,42.67916,-1.90806
35,9955,10,432.98,42.67915,-1.90818
35,9956,10,434.48,42.67914,-1.9083
35,9957,10,436.5,42.67912,-1.90843
35,9958,10,438.48,42.67911,-1.90855
35,9959,10,439.71,42.6791,-1.90867
35,9960,10,440.33,42.67909,-1.90879
35,9961,10,441.46,42.6791,-1.90891
35,9962,10,442.31,42.67911,-1.90903
35,9963,10,442.75,42.67912,-1.90915
35,9964,10,443.0,42.67913,-1.90927
35,9965,10,443.18,42.67914,-1.9094
35,9966,10,443.34,42.67915,-1.90952
35,9967,10,443.52,42.67916,-1.90964
35,9968,10,443.76,42.67918,-1.90976
35,9969,10,444.06,42.6792,-1.90988
35,9970,10,444.23,42.67922,-1.91
35,9971,10,444.4,42.67924,-1.91011
35,9972,10,444.52,42.67926,-1.91023
35,9973,10,444.65,42.67928,-1.91035
35,9974,10,444.76,42.67929,-1.91047
35,9975,10,444.77,42.67929,-1.9106
35,9976,10,444.89,42.6793,-1.91072
35,9977,10,444.85,42.6793,-1.91084
35,9978,10,445.21,42.67931,-1.91096
35,9979,10,445.61,42.6793,-1.91108
35,9980,10,445.73,42.67928,-1.9112
35,9981,10,445.8,42.67927,-1.91132
35,9982,10,446.04,42.67925,-1.91144
35,9983,10,446.23,42.67924,-1.91156
35,9984,10,446.37,42.67922,-1.91168
35,9985,10,446.43,42.67922,-1.91181
35,9986,10,446.39,42.67921,-1.91193
35,9987,10,446.48,42.67921,-1.91205
35,9988,10,446.43,42.6792,-1.91217
35,9989,10,446.43,42.6792,-1.91229
35,9990,10,445.95,42.67919,-1.91241
35,9991,10,444.93,42.67919,-1.91254
35,9992,10,443.87,42.67922,-1.91265
35,9993,10,442.47,42.67927,-1.91275
35,9994,10,441.47,42.67933,-1.91285
35,9995,10,440.24,42.67938,-1.91295
35,9996,10,439.34,42.67943,-1.91304
35,9997,10,438.75,42.67949,-1.91314
35,9998,10,438.5,42.67952,-1.91325
35,9999,10,437.77,42.67954,-1.91337
35,10000,10,436.62,42.67956,-1.91349
35,10001,10,435.96,42.67959,-1.91361
35,10002,10,435.29,42.67961,-1.91373
35,10003,10,434.67,42.67963,-1.91384
35,10004,10,434.27,42.67966,-1.91396
35,10005,10,433.95,42.67968,-1.91408
35,10006,10,433.79,42.6797,-1.9142
35,10007,10,433.35,42.6797,-1.91432
35,10008,10,433.09,42.67971,-1.91444
35,10009,10,432.58,42.6797,-1.91456
35,10010,10,432.06,42.67969,-1.91468
35,10011,10,431.17,42.67967,-1.9148
35,10012,10,430.41,42.67966,-1.91492
35,10013,10,429.15,42.67964,-1.91504
35,10014,10,428.02,42.67963,-1.91517
35,10015,10,427.2,42.67961,-1.91529
35,10016,10,426.69,42.6796,-1.91541
35,10017,10,426.27,42.67958,-1.91553
35,10018,10,425.89,42.67957,-1.91565
35,10019,10,425.75,42.67956,-1.91577
35,10020,10,425.7,42.67954,-1.91589
35,10021,10,425.59,42.67953,-1.91601
35,10022,10,425.48,42.67951,-1.91613
35,10023,10,426.03,42.67948,-1.91624
35,10024,10,426.9,42.67944,-1.91635
35,10025,10,427.05,42.67937,-1.91643
35,10026,10,427.98,42.67931,-1.91651
35,10027,10,429.18,42.67924,-1.91659
35,10028,10,430.07,42.67917,-1.91667
35,10029,10,432.05,42.67913,-1.91678
35,10030,10,432.86,42.67909,-1.91689
35,10031,10,433.75,42.67907,-1.917
35,10032,10,434.5,42.67908,-1.91713
35,10033,10,435.15,42.67909,-1.91725
35,10034,10,435.58,42.6791,-1.91737
35,10035,10,435.65,42.6791,-1.91749
35,10036,10,435.59,42.67911,-1.91761
35,10037,10,435.62,42.67912,-1.91773
35,10038,10,435.6,42.67913,-1.91785
35,10039,10,434.74,42.67915,-1.91797
35,10040,10,434.25,42.67917,-1.91809
35,10041,10,434.22,42.67919,-1.91821
35,10042,10,433.6,42.67921,-1.91833
35,10043,10,432.59,42.67923,-1.91845
35,10044,10,432.91,42.6792,-1.91857
35,10045,10,432.53,42.67918,-1.91868
35,10046,10,431.67,42.67916,-1.9188
35,10047,10,430.44,42.67914,-1.91892
35,10048,10,429.61,42.67911,-1.91904
35,10049,10,428.33,42.67909,-1.91916
35,10050,10,427.81,42.67904,-1.91926
35,10051,10,427.75,42.67898,-1.91935
35,10052,10,427.83,42.67892,-1.91944
35,10053,10,427.78,42.67886,-1.91952
35,10054,10,426.69,42.6788,-1.91961
35,10055,10,425.09,42.67874,-1.9197
35,10056,10,423.26,42.67867,-1.91979
35,10057,10,421.84,42.6786,-1.91985
35,10058,10,419.7,42.67852,-1.91991
35,10059,10,417.31,42.67844,-1.91996
35,10060,10,415.52,42.67836,-1.92002
35,10061,10,413.82,42.67828,-1.92008
35,10062,10,412.0,42.67824,-1.92019
35,10063,10,410.38,42.6782,-1.9203
35,10064,10,409.44,42.6782,-1.9204
35,10065,10,408.39,42.67826,-1.9205
35,10066,10,407.57,42.67832,-1.92059
35,10067,10,406.72,42.67837,-1.92069
35,10068,10,405.48,42.67843,-1.92078
35,10069,10,404.34,42.67849,-1.92088
35,10070,10,403.85,42.67854,-1.92097
35,10071,10,403.16,42.6786,-1.92107
35,10072,10,402.15,42.67865,-1.92117
35,10073,10,401.48,42.67871,-1.92126
35,10074,10,400.38,42.67877,-1.92136
35,10075,10,399.8,42.67883,-1.92144
35,10076,10,400.79,42.6789,-1.92151
35,10077,10,401.46,42.67898,-1.92157
35,10078,10,401.67,42.67907,-1.92161
35,10079,10,402.24,42.67916,-1.92162
35,10080,10,402.62,42.67924,-1.92163
35,10081,10,403.05,42.67931,-1.92169
35,10082,10,402.88,42.67933,-1.9218
35,10083,10,402.42,42.67935,-1.92192
35,10084,10,402.17,42.67937,-1.92204
35,10085,10,401.77,42.67939,-1.92216
35,10086,10,401.31,42.67941,-1.92228
35,10087,10,400.86,42.67943,-1.9224
35,10088,10,400.6,42.67945,-1.92252
35,10089,10,400.59,42.67947,-1.92264
35,10090,10,400.11,42.67949,-1.92276
35,10091,10,399.34,42.67951,-1.92288
35,10092,10,398.94,42.67953,-1.92299
35,10093,10,398.24,42.67955,-1.92311
35,10094,10,397.58,42.67957,-1.92323
35,10095,10,396.75,42.67959,-1.92335
35,10096,10,395.87,42.67962,-1.92347
35,10097,10,395.15,42.67965,-1.92358
35,10098,10,394.03,42.67967,-1.9237
35,10099,10,392.9,42.6797,-1.92382
35,10100,10,391.98,42.67971,-1.92394
35,10101,10,391.16,42.67972,-1.92406
35,10102,10,390.23,42.67973,-1.92418
35,10103,10,389.67,42.67974,-1.9243
35,10104,10,389.28,42.67975,-1.92442
35,10105,10,388.73,42.67977,-1.92454
35,10106,10,388.09,42.67978,-1.92466
35,10107,10,387.49,42.67979,-1.92478
35,10108,10,387.13,42.6798,-1.92491
35,10109,10,386.68,42.67981,-1.92503
35,10110,10,386.25,42.67982,-1.92515
35,10111,10,385.68,42.67983,-1.92527
35,10112,10,385.4,42.67984,-1.92539
35,10113,10,385.2,42.67985,-1.92551
35,10114,10,384.77,42.67987,-1.92563
35,10115,10,384.67,42.67988,-1.92575
35,10116,10,384.45,42.67989,-1.92587
35,10117,10,384.23,42.6799,-1.926
35,10118,10,383.86,42.67991,-1.92612
35,10119,10,383.58,42.67992,-1.92624
35,10120,10,383.61,42.67993,-1.92636
35,10121,10,383.6,42.67994,-1.92648
35,10122,10,383.59,42.67996,-1.9266
35,10123,10,383.57,42.67997,-1.92672
35,10124,10,383.56,42.67998,-1.92684
35,10125,10,383.58,42.67999,-1.92696
35,10126,10,383.53,42.67996,-1.92708
35,10127,10,383.59,42.67994,-1.92719
35,10128,10,383.67,42.67995,-1.92732
35,10129,10,383.62,42.67996,-1.92744
35,10130,10,383.42,42.67996,-1.92756
35,10131,10,383.38,42.67997,-1.92768
35,10132,10,383.29,42.67997,-1.9278
35,10133,10,383.28,42.67998,-1.92792
35,10134,10,383.3,42.67998,-1.92805
35,10135,10,383.15,42.67999,-1.92817
35,10136,10,382.95,42.67996,-1.92828
35,10137,10,382.99,42.67993,-1.9284
35,10138,10,383.87,42.67987,-1.92848
35,10139,10,385.09,42.6798,-1.92855
35,10140,10,385.43,42.67971,-1.92855
35,10141,10,385.17,42.67962,-1.92854
35,10142,10,384.81,42.67953,-1.92854
35,10143,10,384.32,42.67944,-1.92854
35,10144,10,383.97,42.67937,-1.92862
35,10145,10,383.8,42.67931,-1.9287
35,10146,10,383.93,42.67929,-1.92882
35,10147,10,383.65,42.67926,-1.92893
35,10148,10,383.7,42.67922,-1.92904
35,10149,10,384.23,42.67917,-1.92915
35,10150,10,384.35,42.67913,-1.92925
35,10151,10,384.5,42.6791,-1.92937
35,10152,10,384.87,42.67908,-1.92949
35,10153,10,385.14,42.67906,-1.9296
35,10154,10,385.24,42.67903,-1.92972
35,10155,10,385.4,42.67901,-1.92984
35,10156,10,385.73,42.67899,-1.92996
35,10157,10,385.96,42.67897,-1.93008
35,10158,10,386.06,42.67896,-1.9302
35,10159,10,385.85,42.67894,-1.93032
35,10160,10,385.7,42.67893,-1.93044
35,10161,10,385.62,42.67891,-1.93056
35,10162,10,385.98,42.6789,-1.93068
35,10163,10,386.43,42.67888,-1.9308
35,10164,10,386.63,42.67894,-1.9309
35,10165,10,386.84,42.67899,-1.93099
35,10166,10,387.65,42.67905,-1.93109
35,10167,10,387.47,42.67905,-1.93118
35,10168,10,387.28,42.67901,-1.93127
35,10169,10,387.24,42.67907,-1.93136
35,10170,10,387.44,42.67913,-1.93145
35,10171,10,387.87,42.67919,-1.93154
35,10172,10,388.16,42.67925,-1.93163
35,10173,10,388.78,42.67932,-1.93171
35,10174,10,388.8,42.67938,-1.93179
35,10175,10,388.69,42.67945,-1.93187
35,10176,10,388.39,42.67952,-1.93195
35,10177,10,388.12,42.6796,-1.93202
35,10178,10,387.48,42.67967,-1.93209
35,10179,10,387.07,42.67975,-1.93216
35,10180,10,387.12,42.67982,-1.93222
35,10181,10,386.78,42.67989,-1.93229
35,10182,10,386.66,42.67997,-1.93236
35,10183,10,386.63,42.68004,-1.93243
35,10184,10,386.77,42.68012,-1.9325
35,10185,10,386.72,42.68019,-1.93257
35,10186,10,386.93,42.68027,-1.93264
35,10187,10,387.15,42.68033,-1.93272
35,10188,10,387.19,42.6804,-1.9328
35,10189,10,386.63,42.68047,-1.93288
35,10190,10,386.59,42.68052,-1.93298
35,10191,10,387.09,42.68057,-1.93308
35,10192,10,387.29,42.6806,-1.93319
35,10193,10,387.37,42.68063,-1.93331
35,10194,10,387.34,42.68065,-1.93343
35,10195,10,387.24,42.68066,-1.93355
35,10196,10,387.12,42.68066,-1.93367
35,10197,10,386.8,42.68066,-1.93379
35,10198,10,386.51,42.68067,-1.93392
35,10199,10,386.46,42.68068,-1.93404
35,10200,10,386.57,42.68069,-1.93416
35,10201,10,386.49,42.68071,-1.93428
35,10202,10,386.26,42.68072,-1.9344
35,10203,10,386.72,42.68074,-1.93452
35,10204,10,387.12,42.68075,-1.93464
35,10205,10,387.43,42.68076,-1.93476
35,10206,10,387.26,42.68078,-1.93488
35,10207,10,387.07,42.68081,-1.93499
35,10208,10,387.29,42.68084,-1.93511
35,10209,10,387.21,42.68088,-1.93522
35,10210,10,387.16,42.68091,-1.93533
35,10211,10,387.31,42.68094,-1.93545
35,10212,10,387.88,42.68098,-1.93556
35,10213,10,387.9,42.68103,-1.93566
35,10214,10,387.67,42.68108,-1.93576
35,10215,10,387.68,42.68113,-1.93586
35,10216,10,387.86,42.68119,-1.93595
35,10217,10,388.05,42.68125,-1.93604
35,10218,10,388.21,42.68131,-1.93613
35,10219,10,387.69,42.68128,-1.93625
35,10220,10,387.31,42.68125,-1.93636
35,10221,10,387.3,42.68122,-1.93648
35,10222,10,387.28,42.68117,-1.93658
35,10223,10,386.9,42.68111,-1.93667
35,10224,10,386.37,42.68105,-1.93677
35,10225,10,386.85,42.68102,-1.93688
35,10226,10,387.15,42.68099,-1.93699
35,10227,10,386.88,42.68096,-1.93711
35,10228,10,387.76,42.68091,-1.9372
35,10229,10,390.14,42.68083,-1.93723
35,10230,10,391.73,42.68074,-1.93726
35,10231,10,391.39,42.68065,-1.93728
35,10232,10,391.64,42.68056,-1.93731
35,10233,10,393.38,42.68048,-1.93736
35,10234,10,393.63,42.6804,-1.93741
35,10235,10,393.33,42.68032,-1.93746
35,10236,10,394.02,42.68023,-1.93751
35,10237,10,395.5,42.68015,-1.93756
35,10238,10,396.83,42.68007,-1.93761
35,10239,10,397.25,42.67998,-1.93763
35,10240,10,398.83,42.67989,-1.93765
35,10241,10,400.16,42.6798,-1.93767
35,10242,10,401.0,42.67972,-1.93769
35,10243,10,402.38,42.67964,-1.93774
35,10244,10,403.9,42.67956,-1.93781
35,10245,10,404.61,42.67948,-1.93787
35,10246,10,405.24,42.67941,-1.93793
35,10247,10,405.73,42.67933,-1.938
35,10248,10,406.31,42.67925,-1.93806
35,10249,10,408.64,42.67917,-1.93812
35,10250,10,410.84,42.6791,-1.93819
35,10251,10,412.04,42.67902,-1.93825
35,10252,10,413.41,42.67894,-1.93831
35,10253,10,414.26,42.67887,-1.93838
35,10254,10,416.4,42.67878,-1.93839
35,10255,10,416.98,42.67869,-1.93838
35,10256,10,416.9,42.6786,-1.93837
35,10257,10,416.85,42.67851,-1.93836
35,10258,10,416.65,42.67842,-1.93835
35,10259,10,414.74,42.67833,-1.93834
35,10260,10,412.71,42.67826,-1.93838
35,10261,10,413.68,42.67821,-1.93848
35,10262,10,414.99,42.67816,-1.93858
35,10263,10,415.81,42.67811,-1.93868
35,10264,10,416.49,42.67803,-1.93873
35,10265,10,416.25,42.67795,-1.93868
35,10266,10,415.84,42.67788,-1.9386
35,10267,10,415.21,42.6778,-1.9386
35,10268,10,414.81,42.67772,-1.93865
35,10269,10,415.01,42.67766,-1.93874
35,10270,10,414.3,42.67759,-1.93882
35,10271,10,414.12,42.67752,-1.93888
35,10272,10,414.97,42.67744,-1.93894
35,10273,10,414.6,42.67736,-1.939
35,10274,10,413.29,42.67728,-1.93906
35,10275,10,410.75,42.6772,-1.93912
35,10276,10,409.79,42.67713,-1.93919
35,10277,10,409.49,42.67707,-1.93928
35,10278,10,409.89,42.67701,-1.93937
35,10279,10,410.49,42.67695,-1.93946
35,10280,10,410.55,42.67688,-1.93954
35,10281,10,410.94,42.67682,-1.93963
35,10282,10,410.97,42.67675,-1.93971
35,10283,10,411.44,42.67668,-1.93979
35,10284,10,413.27,42.67662,-1.93987
35,10285,10,413.9,42.67655,-1.93995
35,10286,10,414.08,42.67648,-1.94003
35,10287,10,413.17,42.67641,-1.94011
35,10288,10,413.17,42.67634,-1.94017
35,10289,10,414.29,42.67626,-1.94024
35,10290,10,414.16,42.67618,-1.94031
35,10291,10,415.88,42.67603,-1.94044
35,10292,10,415.83,42.67596,-1.94051
35,10293,10,416.43,42.67588,-1.94057
35,10294,10,418.56,42.6758,-1.94062
35,10295,10,418.95,42.67572,-1.94066
35,10296,10,419.65,42.67564,-1.94072
35,10297,10,420.42,42.67556,-1.94079
35,10298,10,421.28,42.67549,-1.94086
35,10299,10,423.6,42.67546,-1.94097
35,10300,10,424.4,42.67542,-1.94109
35,10301,10,425.35,42.67539,-1.9412
35,10302,10,425.43,42.67535,-1.94131
35,10303,10,426.67,42.67532,-1.94142
35,10304,10,426.97,42.67528,-1.94153
35,10305,10,427.57,42.67524,-1.94165
35,10306,10,429.31,42.67521,-1.94176
35,10307,10,430.08,42.67517,-1.94187
35,10308,10,430.86,42.67512,-1.94197
35,10309,10,432.93,42.67507,-1.94207
35,10310,10,433.05,42.67501,-1.94216
35,10311,10,433.93,42.67496,-1.94226
35,10312,10,434.66,42.6749,-1.94236
35,10313,10,435.73,42.67485,-1.94246
35,10314,10,437.09,42.67478,-1.94254
35,10315,10,438.87,42.6747,-1.94259
35,10316,10,441.17,42.67462,-1.94265
35,10317,10,442.25,42.67455,-1.94272
35,10318,10,443.41,42.67449,-1.9428
35,10319,10,444.38,42.67442,-1.94289
35,10320,10,445.27,42.67436,-1.94297
35,10321,10,446.68,42.67429,-1.94305
35,10322,10,448.47,42.67421,-1.94312
35,10323,10,450.44,42.67414,-1.94318
35,10324,10,451.85,42.67406,-1.94325
35,10325,10,452.79,42.67399,-1.94331
35,10326,10,454.19,42.67391,-1.94338
35,10327,10,455.29,42.67383,-1.94342
35,10328,10,456.66,42.67375,-1.94348
35,10329,10,458.99,42.6737,-1.94358
35,10330,10,459.66,42.67364,-1.94368
35,10331,10,460.93,42.67359,-1.94377
35,10332,10,462.32,42.67353,-1.94387
35,10333,10,463.63,42.67348,-1.94397
35,10334,10,462.96,42.67349,-1.94393
35,10335,10,461.64,42.67353,-1.94382
35,10336,10,459.84,42.67356,-1.94371
35,10337,10,458.11,42.6736,-1.9436
35,10338,10,456.14,42.67364,-1.94349
35,10339,10,454.09,42.67368,-1.94338
35,10340,10,452.46,42.67372,-1.94327
35,10341,10,450.88,42.67376,-1.94316
35,10342,10,448.66,42.6738,-1.94305
35,10343,10,447.22,42.67384,-1.94294
35,10344,10,445.93,42.67388,-1.94283
35,10345,10,444.44,42.67392,-1.94272
35,10346,10,442.74,42.67396,-1.94261
35,10347,10,441.05,42.67399,-1.9425
35,10348,10,439.4,42.67403,-1.94239
35,10349,10,437.31,42.67407,-1.94228
35,10350,10,435.37,42.67411,-1.94217
35,10351,10,432.04,42.67415,-1.94206
35,10352,10,426.14,42.67419,-1.94195
35,10353,10,423.52,42.67423,-1.94184
35,10354,10,421.89,42.67427,-1.94173
35,10355,10,420.83,42.67431,-1.94162
35,10356,10,419.79,42.67435,-1.94151
35,10357,10,419.23,42.67439,-1.9414
35,10358,10,418.79,42.67443,-1.94129
35,10359,10,419.42,42.67446,-1.94118
35,10360,10,419.22,42.6745,-1.94107
35,10361,10,422.42,42.67454,-1.94096
35,10362,10,426.43,42.67458,-1.94085
35,10363,10,428.9,42.67462,-1.94074
35,10364,10,431.13,42.67466,-1.94063
35,10365,10,433.47,42.6747,-1.94052
35,10366,10,433.73,42.67474,-1.94041
35,10367,10,434.02,42.67478,-1.9403
35,10368,10,434.48,42.67482,-1.94019
35,10369,10,435.74,42.67486,-1.94008
35,10370,10,439.23,42.67489,-1.93997
35,10371,10,445.47,42.67493,-1.93986
35,10372,10,449.82,42.67497,-1.93975
35,10373,10,451.48,42.67501,-1.93964
35,10374,10,454.27,42.67505,-1.93953
35,10375,10,454.16,42.67509,-1.93942
35,10376,10,454.5,42.67513,-1.93931
35,10377,10,454.15,42.67517,-1.9392
35,10378,10,453.2,42.67521,-1.93909
35,10379,10,451.47,42.67525,-1.93898
35,10380,10,449.2,42.67529,-1.93887
35,10381,10,446.99,42.67533,-1.93876
35,10382,10,445.58,42.67536,-1.93865
35,10383,10,442.62,42.6754,-1.93854
35,10384,10,440.76,42.67544,-1.93843
35,10385,10,439.37,42.67548,-1.93832
35,10386,10,438.52,42.67552,-1.93821
35,10387,10,437.83,42.67556,-1.9381
35,10388,10,435.17,42.6756,-1.93799
35,10389,10,432.28,42.67564,-1.93788
35,10390,10,430.31,42.67568,-1.93777
35,10391,10,426.84,42.67572,-1.93766
35,10392,10,424.9,42.67576,-1.93755
35,10393,10,425.03,42.67579,-1.93744
35,10394,10,426.74,42.67583,-1.93733
35,10395,10,428.2,42.67587,-1.93722
35,10396,10,430.92,42.67591,-1.93711
35,10397,10,433.78,42.67595,-1.937
35,10398,10,435.2,42.67599,-1.93689
35,10399,10,435.46,42.67603,-1.93678
35,10400,10,437.3,42.67607,-1.93667
35,10401,10,439.06,42.67611,-1.93656
35,10402,10,439.05,42.67615,-1.93645
35,10403,10,438.48,42.67619,-1.93634
35,10404,10,437.93,42.67622,-1.93623
35,10405,10,438.1,42.67626,-1.93612
35,10406,10,440.26,42.6763,-1.93601
35,10407,10,444.49,42.67634,-1.9359
35,10408,10,447.35,42.67638,-1.93579
35,10409,10,448.99,42.67642,-1.93568
35,10410,10,451.59,42.67646,-1.93557
35,10411,10,453.95,42.6765,-1.93546
35,10412,10,455.28,42.67654,-1.93535
35,10413,10,455.42,42.67658,-1.93524
35,10414,10,453.69,42.67662,-1.93513
35,10415,10,451.27,42.67666,-1.93502
35,10416,10,448.84,42.67669,-1.93491
35,10417,10,444.64,42.67673,-1.9348
35,10418,10,442.75,42.67677,-1.93469
35,10419,10,441.87,42.67681,-1.93458
35,10420,10,441.69,42.67685,-1.93447
35,10421,10,442.77,42.67689,-1.93436
35,10422,10,447.33,42.67693,-1.93425
35,10423,10,453.36,42.67697,-1.93414
35,10424,10,455.77,42.67701,-1.93403
35,10425,10,456.3,42.67705,-1.93392
35,10426,10,454.28,42.67709,-1.93381
35,10427,10,452.29,42.67712,-1.9337
35,10428,10,449.96,42.67716,-1.93359
35,10429,10,447.59,42.6772,-1.93348
35,10430,10,445.63,42.67724,-1.93337
35,10431,10,443.04,42.67728,-1.93326
35,10432,10,439.25,42.67732,-1.93315
35,10433,10,431.83,42.67736,-1.93304
35,10434,10,426.18,42.6774,-1.93293
35,10435,10,422.04,42.67744,-1.93282
35,10436,10,417.65,42.67748,-1.93271
35,10437,10,411.43,42.67752,-1.9326
35,10438,10,404.16,42.67755,-1.93249
35,10439,10,401.95,42.67759,-1.93238
35,10440,10,399.34,42.67763,-1.93227
35,10441,10,395.26,42.67767,-1.93216
35,10442,10,393.09,42.67771,-1.93206
35,10443,10,391.44,42.67775,-1.93195
35,10444,10,387.7,42.67779,-1.93184
35,10445,10,386.16,42.67783,-1.93173
35,10446,10,385.73,42.67787,-1.93162
35,10447,10,385.63,42.67791,-1.93151
35,10448,10,385.63,42.67795,-1.9314
35,10449,10,385.02,42.67799,-1.93129
35,10450,10,384.47,42.67802,-1.93118
35,10451,10,383.34,42.67806,-1.93107
35,10452,10,383.06,42.6781,-1.93096
35,10453,10,383.25,42.67814,-1.93085
35,10454,10,383.48,42.67818,-1.93074
35,10455,10,383.97,42.67822,-1.93063
35,10456,10,384.18,42.67826,-1.93052
35,10457,10,384.15,42.6783,-1.93041
35,10458,10,383.85,42.67834,-1.9303
35,10459,10,383.82,42.67838,-1.93019
35,10460,10,383.89,42.67842,-1.93008
35,10461,10,383.56,42.67845,-1.92997
35,10462,10,383.57,42.67849,-1.92986
35,10463,10,383.54,42.67853,-1.92975
35,10464,10,383.53,42.67857,-1.92964
35,10465,10,383.56,42.67861,-1.92953
35,10466,10,383.41,42.67865,-1.92942
35,10467,10,382.85,42.67869,-1.92931
35,10468,10,382.4,42.67873,-1.9292
35,10469,10,382.66,42.67877,-1.92909
35,10470,10,382.36,42.67881,-1.92898
35,10471,10,382.29,42.67885,-1.92887
35,10472,10,382.58,42.67888,-1.92876
35,10473,10,382.46,42.67892,-1.92865
35,10474,10,381.95,42.67896,-1.92854
35,10475,10,382.05,42.679,-1.92843
35,10476,10,382.11,42.67904,-1.92832
35,10477,10,382.23,42.67908,-1.92821
35,10478,10,382.64,42.67912,-1.9281
35,10479,10,382.69,42.67916,-1.92799
35,10480,10,382.55,42.6792,-1.92788
35,10481,10,382.5,42.67924,-1.92777
35,10482,10,382.72,42.67928,-1.92766
35,10483,10,383.12,42.67931,-1.92755
35,10484,10,383.38,42.67935,-1.92744
35,10485,10,383.43,42.67939,-1.92733
35,10486,10,383.43,42.67943,-1.92722
35,10487,10,383.49,42.67947,-1.92711
35,10488,10,383.59,42.67951,-1.927
35,10489,10,383.72,42.67955,-1.92689
35,10490,10,383.84,42.67959,-1.92678
35,10491,10,383.92,42.67963,-1.92667
35,10492,10,383.94,42.67967,-1.92656
35,10493,10,383.88,42.67971,-1.92645
35,10494,10,383.66,42.67975,-1.92634
35,10495,10,383.63,42.67978,-1.92623
35,10496,10,383.88,42.67982,-1.92612
35,10497,10,384.21,42.67986,-1.92601
35,10498,10,384.4,42.6799,-1.9259
35,10499,10,385.01,42.67994,-1.92579
35,10500,10,385.47,42.67998,-1.92568
35,10501,10,385.67,42.68002,-1.92557
35,10502,10,385.83,42.68006,-1.92546
35,10503,10,385.98,42.68006,-1.92535
35,10504,10,386.37,42.68003,-1.92523
35,10505,10,386.88,42.68001,-1.92511
35,10506,10,387.38,42.67998,-1.925
35,10507,10,387.68,42.67995,-1.92488
35,10508,10,388.15,42.67993,-1.92476
35,10509,10,388.73,42.6799,-1.92465
35,10510,10,389.34,42.67987,-1.92453
35,10511,10,389.75,42.67984,-1.92442
35,10512,10,389.94,42.67983,-1.92437
35,10513,10,389.61,42.67986,-1.92448
35,10514,10,389.01,42.67989,-1.9246
35,10515,10,388.28,42.67991,-1.92472
35,10516,10,387.81,42.67994,-1.92483
35,10517,10,387.59,42.67997,-1.92495
35,10518,10,387.11,42.68,-1.92506
35,10519,10,386.61,42.68002,-1.92518
35,10520,10,386.13,42.68005,-1.9253
35,10521,10,385.89,42.68008,-1.92541
35,10522,10,386.06,42.68011,-1.92553
35,10523,10,385.9,42.68013,-1.92565
35,10524,10,385.87,42.68016,-1.92576
35,10525,10,385.61,42.68019,-1.92588
35,10526,10,385.43,42.68022,-1.92599
35,10527,10,384.9,42.68024,-1.92611
35,10528,10,384.82,42.68027,-1.92623
35,10529,10,384.84,42.6803,-1.92634
36,10530,10,467.63,42.6726,-1.94524
36,10531,10,467.76,42.67255,-1.94534
36,10532,10,468.16,42.67249,-1.94543
36,10533,10,467.97,42.67244,-1.94553
36,10534,10,468.51,42.67238,-1.94563
36,10535,10,468.9,42.67232,-1.94572
36,10536,10,468.5,42.67226,-1.9458
36,10537,10,467.69,42.67219,-1.94589
36,10538,10,466.99,42.67213,-1.94598
36,10539,10,466.26,42.67206,-1.94606
36,10540,10,464.54,42.672,-1.94615
36,10541,10,462.39,42.67195,-1.94625
36,10542,10,461.51,42.67191,-1.94636
36,10543,10,460.62,42.67186,-1.94646
36,10544,10,459.24,42.6718,-1.94655
36,10545,10,457.81,42.67174,-1.94664
36,10546,10,457.43,42.67168,-1.94672
36,10547,10,457.44,42.67161,-1.94681
36,10548,10,456.38,42.67155,-1.9469
36,10549,10,455.99,42.67149,-1.94699
36,10550,10,455.26,42.67143,-1.94708
36,10551,10,454.5,42.67137,-1.94717
36,10552,10,454.43,42.6713,-1.94726
36,10553,10,454.12,42.67125,-1.94735
36,10554,10,454.11,42.67121,-1.94746
36,10555,10,454.18,42.67118,-1.94758
36,10556,10,454.59,42.67114,-1.94769
36,10557,10,454.72,42.67111,-1.9478
36,10558,10,455.64,42.67107,-1.94791
36,10559,10,455.76,42.67104,-1.94802
36,10560,10,456.36,42.671,-1.94814
36,10561,10,457.32,42.67097,-1.94825
36,10562,10,458.16,42.67093,-1.94836
36,10563,10,458.57,42.67089,-1.94847
36,10564,10,459.06,42.67084,-1.94857
36,10565,10,459.73,42.67078,-1.94866
36,10566,10,460.64,42.67072,-1.94875
36,10567,10,461.88,42.67066,-1.94884
36,10568,10,462.64,42.6706,-1.94893
36,10569,10,463.06,42.67054,-1.94903
36,10570,10,463.65,42.67048,-1.94912
36,10571,10,464.23,42.67042,-1.94921
36,10572,10,464.48,42.67036,-1.9493
36,10573,10,464.56,42.6703,-1.94939
36,10574,10,465.83,42.67025,-1.94949
36,10575,10,466.95,42.6702,-1.94959
36,10576,10,467.41,42.67015,-1.94969
36,10577,10,467.66,42.67009,-1.94979
36,10578,10,468.29,42.67004,-1.94989
36,10579,10,469.16,42.66999,-1.94999
36,10580,10,469.64,42.66994,-1.95008
36,10581,10,470.19,42.66988,-1.95018
36,10582,10,470.7,42.66983,-1.95028
36,10583,10,471.36,42.66978,-1.95038
36,10584,10,471.44,42.66971,-1.95045
36,10585,10,471.79,42.66964,-1.95052
36,10586,10,471.54,42.6696,-1.95063
36,10587,10,471.67,42.66957,-1.95074
36,10588,10,472.3,42.66953,-1.95086
36,10589,10,473.11,42.6695,-1.95097
36,10590,10,474.0,42.66946,-1.95107
36,10591,10,474.86,42.6694,-1.95117
36,10592,10,475.15,42.66934,-1.95126
36,10593,10,475.61,42.6693,-1.95137
36,10594,10,476.25,42.66926,-1.95147
36,10595,10,477.05,42.66922,-1.95158
36,10596,10,476.93,42.66918,-1.95169
36,10597,10,477.52,42.66914,-1.9518
36,10598,10,478.38,42.6691,-1.95191
36,10599,10,478.57,42.66906,-1.95202
36,10600,10,478.78,42.66902,-1.95213
36,10601,10,478.83,42.66898,-1.95224
36,10602,10,479.15,42.66894,-1.95235
36,10603,10,479.58,42.6689,-1.95246
36,10604,10,479.28,42.66886,-1.95257
36,10605,10,478.74,42.66882,-1.95268
36,10606,10,478.89,42.66878,-1.95279
36,10607,10,478.98,42.66875,-1.9529
36,10608,10,479.17,42.66871,-1.95301
36,10609,10,479.27,42.66867,-1.95312
36,10610,10,479.55,42.66863,-1.95323
36,10611,10,479.85,42.66859,-1.95334
36,10612,10,480.22,42.66855,-1.95345
36,10613,10,480.41,42.66851,-1.95356
36,10614,10,480.61,42.66847,-1.95367
36,10615,10,480.88,42.66843,-1.95378
36,10616,10,481.0,42.6684,-1.95389
36,10617,10,481.31,42.66836,-1.95401
36,10618,10,481.47,42.66833,-1.95412
36,10619,10,481.54,42.66829,-1.95423
36,10620,10,481.55,42.66825,-1.95434
36,10621,10,481.36,42.66822,-1.95445
36,10622,10,481.4,42.66818,-1.95456
36,10623,10,480.78,42.66815,-1.95468
36,10624,10,480.51,42.66813,-1.9548
36,10625,10,480.27,42.6681,-1.95491
36,10626,10,480.36,42.66807,-1.95503
36,10627,10,480.08,42.66801,-1.95512
36,10628,10,479.98,42.66796,-1.95522
36,10629,10,480.08,42.66792,-1.95533
36,10630,10,480.1,42.66789,-1.95544
36,10631,10,480.22,42.66787,-1.95556
36,10632,10,480.34,42.66784,-1.95568
36,10633,10,480.32,42.66782,-1.95579
36,10634,10,479.95,42.66779,-1.95591
36,10635,10,479.58,42.66777,-1.95603
36,10636,10,479.47,42.66774,-1.95614
36,10637,10,479.05,42.66771,-1.95626
36,10638,10,478.68,42.66769,-1.95638
36,10639,10,478.41,42.66766,-1.9565
36,10640,10,478.53,42.66764,-1.95661
36,10641,10,478.54,42.66761,-1.95673
36,10642,10,478.69,42.66759,-1.95685
36,10643,10,478.67,42.66756,-1.95696
36,10644,10,479.05,42.66754,-1.95708
36,10645,10,479.13,42.66751,-1.9572
36,10646,10,479.51,42.66748,-1.95731
36,10647,10,479.88,42.66746,-1.95743
36,10648,10,480.22,42.66744,-1.95755
36,10649,10,480.45,42.66745,-1.95767
36,10650,10,480.59,42.66742,-1.95778
36,10651,10,480.78,42.66738,-1.95789
36,10652,10,480.74,42.66734,-1.958
36,10653,10,480.39,42.66731,-1.95811
36,10654,10,480.76,42.66727,-1.95823
36,10655,10,480.97,42.66724,-1.95834
36,10656,10,481.36,42.6672,-1.95845
36,10657,10,481.61,42.66717,-1.95856
36,10658,10,481.88,42.66714,-1.95868
36,10659,10,482.29,42.66712,-1.9588
36,10660,10,482.65,42.66709,-1.95891
36,10661,10,483.18,42.66707,-1.95903
36,10662,10,483.75,42.66705,-1.95915
36,10663,10,483.97,42.66702,-1.95927
36,10664,10,484.77,42.667,-1.95939
36,10665,10,485.07,42.66697,-1.9595
36,10666,10,485.76,42.66695,-1.95962
36,10667,10,486.52,42.66692,-1.95973
36,10668,10,487.4,42.66689,-1.95985
36,10669,10,487.73,42.66685,-1.95996
36,10670,10,488.08,42.66682,-1.96008
36,10671,10,489.06,42.66679,-1.96019
36,10672,10,490.0,42.66676,-1.96031
36,10673,10,490.44,42.66673,-1.96042
36,10674,10,491.13,42.6667,-1.96054
36,10675,10,491.76,42.66667,-1.96065
36,10676,10,491.96,42.66664,-1.96077
36,10677,10,492.36,42.66661,-1.96088
36,10678,10,492.63,42.66656,-1.96098
36,10679,10,492.61,42.66647,-1.961
36,10680,10,492.31,42.66638,-1.961
36,10681,10,492.59,42.6663,-1.96094
36,10682,10,492.61,42.66622,-1.96089
36,10683,10,492.64,42.66614,-1.96084
36,10684,10,492.42,42.66606,-1.96078
36,10685,10,491.36,42.66597,-1.96078
36,10686,10,490.65,42.66589,-1.96083
36,10687,10,490.4,42.66581,-1.96088
36,10688,10,489.68,42.66574,-1.96096
36,10689,10,489.45,42.66569,-1.96106
36,10690,10,489.13,42.66564,-1.96117
36,10691,10,488.64,42.66559,-1.96127
36,10692,10,488.27,42.66554,-1.96137
36,10693,10,488.13,42.66549,-1.96147
36,10694,10,488.21,42.66544,-1.96157
36,10695,10,488.17,42.66539,-1.96167
36,10696,10,488.06,42.66534,-1.96177
36,10697,10,487.81,42.66529,-1.96187
36,10698,10,487.39,42.66524,-1.96198
36,10699,10,487.14,42.66518,-1.96206
36,10700,10,486.75,42.66513,-1.96216
36,10701,10,486.37,42.66512,-1.96228
36,10702,10,486.22,42.66509,-1.96239
36,10703,10,485.68,42.66504,-1.96249
36,10704,10,485.29,42.66499,-1.96259
36,10705,10,485.0,42.66494,-1.96269
36,10706,10,484.51,42.66489,-1.96279
36,10707,10,484.19,42.66484,-1.96289
36,10708,10,483.81,42.66479,-1.96299
36,10709,10,483.34,42.66474,-1.9631
36,10710,10,482.41,42.66469,-1.9632
36,10711,10,481.8,42.66465,-1.96331
36,10712,10,481.35,42.66463,-1.96342
36,10713,10,480.73,42.6646,-1.96354
36,10714,10,480.06,42.66458,-1.96366
36,10715,10,479.35,42.66457,-1.96378
36,10716,10,478.46,42.66455,-1.9639
36,10717,10,478.25,42.66455,-1.96402
36,10718,10,477.81,42.66455,-1.96415
36,10719,10,477.81,42.66456,-1.96427
36,10720,10,477.04,42.66456,-1.96439
36,10721,10,477.05,42.66458,-1.96451
36,10722,10,476.99,42.6646,-1.96463
36,10723,10,476.61,42.66462,-1.96475
36,10724,10,476.47,42.66464,-1.96486
36,10725,10,476.51,42.66466,-1.96498
36,10726,10,476.23,42.66468,-1.9651
36,10727,10,476.1,42.66469,-1.96522
36,10728,10,475.46,42.66468,-1.96534
36,10729,10,475.24,42.66468,-1.96547
36,10730,10,474.39,42.66467,-1.96559
36,10731,10,474.27,42.66467,-1.96571
36,10732,10,474.0,42.66466,-1.96583
36,10733,10,473.71,42.66465,-1.96595
36,10734,10,473.64,42.66465,-1.96607
36,10735,10,473.21,42.66464,-1.9662
36,10736,10,473.08,42.66464,-1.96632
36,10737,10,472.66,42.66462,-1.96644
36,10738,10,472.37,42.66461,-1.96656
36,10739,10,472.15,42.6646,-1.96668
36,10740,10,472.04,42.66458,-1.9668
36,10741,10,472.14,42.66457,-1.96692
36,10742,10,472.12,42.66456,-1.96704
36,10743,10,471.77,42.66454,-1.96716
36,10744,10,471.69,42.66453,-1.96728
36,10745,10,471.81,42.66452,-1.9674
36,10746,10,471.63,42.6645,-1.96752
36,10747,10,471.57,42.66449,-1.96765
36,10748,10,471.19,42.66447,-1.96777
36,10749,10,471.15,42.66447,-1.96789
36,10750,10,470.23,42.66446,-1.96801
36,10751,10,469.45,42.66445,-1.96813
36,10752,10,468.74,42.66445,-1.96825
36,10753,10,467.88,42.66444,-1.96837
36,10754,10,467.01,42.66443,-1.9685
36,10755,10,466.75,42.66443,-1.96862
36,10756,10,465.9,42.66442,-1.96874
36,10757,10,464.96,42.66441,-1.96886
36,10758,10,464.31,42.66441,-1.96898
36,10759,10,463.9,42.6644,-1.9691
36,10760,10,463.56,42.66439,-1.96923
36,10761,10,463.15,42.66436,-1.96934
36,10762,10,462.53,42.66432,-1.96945
36,10763,10,462.15,42.66428,-1.96956
36,10764,10,461.62,42.66424,-1.96966
36,10765,10,461.27,42.6642,-1.96977
36,10766,10,461.05,42.66416,-1.96988
36,10767,10,460.94,42.66411,-1.96999
36,10768,10,460.74,42.66407,-1.9701
36,10769,10,460.43,42.66403,-1.9702
36,10770,10,459.98,42.664,-1.97032
36,10771,10,459.22,42.66397,-1.97043
36,10772,10,458.55,42.66395,-1.97055
36,10773,10,458.14,42.66393,-1.97067
36,10774,10,458.06,42.66393,-1.97079
36,10775,10,458.12,42.66394,-1.97091
36,10776,10,458.1,42.66394,-1.97104
36,10777,10,458.13,42.66394,-1.97116
36,10778,10,458.08,42.66393,-1.97128
36,10779,10,458.12,42.66393,-1.9714
36,10780,10,457.92,42.66392,-1.97152
36,10781,10,458.05,42.66392,-1.97165
36,10782,10,457.65,42.66391,-1.97177
36,10783,10,457.56,42.66391,-1.97189
36,10784,10,457.29,42.6639,-1.97201
36,10785,10,457.22,42.6639,-1.97213
36,10786,10,457.03,42.66389,-1.97225
36,10787,10,456.88,42.66388,-1.97238
36,10788,10,456.89,42.66388,-1.9725
36,10789,10,456.84,42.66387,-1.97262
36,10790,10,456.69,42.66387,-1.97274
36,10791,10,456.35,42.66386,-1.97286
36,10792,10,456.14,42.66386,-1.97298
36,10793,10,455.74,42.66385,-1.97311
36,10794,10,455.46,42.66385,-1.97323
36,10795,10,455.17,42.66384,-1.97335
36,10796,10,454.57,42.66383,-1.97347
36,10797,10,454.17,42.66383,-1.97359
36,10798,10,453.53,42.66382,-1.97372
36,10799,10,453.14,42.66382,-1.97384
36,10800,10,452.6,42.66381,-1.97396
36,10801,10,452.04,42.66381,-1.97408
36,10802,10,451.6,42.6638,-1.9742
36,10803,10,451.45,42.66379,-1.97432
36,10804,10,451.32,42.66379,-1.97445
36,10805,10,450.88,42.66378,-1.97457
36,10806,10,450.78,42.66378,-1.97469
36,10807,10,450.73,42.66377,-1.97481
36,10808,10,450.73,42.66377,-1.97493
36,10809,10,450.21,42.66376,-1.97506
36,10810,10,449.99,42.66375,-1.97518
36,10811,10,449.87,42.66375,-1.9753
36,10812,10,449.7,42.66374,-1.97542
36,10813,10,449.17,42.6637,-1.97551
36,10814,10,448.41,42.66362,-1.97556
36,10815,10,448.09,42.66353,-1.97561
36,10816,10,447.83,42.66345,-1.97564
36,10817,10,447.34,42.66337,-1.97558
36,10818,10,446.34,42.66329,-1.97557
36,10819,10,445.75,42.66323,-1.97564
36,10820,10,445.77,42.66319,-1.97574
36,10821,10,445.72,42.66314,-1.97585
36,10822,10,445.58,42.6631,-1.97596
36,10823,10,445.26,42.66306,-1.97607
36,10824,10,444.98,42.66303,-1.97618
36,10825,10,444.64,42.66301,-1.9763
36,10826,10,443.91,42.66301,-1.97642
36,10827,10,443.82,42.66302,-1.97654
36,10828,10,443.53,42.66304,-1.97666
36,10829,10,443.42,42.66306,-1.97678
36,10830,10,443.06,42.66308,-1.9769
36,10831,10,442.85,42.66311,-1.97701
36,10832,10,442.67,42.66313,-1.97713
36,10833,10,442.32,42.66316,-1.97725
36,10834,10,442.24,42.66318,-1.97736
36,10835,10,441.65,42.66321,-1.97748
36,10836,10,441.58,42.66324,-1.97759
36,10837,10,441.5,42.66327,-1.97771
36,10838,10,441.29,42.6633,-1.97782
36,10839,10,441.06,42.66333,-1.97794
36,10840,10,440.47,42.66336,-1.97805
36,10841,10,440.12,42.66339,-1.97817
36,10842,10,440.9,42.66342,-1.97828
36,10843,10,441.49,42.66345,-1.9784
36,10844,10,441.57,42.66348,-1.97851
36,10845,10,441.51,42.66351,-1.97863
36,10846,10,441.33,42.66354,-1.97874
36,10847,10,440.99,42.66357,-1.97886
36,10848,10,440.18,42.6636,-1.97898
36,10849,10,439.68,42.66362,-1.9791
36,10850,10,439.24,42.66364,-1.97921
36,10851,10,439.05,42.66366,-1.97933
36,10852,10,438.74,42.66368,-1.97945
36,10853,10,438.62,42.66371,-1.97957
36,10854,10,438.78,42.66373,-1.97969
36,10855,10,438.34,42.66374,-1.97981
36,10856,10,437.58,42.66374,-1.97993
36,10857,10,437.44,42.66373,-1.98005
36,10858,10,437.47,42.66373,-1.98017
36,10859,10,437.34,42.66373,-1.9803
36,10860,10,437.11,42.66372,-1.98042
36,10861,10,436.77,42.6637,-1.98054
36,10862,10,436.65,42.66367,-1.98065
36,10863,10,436.65,42.66363,-1.98076
36,10864,10,436.41,42.6636,-1.98087
36,10865,10,435.88,42.66356,-1.98098
36,10866,10,435.86,42.66353,-1.9811
36,10867,10,435.88,42.66351,-1.98122
36,10868,10,435.78,42.6635,-1.98134
36,10869,10,435.82,42.6635,-1.98146
36,10870,10,435.76,42.6635,-1.98158
36,10871,10,435.49,42.6635,-1.9817
36,10872,10,435.36,42.66351,-1.98183
36,10873,10,435.37,42.66351,-1.98195
36,10874,10,435.44,42.66351,-1.98207
36,10875,10,435.45,42.66351,-1.98219
36,10876,10,434.99,42.66351,-1.98231
36,10877,10,434.96,42.66351,-1.98244
36,10878,10,435.15,42.66351,-1.98256
36,10879,10,434.97,42.66351,-1.98268
36,10880,10,434.64,42.66352,-1.9828
36,10881,10,434.64,42.66352,-1.98292
36,10882,10,434.34,42.66352,-1.98305
36,10883,10,434.15,42.66352,-1.98317
36,10884,10,434.12,42.66352,-1.98329
36,10885,10,433.91,42.66353,-1.98341
36,10886,10,433.75,42.66354,-1.98353
36,10887,10,433.62,42.66355,-1.98365
36,10888,10,433.43,42.66356,-1.98378
36,10889,10,433.39,42.66358,-1.9839
36,10890,10,433.58,42.6636,-1.98402
36,10891,10,433.7,42.66361,-1.98413
36,10892,10,433.44,42.66363,-1.98425
36,10893,10,433.05,42.66361,-1.98437
36,10894,10,432.93,42.66359,-1.98449
36,10895,10,432.74,42.66357,-1.98461
36,10896,10,432.38,42.66354,-1.98473
36,10897,10,432.21,42.66352,-1.98485
36,10898,10,432.21,42.6635,-1.98497
36,10899,10,432.16,42.66348,-1.98509
36,10900,10,431.62,42.6635,-1.9852
36,10901,10,431.23,42.66352,-1.98532
36,10902,10,431.19,42.66354,-1.98544
36,10903,10,430.84,42.66356,-1.98556
36,10904,10,430.61,42.66358,-1.98568
36,10905,10,430.59,42.66359,-1.9858
36,10906,10,430.58,42.6636,-1.98592
36,10907,10,430.65,42.66358,-1.98604
36,10908,10,430.99,42.66354,-1.98615
36,10909,10,431.37,42.66353,-1.98627
36,10910,10,431.37,42.66353,-1.98639
36,10911,10,431.38,42.66356,-1.9865
36,10912,10,431.12,42.66359,-1.98662
36,10913,10,431.0,42.66353,-1.9867
36,10914,10,430.95,42.66345,-1.98677
36,10915,10,430.86,42.66338,-1.98684
36,10916,10,430.39,42.66331,-1.98692
36,10917,10,429.99,42.66324,-1.98699
36,10918,10,429.7,42.66318,-1.98708
36,10919,10,429.47,42.66312,-1.98717
36,10920,10,429.2,42.66306,-1.98727
36,10921,10,428.82,42.663,-1.98736
36,10922,10,428.37,42.66294,-1.98745
36,10923,10,428.74,42.66288,-1.98754
36,10924,10,428.66,42.66283,-1.98764
36,10925,10,428.24,42.66278,-1.98774
36,10926,10,427.82,42.66274,-1.98785
36,10927,10,428.01,42.66269,-1.98795
36,10928,10,428.09,42.66265,-1.98806
36,10929,10,427.69,42.6626,-1.98816
36,10930,10,427.86,42.66256,-1.98827
36,10931,10,427.85,42.66251,-1.98838
36,10932,10,427.68,42.66246,-1.98848
36,10933,10,427.7,42.66242,-1.98858
36,10934,10,427.73,42.66236,-1.98868
36,10935,10,427.78,42.66231,-1.98878
36,10936,10,427.7,42.66226,-1.98888
36,10937,10,427.13,42.6622,-1.98898
36,10938,10,427.63,42.66214,-1.98906
36,10939,10,427.88,42.66207,-1.98914
36,10940,10,427.61,42.662,-1.98922
36,10941,10,427.41,42.66194,-1.98931
36,10942,10,426.99,42.66187,-1.98939
36,10943,10,426.56,42.66181,-1.98947
36,10944,10,426.53,42.66174,-1.98955
36,10945,10,426.23,42.66167,-1.98963
36,10946,10,425.67,42.66159,-1.98969
36,10947,10,425.7,42.66151,-1.98974
36,10948,10,425.73,42.66142,-1.98977
36,10949,10,425.79,42.66134,-1.9898
36,10950,10,425.7,42.66125,-1.98984
36,10951,10,425.73,42.66116,-1.98987
36,10952,10,425.72,42.66112,-1.98994
36,10953,10,425.75,42.66117,-1.99
36,10954,10,425.74,42.6612,-1.99012
36,10955,10,425.71,42.66123,-1.99023
36,10956,10,425.99,42.66125,-1.99035
36,10957,10,426.33,42.66128,-1.99047
36,10958,10,426.27,42.66128,-1.99056
36,10959,10,425.92,42.66119,-1.9906
36,10960,10,425.79,42.6611,-1.99063
36,10961,10,425.71,42.66102,-1.99067
36,10962,10,425.62,42.66093,-1.99071
36,10963,10,425.59,42.66085,-1.99074
36,10964,10,425.61,42.66076,-1.99078
36,10965,10,425.76,42.66067,-1.99081
36,10966,10,425.91,42.66062,-1.9908
36,10967,10,426.01,42.6606,-1.99089
36,10968,10,425.89,42.66054,-1.99096
36,10969,10,425.4,42.66045,-1.99101
36,10970,10,424.65,42.66037,-1.99106
36,10971,10,423.72,42.66029,-1.99112
36,10972,10,423.53,42.66024,-1.99122
36,10973,10,424.56,42.66018,-1.99131
36,10974,10,425.01,42.66011,-1.99136
36,10975,10,424.89,42.66002,-1.9914
36,10976,10,424.41,42.65993,-1.99143
36,10977,10,424.03,42.65985,-1.99146
36,10978,10,423.47,42.65976,-1.99149
36,10979,10,422.86,42.65967,-1.99153
36,10980,10,422.35,42.65959,-1.99156
36,10981,10,421.47,42.6595,-1.99159
36,10982,10,420.49,42.65946,-1.99169
36,10983,10,419.89,42.65943,-1.99181
36,10984,10,420.99,42.6594,-1.99192
36,10985,10,421.51,42.65937,-1.99204
36,10986,10,422.45,42.65934,-1.99215
36,10987,10,422.59,42.65926,-1.99216
36,10988,10,422.47,42.65917,-1.99216
36,10989,10,423.01,42.65908,-1.9922
36,10990,10,423.16,42.659,-1.99225
36,10991,10,423.06,42.65892,-1.9923
36,10992,10,422.94,42.65884,-1.99236
36,10993,10,423.17,42.65878,-1.99245
36,10994,10,423.77,42.65873,-1.99255
36,10995,10,424.67,42.65867,-1.99264
36,10996,10,423.69,42.65869,-1.99255
36,10997,10,423.2,42.65872,-1.99243
36,10998,10,423.11,42.65875,-1.99232
36,10999,10,422.84,42.65878,-1.99221
36,11000,10,422.14,42.65881,-1.99209
36,11001,10,422.14,42.65884,-1.99198
36,11002,10,422.22,42.65888,-1.99186
36,11003,10,420.14,42.65891,-1.99175
36,11004,10,420.6,42.65894,-1.99163
36,11005,10,421.27,42.65897,-1.99152
36,11006,10,422.6,42.659,-1.99141
36,11007,10,424.18,42.65903,-1.99129
36,11008,10,424.32,42.65906,-1.99118
36,11009,10,422.92,42.65909,-1.99106
36,11010,10,422.12,42.65913,-1.99095
36,11011,10,422.01,42.65916,-1.99083
36,11012,10,422.18,42.65919,-1.99072
36,11013,10,422.36,42.65922,-1.9906
36,11014,10,422.87,42.65925,-1.99049
36,11015,10,422.92,42.65928,-1.99038
36,11016,10,422.29,42.65931,-1.99026
36,11017,10,422.3,42.65935,-1.99015
36,11018,10,422.77,42.65938,-1.99003
36,11019,10,423.67,42.65941,-1.98992
36,11020,10,424.53,42.65944,-1.9898
36,11021,10,424.84,42.65947,-1.98969
36,11022,10,424.76,42.6595,-1.98957
36,11023,10,425.49,42.65953,-1.98946
36,11024,10,425.95,42.65956,-1.98935
36,11025,10,425.3,42.6596,-1.98923
36,11026,10,425.29,42.65963,-1.98912
36,11027,10,425.63,42.65966,-1.989
36,11028,10,426.86,42.65969,-1.98889
36,11029,10,428.17,42.65972,-1.98877
36,11030,10,428.76,42.65975,-1.98866
36,11031,10,429.28,42.65978,-1.98855
36,11032,10,429.44,42.65981,-1.98843
36,11033,10,429.37,42.65985,-1.98832
36,11034,10,429.39,42.65988,-1.9882
36,11035,10,430.1,42.65991,-1.98809
36,11036,10,431.5,42.65994,-1.98797
36,11037,10,432.73,42.65997,-1.98786
36,11038,10,432.94,42.66,-1.98774
36,11039,10,433.64,42.66003,-1.98763
36,11040,10,433.74,42.66007,-1.98752
36,11041,10,432.95,42.66013,-1.98729
36,11042,10,432.94,42.66016,-1.98717
36,11043,10,432.92,42.66019,-1.98706
36,11044,10,433.05,42.66022,-1.98694
36,11045,10,432.85,42.66025,-1.98683
36,11046,10,432.83,42.66028,-1.98671
36,11047,10,433.4,42.66032,-1.9866
36,11048,10,433.69,42.66035,-1.98649
36,11049,10,433.42,42.66038,-1.98637
36,11050,10,433.83,42.66041,-1.98626
36,11051,10,433.88,42.66044,-1.98614
36,11052,10,433.75,42.66047,-1.98603
36,11053,10,433.35,42.6605,-1.98591
36,11054,10,433.45,42.66053,-1.9858
36,11055,10,433.8,42.66057,-1.98569
36,11056,10,434.05,42.6606,-1.98557
36,11057,10,435.09,42.66063,-1.98546
36,11058,10,436.26,42.66066,-1.98534
36,11059,10,436.55,42.66069,-1.98523
36,11060,10,436.83,42.66072,-1.98511
36,11061,10,437.19,42.66075,-1.985
36,11062,10,437.44,42.66079,-1.98488
36,11063,10,437.53,42.66082,-1.98477
36,11064,10,437.56,42.66085,-1.98466
36,11065,10,437.37,42.66088,-1.98454
36,11066,10,436.88,42.66091,-1.98443
36,11067,10,436.12,42.66094,-1.98431
36,11068,10,435.89,42.66097,-1.9842
36,11069,10,435.33,42.661,-1.98408
36,11070,10,434.96,42.66104,-1.98397
36,11071,10,434.91,42.66107,-1.98386
36,11072,10,434.93,42.6611,-1.98374
36,11073,10,434.73,42.66113,-1.98363
36,11074,10,434.3,42.66116,-1.98351
36,11075,10,433.9,42.66119,-1.9834
36,11076,10,433.84,42.66122,-1.98328
36,11077,10,433.81,42.66125,-1.98317
36,11078,10,434.08,42.66129,-1.98305
36,11079,10,434.68,42.66132,-1.98294
36,11080,10,435.39,42.66135,-1.98283
36,11081,10,435.44,42.66138,-1.98271
36,11082,10,435.17,42.66141,-1.9826
36,11083,10,435.37,42.66144,-1.98248
36,11084,10,435.03,42.66147,-1.98237
36,11085,10,435.51,42.66151,-1.98225
36,11086,10,435.79,42.66154,-1.98214
36,11087,10,435.83,42.66157,-1.98202
36,11088,10,435.7,42.6616,-1.98191
36,11089,10,435.8,42.66163,-1.9818
36,11090,10,435.76,42.66166,-1.98168
36,11091,10,436.33,42.66169,-1.98157
36,11092,10,437.51,42.66172,-1.98145
36,11093,10,437.97,42.66176,-1.98134
36,11094,10,438.46,42.66179,-1.98122
36,11095,10,439.26,42.66182,-1.98111
36,11096,10,440.09,42.66185,-1.981
36,11097,10,440.96,42.66188,-1.98088
36,11098,10,441.29,42.66191,-1.98077
36,11099,10,441.36,42.66194,-1.98065
36,11100,10,441.3,42.66197,-1.98054
36,11101,10,441.22,42.66201,-1.98042
36,11102,10,441.13,42.66204,-1.98031
36,11103,10,441.24,42.66207,-1.98019
36,11104,10,441.67,42.6621,-1.98008
36,11105,10,441.8,42.66213,-1.97997
36,11106,10,441.81,42.66216,-1.97985
36,11107,10,442.42,42.66219,-1.97974
36,11108,10,443.55,42.66223,-1.97962
36,11109,10,444.29,42.66226,-1.97951
36,11110,10,444.97,42.66229,-1.97939
36,11111,10,445.48,42.66232,-1.97928
36,11112,10,445.86,42.66235,-1.97916
36,11113,10,446.26,42.66238,-1.97905
36,11114,10,446.19,42.66241,-1.97894
36,11115,10,446.4,42.66244,-1.97882
36,11116,10,446.26,42.66248,-1.97871
36,11117,10,446.29,42.66251,-1.97859
36,11118,10,446.61,42.66254,-1.97848
36,11119,10,446.44,42.66257,-1.97836
36,11120,10,446.74,42.6626,-1.97825
36,11121,10,447.15,42.66263,-1.97814
36,11122,10,447.28,42.66266,-1.97802
36,11123,10,447.07,42.66269,-1.97791
36,11124,10,446.67,42.66273,-1.97779
36,11125,10,446.39,42.66276,-1.97768
36,11126,10,446.05,42.66279,-1.97756
36,11127,10,445.75,42.66282,-1.97745
36,11128,10,445.28,42.66285,-1.97733
36,11129,10,444.72,42.66288,-1.97722
36,11130,10,444.44,42.66291,-1.97711
36,11131,10,443.83,42.66295,-1.97699
36,11132,10,443.65,42.66298,-1.97688
36,11133,10,443.8,42.66301,-1.97676
36,11134,10,443.52,42.66304,-1.97665
36,11135,10,443.73,42.66307,-1.97653
36,11136,10,443.95,42.6631,-1.97642
36,11137,10,444.91,42.66313,-1.9763
36,11138,10,445.36,42.66316,-1.97619
36,11139,10,445.6,42.6632,-1.97608
36,11140,10,445.92,42.66323,-1.97596
36,11141,10,446.12,42.66326,-1.97585
36,11142,10,446.37,42.66329,-1.97573
36,11143,10,446.67,42.66332,-1.97562
36,11144,10,447.23,42.66335,-1.9755
36,11145,10,447.65,42.66338,-1.97539
36,11146,10,448.09,42.66341,-1.97527
36,11147,10,448.43,42.66345,-1.97516
36,11148,10,448.6,42.66348,-1.97505
36,11149,10,448.55,42.66351,-1.97493
36,11150,10,448.69,42.66354,-1.97482
36,11151,10,448.82,42.66357,-1.9747
36,11152,10,449.19,42.6636,-1.97459
36,11153,10,449.69,42.66363,-1.97447
36,11154,10,449.77,42.66366,-1.97436
36,11155,10,450.12,42.6637,-1.97425
36,11156,10,450.88,42.66373,-1.97413
36,11157,10,451.73,42.66376,-1.97402
36,11158,10,452.79,42.66379,-1.9739
36,11159,10,453.26,42.66382,-1.97379
36,11160,10,454.11,42.66384,-1.97367
36,11161,10,454.48,42.66384,-1.97355
36,11162,10,455.13,42.66385,-1.97343
36,11163,10,455.39,42.66385,-1.9733
36,11164,10,455.72,42.66386,-1.97318
36,11165,10,456.0,42.66386,-1.97306
36,11166,10,456.34,42.66387,-1.97294
36,11167,10,456.6,42.66387,-1.97282
36,11168,10,456.88,42.66388,-1.97269
36,11169,10,456.94,42.66388,-1.97257
36,11170,10,456.99,42.66389,-1.97245
36,11171,10,457.02,42.66389,-1.97233
36,11172,10,457.18,42.6639,-1.97221
36,11173,10,457.03,42.66389,-1.97227
36,11174,10,457.0,42.66389,-1.97239
36,11175,10,456.89,42.66388,-1.97251
36,11176,10,456.95,42.66388,-1.97263
36,11177,10,456.68,42.66387,-1.97275
36,11178,10,456.47,42.66387,-1.97287
36,11179,10,456.11,42.66386,-1.973
36,11180,10,455.87,42.66386,-1.97312
36,11181,10,455.45,42.66385,-1.97324
36,11182,10,455.31,42.66385,-1.97336
36,11183,10,454.72,42.66384,-1.97348
36,11184,10,454.31,42.66384,-1.97361
36,11185,10,453.69,42.66383,-1.97373
36,11186,10,453.34,42.66383,-1.97385
36,11187,10,452.68,42.66382,-1.97397
36,11188,10,452.14,42.66382,-1.97409
36,11189,10,451.67,42.66381,-1.97421
36,11190,10,451.53,42.66381,-1.97434
36,11191,10,451.31,42.6638,-1.97446
36,11192,10,450.9,42.6638,-1.97458
36,11193,10,450.8,42.66379,-1.9747
36,11194,10,450.8,42.66379,-1.97482
36,11195,10,450.77,42.66378,-1.97495
36,11196,10,450.29,42.66378,-1.97507
37,11197,10,431.79,42.65839,-1.99361
37,11198,10,434.1,42.65834,-1.99371
37,11199,10,435.71,42.65829,-1.99382
37,11200,10,435.77,42.65824,-1.99392
37,11201,10,436.33,42.6582,-1.99402
37,11202,10,437.38,42.65825,-1.99413
37,11203,10,438.45,42.65829,-1.99423
37,11204,10,439.28,42.65834,-1.99434
37,11205,10,440.42,42.65838,-1.99445
37,11206,10,441.29,42.65842,-1.99455
37,11207,10,440.9,42.65847,-1.99466
37,11208,10,441.07,42.65853,-1.99475
37,11209,10,441.51,42.6586,-1.99481
37,11210,10,441.76,42.65868,-1.99487
37,11211,10,441.9,42.65876,-1.99493
37,11212,10,441.89,42.65883,-1.995
37,11213,10,441.77,42.6589,-1.99509
37,11214,10,442.02,42.65894,-1.99518
37,11215,10,442.44,42.65901,-1.99525
37,11216,10,441.95,42.65908,-1.99532
37,11217,10,441.29,42.65915,-1.99539
37,11218,10,440.83,42.65923,-1.99546
37,11219,10,440.68,42.6593,-1.99553
37,11220,10,440.81,42.65936,-1.99562
37,11221,10,440.73,42.65942,-1.99572
37,11222,10,440.68,42.65947,-1.99581
37,11223,10,441.06,42.65952,-1.99591
37,11224,10,441.78,42.65957,-1.99602
37,11225,10,442.03,42.65961,-1.99613
37,11226,10,442.06,42.65965,-1.99623
37,11227,10,442.01,42.65965,-1.99632
37,11228,10,442.37,42.65968,-1.99642
37,11229,10,442.56,42.65974,-1.99646
37,11230,10,443.1,42.65977,-1.99657
37,11231,10,442.85,42.6598,-1.99668
37,11232,10,442.93,42.65984,-1.9968
37,11233,10,442.7,42.65987,-1.99691
37,11234,10,442.5,42.6599,-1.99702
37,11235,10,442.33,42.65994,-1.99714
37,11236,10,442.19,42.65995,-1.99726
37,11237,10,442.19,42.65997,-1.99738
37,11238,10,442.15,42.65999,-1.9975
37,11239,10,442.26,42.66001,-1.9976
37,11240,10,442.09,42.66008,-1.99762
37,11241,10,442.07,42.6601,-1.99774
37,11242,10,441.77,42.66013,-1.99786
37,11243,10,441.35,42.66015,-1.99797
37,11244,10,441.31,42.66021,-1.99806
37,11245,10,441.04,42.66025,-1.99816
37,11246,10,440.89,42.66029,-1.99827
37,11247,10,440.92,42.66033,-1.99838
37,11248,10,440.83,42.66036,-1.99849
37,11249,10,440.76,42.6604,-1.9986
37,11250,10,440.71,42.66044,-1.99871
37,11251,10,440.42,42.66048,-1.99883
37,11252,10,440.45,42.66052,-1.99894
37,11253,10,440.63,42.66055,-1.99905
37,11254,10,441.17,42.66059,-1.99916
37,11255,10,441.22,42.66063,-1.99927
37,11256,10,441.28,42.66065,-1.99939
37,11257,10,441.36,42.66066,-1.99951
37,11258,10,441.43,42.66067,-1.99963
37,11259,10,441.85,42.66069,-1.99975
37,11260,10,442.16,42.6607,-1.99987
37,11261,10,442.32,42.66071,-1.99999
37,11262,10,442.34,42.66072,-2.00011
37,11263,10,442.62,42.66074,-2.00023
37,11264,10,443.03,42.66075,-2.00035
37,11265,10,443.41,42.66076,-2.00047
37,11266,10,443.75,42.66078,-2.00059
37,11267,10,443.88,42.6608,-2.00071
37,11268,10,443.85,42.66082,-2.00083
37,11269,10,444.17,42.66084,-2.00095
37,11270,10,444.89,42.66087,-2.00107
37,11271,10,445.42,42.66089,-2.00118
37,11272,10,445.72,42.66091,-2.0013
37,11273,10,446.08,42.66093,-2.00142
37,11274,10,446.21,42.66094,-2.00154
37,11275,10,446.6,42.66096,-2.00166
37,11276,10,446.7,42.66097,-2.00178
37,11277,10,446.68,42.66098,-2.0019
37,11278,10,446.77,42.661,-2.00203
37,11279,10,446.99,42.66103,-2.00213
37,11280,10,448.09,42.66109,-2.00223
37,11281,10,448.32,42.66114,-2.00233
37,11282,10,448.25,42.66119,-2.00243
37,11283,10,448.34,42.66124,-2.00253
37,11284,10,448.96,42.6613,-2.00263
37,11285,10,449.73,42.66135,-2.00273
37,11286,10,449.83,42.66139,-2.00284
37,11287,10,449.83,42.66141,-2.00295
37,11288,10,449.64,42.66139,-2.00307
37,11289,10,449.56,42.66137,-2.00319
37,11290,10,449.67,42.66136,-2.00331
37,11291,10,449.86,42.66134,-2.00343
37,11292,10,450.2,42.66133,-2.00355
37,11293,10,451.14,42.66131,-2.00367
37,11294,10,451.82,42.66129,-2.00379
37,11295,10,452.61,42.66128,-2.00391
37,11296,10,453.05,42.66126,-2.00403
37,11297,10,454.19,42.66125,-2.00415
37,11298,10,454.72,42.66125,-2.00428
37,11299,10,454.85,42.66125,-2.0044
37,11300,10,454.77,42.66127,-2.00452
37,11301,10,454.19,42.66129,-2.00463
37,11302,10,453.97,42.66127,-2.00475
37,11303,10,453.38,42.66126,-2.00487
37,11304,10,452.21,42.66125,-2.00499
37,11305,10,451.43,42.66124,-2.00511
37,11306,10,450.26,42.66122,-2.00524
37,11307,10,449.25,42.66121,-2.00536
37,11308,10,447.72,42.66122,-2.00548
37,11309,10,446.29,42.66123,-2.0056
37,11310,10,444.51,42.66124,-2.00572
37,11311,10,444.02,42.66124,-2.00584
37,11312,10,442.59,42.66125,-2.00596
37,11313,10,440.94,42.66128,-2.00608
37,11314,10,439.47,42.66133,-2.00617
37,11315,10,438.8,42.66139,-2.00627
37,11316,10,438.01,42.66144,-2.00637
37,11317,10,436.69,42.6615,-2.00646
37,11318,10,435.89,42.66149,-2.00656
37,11319,10,435.76,42.66141,-2.00662
37,11320,10,435.45,42.66134,-2.00669
37,11321,10,435.24,42.66126,-2.00675
37,11322,10,435.06,42.66122,-2.00683
37,11323,10,435.17,42.66126,-2.00694
37,11324,10,434.55,42.6613,-2.00706
37,11325,10,433.78,42.6613,-2.00717
37,11326,10,433.72,42.66128,-2.00729
37,11327,10,433.1,42.66126,-2.00741
37,11328,10,431.91,42.66122,-2.00752
37,11329,10,430.57,42.66115,-2.00759
37,11330,10,428.81,42.66108,-2.00767
37,11331,10,426.59,42.66101,-2.00774
37,11332,10,423.76,42.66094,-2.00781
37,11333,10,423.67,42.66085,-2.00783
37,11334,10,424.04,42.66076,-2.00785
37,11335,10,424.19,42.66067,-2.00787
37,11336,10,423.74,42.66058,-2.0079
37,11337,10,423.31,42.6605,-2.00793
37,11338,10,423.02,42.66041,-2.00796
37,11339,10,422.18,42.66032,-2.00799
37,11340,10,420.83,42.66024,-2.00803
37,11341,10,420.27,42.66015,-2.00807
37,11342,10,418.89,42.66007,-2.00812
37,11343,10,418.01,42.65998,-2.00816
37,11344,10,418.35,42.6599,-2.0082
37,11345,10,417.3,42.65985,-2.00829
37,11346,10,415.57,42.65991,-2.00839
37,11347,10,414.99,42.65997,-2.00848
37,11348,10,414.5,42.66003,-2.00856
37,11349,10,414.08,42.66011,-2.00861
37,11350,10,413.76,42.6602,-2.00865
37,11351,10,412.96,42.66028,-2.00869
37,11352,10,413.25,42.66036,-2.00874
37,11353,10,413.6,42.66042,-2.00882
37,11354,10,413.13,42.66047,-2.00893
37,11355,10,411.17,42.66052,-2.00903
37,11356,10,410.89,42.66057,-2.00913
37,11357,10,410.42,42.66065,-2.00918
37,11358,10,410.23,42.66069,-2.00928
37,11359,10,410.46,42.66072,-2.0094
37,11360,10,411.13,42.66074,-2.00951
37,11361,10,412.25,42.66077,-2.00963
37,11362,10,412.73,42.66079,-2.00975
37,11363,10,412.9,42.66077,-2.00987
37,11364,10,413.02,42.66075,-2.00999
37,11365,10,413.14,42.66078,-2.0101
37,11366,10,413.21,42.66081,-2.01021
37,11367,10,413.4,42.66085,-2.01032
37,11368,10,413.64,42.66089,-2.01043
37,11369,10,413.88,42.66093,-2.01054
37,11370,10,414.58,42.66098,-2.01065
37,11371,10,415.18,42.66103,-2.01074
37,11372,10,416.73,42.66109,-2.01084
37,11373,10,417.85,42.66114,-2.01094
37,11374,10,418.62,42.66119,-2.01104
37,11375,10,419.98,42.66125,-2.01114
37,11376,10,421.55,42.6613,-2.01124
37,11377,10,423.43,42.66136,-2.01132
37,11378,10,424.95,42.66143,-2.01141
37,11379,10,427.33,42.66149,-2.01149
37,11380,10,428.32,42.66158,-2.01153
37,11381,10,429.04,42.66166,-2.01157
37,11382,10,429.25,42.66175,-2.01161
37,11383,10,429.52,42.66183,-2.01166
37,11384,10,429.81,42.66192,-2.0117
37,11385,10,430.45,42.662,-2.01174
37,11386,10,430.64,42.66208,-2.01179
37,11387,10,430.9,42.66216,-2.01185
37,11388,10,430.95,42.66224,-2.01192
37,11389,10,430.96,42.66231,-2.01199
37,11390,10,431.24,42.66238,-2.01207
37,11391,10,431.75,42.66244,-2.01215
37,11392,10,432.16,42.66251,-2.01224
37,11393,10,432.47,42.66257,-2.01232
37,11394,10,432.44,42.66264,-2.0124
37,11395,10,432.58,42.6627,-2.01249
37,11396,10,432.59,42.66277,-2.01257
37,11397,10,432.39,42.66284,-2.01266
37,11398,10,432.24,42.6629,-2.01274
37,11399,10,431.81,42.66297,-2.01282
37,11400,10,432.02,42.66303,-2.01291
37,11401,10,432.14,42.6631,-2.01299
37,11402,10,432.3,42.66316,-2.01307
37,11403,10,432.1,42.66322,-2.01316
37,11404,10,431.99,42.66327,-2.01326
37,11405,10,431.68,42.66333,-2.01336
37,11406,10,431.62,42.66336,-2.01347
37,11407,10,431.8,42.66335,-2.01359
37,11408,10,431.37,42.66335,-2.01372
37,11409,10,430.97,42.66334,-2.01384
37,11410,10,430.16,42.66334,-2.01396
37,11411,10,429.41,42.66335,-2.01408
37,11412,10,428.99,42.66336,-2.0142
37,11413,10,428.32,42.66337,-2.01432
37,11414,10,427.69,42.66338,-2.01444
37,11415,10,427.21,42.66339,-2.01456
37,11416,10,427.17,42.66338,-2.01469
37,11417,10,427.4,42.66337,-2.01481
37,11418,10,426.9,42.66336,-2.01493
37,11419,10,425.7,42.66335,-2.01505
37,11420,10,425.12,42.66333,-2.01517
37,11421,10,425.25,42.6633,-2.01528
37,11422,10,424.76,42.66326,-2.01539
37,11423,10,424.08,42.66323,-2.01551
37,11424,10,423.88,42.6632,-2.01562
37,11425,10,423.89,42.66317,-2.01574
37,11426,10,424.51,42.66313,-2.01585
37,11427,10,425.0,42.6631,-2.01596
37,11428,10,424.9,42.66307,-2.01608
37,11429,10,424.55,42.66304,-2.01619
37,11430,10,424.13,42.663,-2.0163
37,11431,10,423.59,42.66299,-2.01642
37,11432,10,423.0,42.66298,-2.01654
37,11433,10,423.53,42.66297,-2.01667
37,11434,10,424.91,42.66296,-2.01679
37,11435,10,425.61,42.66295,-2.01691
37,11436,10,424.31,42.66295,-2.01703
37,11437,10,423.87,42.66294,-2.01715
37,11438,10,422.4,42.66293,-2.01727
37,11439,10,423.54,42.66289,-2.01738
37,11440,10,424.01,42.66284,-2.01749
37,11441,10,424.34,42.6628,-2.01759
37,11442,10,423.59,42.66275,-2.0177
37,11443,10,422.48,42.66271,-2.01781
37,11444,10,422.07,42.66267,-2.01791
37,11445,10,421.77,42.66262,-2.01802
37,11446,10,421.93,42.66258,-2.01813
37,11447,10,421.98,42.66256,-2.01824
37,11448,10,422.49,42.66256,-2.01836
37,11449,10,423.42,42.66256,-2.01849
37,11450,10,423.93,42.66256,-2.01861
37,11451,10,425.45,42.66256,-2.01873
37,11452,10,426.21,42.66258,-2.01885
37,11453,10,426.88,42.6626,-2.01897
37,11454,10,427.05,42.66264,-2.01908
37,11455,10,427.31,42.66269,-2.01918
37,11456,10,427.01,42.66274,-2.01928
37,11457,10,426.67,42.66279,-2.01938
37,11458,10,428.51,42.66284,-2.01949
37,11459,10,429.59,42.66288,-2.01959
37,11460,10,430.63,42.66291,-2.01971
37,11461,10,430.71,42.66295,-2.01982
37,11462,10,430.58,42.66299,-2.01993
37,11463,10,430.52,42.66302,-2.02004
37,11464,10,430.68,42.66306,-2.02015
37,11465,10,430.81,42.6631,-2.02026
37,11466,10,430.58,42.66315,-2.02036
37,11467,10,431.07,42.66321,-2.02045
37,11468,10,431.45,42.66328,-2.02054
37,11469,10,431.8,42.66334,-2.02062
37,11470,10,431.81,42.6634,-2.02071
37,11471,10,431.79,42.66346,-2.0208
37,11472,10,431.85,42.6635,-2.0209
37,11473,10,431.79,42.66351,-2.02102
37,11474,10,431.28,42.66352,-2.02114
37,11475,10,432.34,42.66355,-2.02124
37,11476,10,432.51,42.66364,-2.02129
37,11477,10,432.41,42.66372,-2.02134
37,11478,10,432.24,42.6638,-2.02138
37,11479,10,432.22,42.66389,-2.02143
37,11480,10,432.55,42.66397,-2.02148
37,11481,10,432.07,42.66405,-2.02152
37,11482,10,431.37,42.66414,-2.02157
37,11483,10,431.58,42.66422,-2.02162
37,11484,10,431.77,42.6643,-2.02166
37,11485,10,430.94,42.66439,-2.02171
37,11486,10,430.2,42.66447,-2.02176
37,11487,10,428.96,42.66455,-2.0218
37,11488,10,427.87,42.66464,-2.02185
37,11489,10,427.92,42.66472,-2.0219
37,11490,10,427.93,42.6648,-2.02194
37,11491,10,428.1,42.66489,-2.02197
37,11492,10,428.3,42.66498,-2.02199
37,11493,10,428.51,42.66507,-2.02202
37,11494,10,428.68,42.66515,-2.02204
37,11495,10,428.79,42.66524,-2.02203
37,11496,10,428.69,42.66533,-2.02201
37,11497,10,428.6,42.66542,-2.022
37,11498,10,428.12,42.66551,-2.02198
37,11499,10,426.82,42.6656,-2.02196
37,11500,10,426.26,42.66569,-2.02198
37,11501,10,426.63,42.66578,-2.02201
37,11502,10,427.51,42.66586,-2.02205
37,11503,10,427.13,42.66595,-2.02208
37,11504,10,427.98,42.66604,-2.02211
37,11505,10,427.66,42.66612,-2.02214
37,11506,10,426.98,42.66621,-2.02218
37,11507,10,426.73,42.6663,-2.02221
37,11508,10,426.25,42.66638,-2.02225
37,11509,10,426.06,42.66646,-2.02231
37,11510,10,425.14,42.66654,-2.02236
37,11511,10,425.54,42.66662,-2.02242
37,11512,10,425.54,42.6667,-2.02248
37,11513,10,425.12,42.66678,-2.02253
37,11514,10,424.45,42.66686,-2.02259
37,11515,10,424.08,42.66694,-2.02265
37,11516,10,424.59,42.66702,-2.02269
37,11517,10,424.52,42.66711,-2.02273
37,11518,10,425.0,42.66719,-2.02277
37,11519,10,424.15,42.66728,-2.0228
37,11520,10,422.7,42.66737,-2.02284
37,11521,10,422.99,42.66745,-2.02288
37,11522,10,422.34,42.66754,-2.02291
37,11523,10,422.26,42.66762,-2.02295
37,11524,10,422.09,42.66771,-2.02299
37,11525,10,421.53,42.6678,-2.02302
37,11526,10,421.61,42.66788,-2.02306
37,11527,10,421.03,42.66797,-2.0231
37,11528,10,421.32,42.66805,-2.02313
37,11529,10,423.09,42.66814,-2.02317
37,11530,10,423.47,42.66822,-2.02321
37,11531,10,423.1,42.66831,-2.02324
37,11532,10,422.86,42.6684,-2.02328
37,11533,10,422.29,42.66848,-2.02333
37,11534,10,421.31,42.66855,-2.0234
37,11535,10,421.9,42.66863,-2.02347
37,11536,10,422.05,42.6687,-2.02353
37,11537,10,422.27,42.66878,-2.0236
37,11538,10,421.6,42.66887,-2.02363
37,11539,10,420.49,42.66895,-2.02365
37,11540,10,420.18,42.66904,-2.02368
37,11541,10,421.41,42.66913,-2.02371
37,11542,10,421.41,42.66922,-2.02373
37,11543,10,419.5,42.66931,-2.02376
37,11544,10,419.84,42.66938,-2.02382
37,11545,10,419.15,42.66945,-2.02389
37,11546,10,420.53,42.66953,-2.02397
37,11547,10,422.5,42.66959,-2.02405
37,11548,10,421.91,42.66965,-2.02414
37,11549,10,421.22,42.66971,-2.02423
37,11550,10,420.59,42.66977,-2.02432
37,11551,10,421.72,42.66978,-2.02444
37,11552,10,422.01,42.66979,-2.02456
37,11553,10,421.95,42.66979,-2.02468
37,11554,10,421.74,42.66979,-2.0248
37,11555,10,421.67,42.6698,-2.02493
37,11556,10,422.43,42.6698,-2.02505
37,11557,10,423.39,42.6698,-2.02517
37,11558,10,423.49,42.66981,-2.02529
37,11559,10,423.51,42.66981,-2.02541
37,11560,10,423.28,42.66981,-2.02554
37,11561,10,423.37,42.66982,-2.02566
37,11562,10,423.57,42.66982,-2.02578
37,11563,10,423.32,42.66983,-2.0259
37,11564,10,422.69,42.66983,-2.02602
37,11565,10,421.75,42.66983,-2.02615
37,11566,10,421.63,42.66984,-2.02627
37,11567,10,421.49,42.66984,-2.02639
37,11568,10,422.28,42.66985,-2.02651
37,11569,10,424.11,42.66985,-2.02663
37,11570,10,423.71,42.66986,-2.02675
37,11571,10,421.8,42.66987,-2.02688
37,11572,10,421.2,42.66988,-2.027
37,11573,10,421.12,42.66989,-2.02712
37,11574,10,420.98,42.66993,-2.02717
37,11575,10,421.43,42.67002,-2.02716
37,11576,10,422.45,42.67011,-2.02715
37,11577,10,423.61,42.6702,-2.02714
37,11578,10,423.55,42.67029,-2.02713
37,11579,10,423.09,42.67038,-2.02712
37,11580,10,423.43,42.67047,-2.02711
37,11581,10,422.9,42.67056,-2.0271
37,11582,10,423.21,42.6706,-2.02717
37,11583,10,423.87,42.67059,-2.02729
37,11584,10,423.93,42.67059,-2.02741
37,11585,10,424.12,42.67059,-2.02754
37,11586,10,424.25,42.67058,-2.02766
37,11587,10,423.92,42.67058,-2.02778
37,11588,10,423.88,42.67057,-2.0279
37,11589,10,424.0,42.67057,-2.02802
37,11590,10,424.1,42.67057,-2.02815
37,11591,10,425.0,42.67056,-2.02827
37,11592,10,425.58,42.67056,-2.02839
37,11593,10,425.83,42.6706,-2.0285
37,11594,10,425.8,42.67063,-2.02861
38,11595,10,425.46,42.67066,-2.02871
38,11596,10,425.8,42.6707,-2.02882
38,11597,10,426.76,42.67072,-2.02894
38,11598,10,426.9,42.67075,-2.02906
38,11599,10,426.7,42.67077,-2.02917
38,11600,10,426.26,42.67079,-2.02929
38,11601,10,425.96,42.67081,-2.02941
38,11602,10,425.85,42.67083,-2.02953
38,11603,10,425.5,42.6708,-2.0296
38,11604,10,424.79,42.67071,-2.02961
38,11605,10,423.38,42.67062,-2.02961
38,11606,10,422.99,42.67053,-2.02962
38,11607,10,423.32,42.67047,-2.02958
38,11608,10,423.21,42.67038,-2.02957
38,11609,10,423.08,42.67029,-2.02957
38,11610,10,422.34,42.6702,-2.02956
38,11611,10,421.34,42.67011,-2.02956
38,11612,10,421.32,42.67002,-2.02955
38,11613,10,421.76,42.66993,-2.02956
38,11614,10,421.47,42.66984,-2.02958
38,11615,10,421.74,42.66977,-2.02965
38,11616,10,421.84,42.6697,-2.02972
38,11617,10,421.89,42.66963,-2.02966
38,11618,10,421.89,42.66957,-2.02957
38,11619,10,422.39,42.66951,-2.02948
38,11620,10,423.3,42.66944,-2.0294
38,11621,10,423.56,42.66937,-2.0294
38,11622,10,423.05,42.6693,-2.02947
38,11623,10,423.23,42.66923,-2.02955
38,11624,10,424.31,42.66916,-2.02963
38,11625,10,425.74,42.66909,-2.0297
38,11626,10,426.71,42.66902,-2.02977
38,11627,10,427.25,42.66894,-2.02985
38,11628,10,427.54,42.66887,-2.02992
38,11629,10,427.8,42.6688,-2.02999
38,11630,10,428.15,42.66873,-2.03007
38,11631,10,428.3,42.66866,-2.03015
38,11632,10,428.1,42.66859,-2.03023
38,11633,10,427.78,42.66853,-2.03031
38,11634,10,427.78,42.66846,-2.03038
38,11635,10,427.97,42.66839,-2.03046
38,11636,10,428.27,42.66832,-2.03054
38,11637,10,428.55,42.66825,-2.03062
38,11638,10,428.69,42.66818,-2.0307
38,11639,10,429.04,42.6681,-2.03075
38,11640,10,429.3,42.66802,-2.0308
38,11641,10,429.74,42.66793,-2.03084
38,11642,10,429.45,42.66786,-2.0309
38,11643,10,429.39,42.66778,-2.03096
38,11644,10,429.95,42.6677,-2.03102
38,11645,10,431.16,42.66762,-2.03108
38,11646,10,431.49,42.66754,-2.03114
38,11647,10,431.3,42.66746,-2.0312
38,11648,10,430.91,42.66738,-2.03126
38,11649,10,429.45,42.66731,-2.03133
38,11650,10,430.83,42.66723,-2.0314
38,11651,10,431.6,42.66716,-2.03146
38,11652,10,431.82,42.66708,-2.03152
38,11653,10,431.66,42.667,-2.03158
38,11654,10,431.0,42.66692,-2.03164
38,11655,10,429.97,42.66684,-2.0317
38,11656,10,430.4,42.6668,-2.03164
38,11657,10,432.72,42.66675,-2.03157
38,11658,10,432.34,42.66667,-2.03164
38,11659,10,431.46,42.6666,-2.0317
38,11660,10,430.36,42.66652,-2.03176
38,11661,10,429.98,42.66643,-2.0318
38,11662,10,429.98,42.66635,-2.03184
38,11663,10,431.0,42.66626,-2.03186
38,11664,10,432.29,42.66617,-2.03187
38,11665,10,432.1,42.66608,-2.03189
38,11666,10,431.85,42.66599,-2.03191
38,11667,10,432.16,42.6659,-2.03192
38,11668,10,433.07,42.66581,-2.03192
38,11669,10,433.65,42.66572,-2.03193
38,11670,10,434.07,42.66563,-2.03194
38,11671,10,434.85,42.66554,-2.03194
38,11672,10,434.73,42.66545,-2.03195
38,11673,10,434.37,42.66536,-2.03196
38,11674,10,434.19,42.66527,-2.03197
38,11675,10,434.4,42.66518,-2.03199
38,11676,10,434.55,42.66509,-2.03201
38,11677,10,434.66,42.66501,-2.03204
38,11678,10,435.4,42.66492,-2.03206
38,11679,10,436.41,42.66485,-2.03203
38,11680,10,436.9,42.66478,-2.03208
38,11681,10,436.77,42.66471,-2.03214
38,11682,10,436.95,42.66462,-2.03217
38,11683,10,436.74,42.66454,-2.03221
38,11684,10,437.33,42.66445,-2.03224
38,11685,10,437.84,42.66436,-2.03228
38,11686,10,437.67,42.66431,-2.03233
38,11687,10,437.95,42.66432,-2.03243
38,11688,10,438.63,42.66426,-2.03251
38,11689,10,438.53,42.6642,-2.0326
38,11690,10,438.61,42.66417,-2.03271
38,11691,10,438.91,42.66415,-2.03283
38,11692,10,439.3,42.66415,-2.03295
38,11693,10,439.21,42.66406,-2.03299
38,11694,10,439.73,42.66398,-2.03305
38,11695,10,440.06,42.66391,-2.033
38,11696,10,440.46,42.66384,-2.03294
38,11697,10,440.67,42.66376,-2.03299
38,11698,10,441.06,42.6637,-2.03308
38,11699,10,442.19,42.66363,-2.03315
38,11700,10,442.73,42.66356,-2.03323
38,11701,10,443.25,42.66349,-2.03331
38,11702,10,443.28,42.66343,-2.03339
38,11703,10,443.6,42.66337,-2.03348
38,11704,10,444.43,42.6633,-2.03356
38,11705,10,445.55,42.66324,-2.03365
38,11706,10,446.34,42.66317,-2.03374
38,11707,10,446.69,42.66311,-2.03383
38,11708,10,447.03,42.66306,-2.03392
38,11709,10,448.1,42.663,-2.03401
38,11710,10,448.86,42.66293,-2.0341
38,11711,10,449.23,42.66287,-2.03419
38,11712,10,449.59,42.66281,-2.03428
38,11713,10,449.8,42.66274,-2.03436
38,11714,10,450.01,42.66267,-2.03444
38,11715,10,450.77,42.6626,-2.03452
38,11716,10,451.94,42.66253,-2.03459
38,11717,10,453.01,42.66246,-2.03466
38,11718,10,454.14,42.66239,-2.03474
38,11719,10,455.1,42.66232,-2.03481
38,11720,10,455.58,42.66225,-2.03489
38,11721,10,455.84,42.66217,-2.03495
38,11722,10,456.67,42.66209,-2.03501
38,11723,10,457.68,42.66202,-2.03507
38,11724,10,459.3,42.66194,-2.03513
38,11725,10,460.51,42.66185,-2.03518
38,11726,10,461.03,42.66177,-2.03522
38,11727,10,461.63,42.66168,-2.03525
38,11728,10,461.95,42.66159,-2.03528
38,11729,10,462.38,42.66151,-2.0353
38,11730,10,462.99,42.66142,-2.03533
38,11731,10,463.61,42.66133,-2.03536
38,11732,10,464.23,42.66124,-2.03539
38,11733,10,464.56,42.66116,-2.03541
38,11734,10,465.29,42.66108,-2.03547
38,11735,10,466.4,42.66102,-2.03556
38,11736,10,467.52,42.66097,-2.03566
38,11737,10,469.23,42.66093,-2.03577
38,11738,10,470.1,42.66088,-2.03587
38,11739,10,470.92,42.66083,-2.03597
38,11740,10,471.14,42.66078,-2.03607
38,11741,10,471.41,42.66074,-2.03618
38,11742,10,472.71,42.6607,-2.03629
38,11743,10,473.2,42.66064,-2.03638
38,11744,10,473.47,42.66057,-2.03647
38,11745,10,474.03,42.66051,-2.03656
38,11746,10,475.49,42.66045,-2.03664
38,11747,10,475.63,42.66036,-2.03667
38,11748,10,475.33,42.66027,-2.03668
38,11749,10,475.43,42.66018,-2.03669
38,11750,10,475.94,42.66009,-2.03672
38,11751,10,477.22,42.66002,-2.03679
38,11752,10,478.23,42.65996,-2.03688
38,11753,10,478.65,42.6599,-2.03697
38,11754,10,478.9,42.65983,-2.03705
38,11755,10,479.9,42.65976,-2.03712
38,11756,10,480.4,42.65968,-2.03719
38,11757,10,480.69,42.65961,-2.03726
39,11758,10,482.19,42.65925,-2.03757
39,11759,10,483.69,42.65917,-2.03761
39,11760,10,485.41,42.65908,-2.03765
39,11761,10,485.81,42.659,-2.03769
39,11762,10,486.49,42.65891,-2.03774
39,11763,10,487.49,42.65883,-2.03778
39,11764,10,488.44,42.65874,-2.03782
39,11765,10,488.78,42.65866,-2.03786
39,11766,10,488.18,42.65857,-2.0379
39,11767,10,488.42,42.65849,-2.03794
39,11768,10,489.5,42.65841,-2.03799
39,11769,10,490.12,42.65833,-2.03807
39,11770,10,490.53,42.65827,-2.03815
39,11771,10,490.99,42.6582,-2.03823
39,11772,10,491.85,42.65814,-2.03832
39,11773,10,492.51,42.65808,-2.03841
39,11774,10,493.09,42.65802,-2.0385
39,11775,10,493.58,42.65796,-2.03859
39,11776,10,494.44,42.6579,-2.03868
39,11777,10,494.84,42.65784,-2.03877
39,11778,10,495.68,42.65777,-2.03886
39,11779,10,496.26,42.65771,-2.03894
39,11780,10,496.86,42.65764,-2.03902
39,11781,10,496.57,42.65757,-2.03909
39,11782,10,496.67,42.6575,-2.03913
39,11783,10,496.7,42.65741,-2.0391
39,11784,10,496.53,42.65733,-2.03913
39,11785,10,496.1,42.65725,-2.03918
39,11786,10,496.06,42.65716,-2.03923
39,11787,10,495.8,42.65708,-2.03928
39,11788,10,495.74,42.657,-2.03933
39,11789,10,496.26,42.65692,-2.03938
39,11790,10,497.21,42.65683,-2.03941
39,11791,10,497.35,42.65674,-2.03945
39,11792,10,497.37,42.65666,-2.03948
39,11793,10,497.54,42.65657,-2.03951
39,11794,10,498.39,42.65648,-2.03954
39,11795,10,498.75,42.6564,-2.03957
39,11796,10,497.98,42.65631,-2.0396
39,11797,10,498.52,42.65622,-2.03963
39,11798,10,499.16,42.65613,-2.03966
39,11799,10,500.79,42.65605,-2.03968
39,11800,10,501.36,42.65596,-2.03971
39,11801,10,501.17,42.65587,-2.03972
39,11802,10,500.42,42.65578,-2.03972
39,11803,10,499.69,42.65569,-2.03973
39,11804,10,499.03,42.6556,-2.03977
39,11805,10,498.48,42.65552,-2.0398
39,11806,10,497.97,42.65543,-2.03983
39,11807,10,497.28,42.65534,-2.03985
39,11808,10,496.3,42.65525,-2.03988
39,11809,10,494.78,42.65516,-2.0399
39,11810,10,493.6,42.65508,-2.0399
39,11811,10,492.51,42.65502,-2.0399
39,11812,10,492.31,42.65497,-2.03999
39,11813,10,492.17,42.65491,-2.04009
39,11814,10,491.7,42.65485,-2.04018
39,11815,10,491.84,42.6548,-2.04028
39,11816,10,490.37,42.65474,-2.04037
39,11817,10,489.75,42.65468,-2.04047
39,11818,10,489.42,42.65463,-2.04056
39,11819,10,489.12,42.65456,-2.04063
39,11820,10,488.44,42.65449,-2.04071
39,11821,10,488.25,42.65443,-2.04081
39,11822,10,488.06,42.65437,-2.0409
39,11823,10,487.94,42.65431,-2.04099
39,11824,10,487.6,42.65426,-2.04108
39,11825,10,487.62,42.6542,-2.04118
39,11826,10,487.54,42.65414,-2.04127
39,11827,10,487.41,42.65408,-2.04135
39,11828,10,487.43,42.65401,-2.04128
39,11829,10,487.57,42.65395,-2.04137
39,11830,10,487.97,42.65389,-2.04146
39,11831,10,488.32,42.65381,-2.04151
39,11832,10,489.62,42.65372,-2.04153
39,11833,10,490.35,42.65363,-2.04154
39,11834,10,490.51,42.65356,-2.0416
39,11835,10,491.5,42.65347,-2.04162
39,11836,10,492.13,42.65338,-2.04164
39,11837,10,492.59,42.6533,-2.04166
39,11838,10,493.16,42.65321,-2.04169
39,11839,10,493.37,42.65312,-2.04173
39,11840,10,493.45,42.65304,-2.04178
39,11841,10,493.46,42.65296,-2.04182
39,11842,10,493.47,42.65288,-2.04188
39,11843,10,493.75,42.6528,-2.04194
39,11844,10,494.8,42.65272,-2.042
39,11845,10,496.02,42.65264,-2.04206
39,11846,10,497.1,42.65256,-2.04212
39,11847,10,498.27,42.65248,-2.04216
39,11848,10,499.4,42.65239,-2.04219
39,11849,10,500.06,42.65231,-2.04223
39,11850,10,501.43,42.65222,-2.04227
39,11851,10,502.21,42.65214,-2.04233
39,11852,10,502.45,42.65206,-2.04239
39,11853,10,503.47,42.65198,-2.04244
39,11854,10,504.06,42.65191,-2.04251
39,11855,10,504.2,42.65183,-2.04257
39,11856,10,503.97,42.65176,-2.04264
39,11857,10,504.79,42.65168,-2.04271
39,11858,10,505.12,42.65162,-2.04279
39,11859,10,506.31,42.65155,-2.04287
39,11860,10,507.39,42.65149,-2.04296
39,11861,10,508.59,42.65142,-2.04304
39,11862,10,509.74,42.65135,-2.04311
39,11863,10,510.78,42.65128,-2.04319
39,11864,10,511.78,42.65121,-2.04326
40,11865,10,513.62,42.65086,-2.04357
40,11866,10,513.15,42.65091,-2.04367
40,11867,10,513.4,42.65087,-2.04359
40,11868,10,513.97,42.6508,-2.04361
40,11869,10,514.78,42.65073,-2.04368
40,11870,10,515.44,42.65065,-2.04376
40,11871,10,515.98,42.65058,-2.04383
40,11872,10,516.88,42.65051,-2.0439
40,11873,10,517.08,42.65044,-2.04398
40,11874,10,516.75,42.65037,-2.04406
40,11875,10,517.54,42.6503,-2.04414
40,11876,10,518.38,42.65024,-2.04422
40,11877,10,519.01,42.65017,-2.0443
40,11878,10,519.14,42.65011,-2.04439
40,11879,10,519.05,42.65005,-2.04448
40,11880,10,519.53,42.64998,-2.04456
40,11881,10,521.38,42.64992,-2.04465
40,11882,10,521.68,42.64986,-2.04474
40,11883,10,521.67,42.64979,-2.04482
40,11884,10,521.76,42.64973,-2.04491
40,11885,10,522.53,42.64967,-2.045
40,11886,10,522.74,42.64961,-2.0451
40,11887,10,523.2,42.64956,-2.04519
40,11888,10,523.84,42.6495,-2.04529
40,11889,10,524.17,42.64944,-2.04538
40,11890,10,524.22,42.64939,-2.04547
40,11891,10,525.0,42.64933,-2.04557
40,11892,10,525.78,42.64927,-2.04567
40,11893,10,526.82,42.64922,-2.04576
40,11894,10,527.27,42.64916,-2.04586
40,11895,10,527.9,42.6491,-2.04595
40,11896,10,528.45,42.64905,-2.04605
40,11897,10,528.86,42.64899,-2.04614
40,11898,10,529.18,42.64894,-2.04624
40,11899,10,529.46,42.64888,-2.04633
40,11900,10,530.2,42.64882,-2.04643
40,11901,10,530.98,42.64877,-2.04653
40,11902,10,531.47,42.64871,-2.04662
40,11903,10,531.76,42.64865,-2.04671
40,11904,10,532.19,42.64859,-2.0468
40,11905,10,532.84,42.64853,-2.04689
40,11906,10,533.14,42.64847,-2.04698
40,11907,10,533.69,42.64841,-2.04707
40,11908,10,534.42,42.64835,-2.04716
40,11909,10,535.27,42.64828,-2.04723
40,11910,10,535.88,42.6482,-2.0473
40,11911,10,536.2,42.64812,-2.04735
40,11912,10,536.65,42.64804,-2.0474
40,11913,10,537.2,42.64795,-2.04744
40,11914,10,538.35,42.64787,-2.04749
40,11915,10,539.07,42.64779,-2.04754
40,11916,10,539.64,42.6477,-2.04758
40,11917,10,540.0,42.64762,-2.04763
40,11918,10,540.71,42.64754,-2.04768
40,11919,10,541.87,42.64745,-2.04772
40,11920,10,542.28,42.64736,-2.04773
40,11921,10,543.0,42.64727,-2.04774
40,11922,10,543.52,42.64718,-2.04775
40,11923,10,544.52,42.64709,-2.04775
40,11924,10,546.09,42.647,-2.04776
40,11925,10,546.53,42.64691,-2.04776
40,11926,10,547.41,42.64682,-2.04777
40,11927,10,548.28,42.64673,-2.04779
40,11928,10,548.77,42.64665,-2.04781
41,11929,10,551.73,42.64633,-2.0479
41,11930,10,551.87,42.64631,-2.04801
41,11931,10,551.65,42.64635,-2.04812
41,11932,10,551.45,42.64638,-2.04824
41,11933,10,551.44,42.6464,-2.04835
41,11934,10,552.05,42.64643,-2.04847
41,11935,10,552.08,42.64645,-2.04859
41,11936,10,551.9,42.64647,-2.04871
41,11937,10,551.62,42.6465,-2.04882
41,11938,10,551.57,42.64652,-2.04894
41,11939,10,551.59,42.64654,-2.04906
41,11940,10,551.6,42.64656,-2.04918
41,11941,10,551.73,42.64657,-2.0493
41,11942,10,552.17,42.64657,-2.04942
41,11943,10,552.22,42.64658,-2.04954
41,11944,10,552.28,42.64659,-2.04967
41,11945,10,552.65,42.64659,-2.04979
41,11946,10,552.64,42.64661,-2.04991
41,11947,10,552.89,42.64663,-2.05003
41,11948,10,553.25,42.64665,-2.05015
41,11949,10,553.78,42.64666,-2.05027
41,11950,10,554.22,42.64668,-2.05038
41,11951,10,554.5,42.6467,-2.0505
41,11952,10,554.33,42.64672,-2.05062
41,11953,10,554.54,42.64674,-2.05074
41,11954,10,554.45,42.64676,-2.05086
41,11955,10,554.84,42.64678,-2.05098
41,11956,10,555.01,42.6468,-2.0511
41,11957,10,555.27,42.64682,-2.05122
41,11958,10,555.62,42.64684,-2.05134
41,11959,10,555.74,42.64687,-2.05145
41,11960,10,555.86,42.64689,-2.05157
41,11961,10,555.8,42.64691,-2.05169
41,11962,10,555.88,42.64694,-2.05181
41,11963,10,556.59,42.64696,-2.05193
41,11964,10,556.99,42.64698,-2.05204
41,11965,10,556.78,42.647,-2.05216
41,11966,10,556.72,42.64702,-2.05228
41,11967,10,556.82,42.64704,-2.0524
41,11968,10,557.25,42.64706,-2.05252
41,11969,10,557.83,42.64708,-2.05264
41,11970,10,557.67,42.64708,-2.05276
41,11971,10,557.33,42.64709,-2.05288
41,11972,10,557.36,42.64709,-2.053
41,11973,10,557.38,42.64713,-2.05311
41,11974,10,557.26,42.64718,-2.05311
41,11975,10,557.2,42.64724,-2.0532
41,11976,10,557.26,42.64722,-2.05332
41,11977,10,557.57,42.64721,-2.05344
41,11978,10,557.94,42.6472,-2.05356
41,11979,10,558.27,42.64718,-2.05368
41,11980,10,558.6,42.64717,-2.0538
41,11981,10,558.71,42.64716,-2.05392
41,11982,10,559.16,42.64714,-2.05404
41,11983,10,559.38,42.64713,-2.05416
41,11984,10,559.78,42.64712,-2.05428
41,11985,10,560.28,42.6471,-2.0544
41,11986,10,560.48,42.64709,-2.05452
41,11987,10,560.31,42.64708,-2.05464
41,11988,10,560.64,42.64706,-2.05476
41,11989,10,561.0,42.64705,-2.05489
41,11990,10,562.02,42.64703,-2.05501
41,11991,10,562.05,42.64702,-2.05513
41,11992,10,561.72,42.64701,-2.05525
41,11993,10,561.78,42.64699,-2.05537
41,11994,10,562.28,42.64697,-2.05549
41,11995,10,562.7,42.64695,-2.0556
41,11996,10,563.14,42.64692,-2.05572
41,11997,10,563.21,42.64689,-2.05583
41,11998,10,563.23,42.64685,-2.05594
41,11999,10,564.02,42.6468,-2.05605
41,12000,10,564.19,42.64676,-2.05615
41,12001,10,564.62,42.64672,-2.05626
41,12002,10,565.34,42.64667,-2.05637
41,12003,10,566.05,42.64662,-2.05647
41,12004,10,566.15,42.64657,-2.05657
41,12005,10,566.38,42.64652,-2.05667
41,12006,10,566.7,42.64647,-2.05677
41,12007,10,566.86,42.64642,-2.05687
41,12008,10,567.17,42.64637,-2.05697
41,12009,10,567.46,42.64632,-2.05707
41,12010,10,567.92,42.64627,-2.05718
41,12011,10,568.14,42.64623,-2.05729
41,12012,10,567.99,42.64618,-2.05739
41,12013,10,568.39,42.64613,-2.05749
41,12014,10,568.57,42.64609,-2.05759
41,12015,10,569.07,42.64604,-2.0577
41,12016,10,569.24,42.64601,-2.05781
41,12017,10,569.32,42.64599,-2.05793
41,12018,10,569.43,42.64597,-2.05805
41,12019,10,569.77,42.64595,-2.05817
41,12020,10,569.88,42.64593,-2.05829
41,12021,10,570.07,42.64591,-2.05841
41,12022,10,570.73,42.64588,-2.05852
41,12023,10,571.07,42.64586,-2.05864
41,12024,10,571.12,42.64583,-2.05876
41,12025,10,571.17,42.6458,-2.05887
41,12026,10,571.14,42.64578,-2.05899
41,12027,10,571.39,42.64575,-2.05911
41,12028,10,571.45,42.64572,-2.05922
41,12029,10,571.48,42.64569,-2.05934
41,12030,10,571.5,42.64567,-2.05945
41,12031,10,571.41,42.64564,-2.05957
41,12032,10,571.74,42.64561,-2.05969
41,12033,10,572.11,42.64558,-2.0598
41,12034,10,572.19,42.64555,-2.05992
41,12035,10,572.3,42.64552,-2.06003
41,12036,10,572.29,42.6455,-2.06015
41,12037,10,572.25,42.64547,-2.06026
41,12038,10,572.2,42.64543,-2.06037
41,12039,10,571.73,42.64539,-2.06048
41,12040,10,570.78,42.64535,-2.06059
41,12041,10,570.77,42.64532,-2.06071
41,12042,10,570.7,42.64528,-2.06082
41,12043,10,570.82,42.64525,-2.06093
41,12044,10,570.78,42.64523,-2.06105
41,12045,10,570.9,42.64521,-2.06117
41,12046,10,570.99,42.6452,-2.06129
41,12047,10,571.34,42.64518,-2.06141
41,12048,10,571.33,42.64516,-2.06153
41,12049,10,572.01,42.64512,-2.06164
41,12050,10,571.72,42.64509,-2.06175
41,12051,10,571.18,42.64505,-2.06187
41,12052,10,571.79,42.64502,-2.06198
41,12053,10,572.38,42.64499,-2.06209
41,12054,10,572.73,42.64495,-2.0622
41,12055,10,572.94,42.64492,-2.06232
41,12056,10,575.34,42.64488,-2.06243
41,12057,10,578.23,42.64483,-2.06253
41,12058,10,577.28,42.64479,-2.06264
41,12059,10,574.12,42.64474,-2.06274
41,12060,10,573.06,42.64469,-2.06284
41,12061,10,573.01,42.64464,-2.06294
41,12062,10,573.25,42.64459,-2.06305
41,12063,10,573.61,42.64454,-2.06315
41,12064,10,574.02,42.6445,-2.06326
41,12065,10,574.2,42.64446,-2.06337
41,12066,10,574.11,42.64442,-2.06347
41,12067,10,574.04,42.64438,-2.06358
41,12068,10,574.24,42.64433,-2.06369
41,12069,10,574.6,42.64428,-2.06379
41,12070,10,575.55,42.64424,-2.0639
41,12071,10,576.35,42.64419,-2.064
41,12072,10,577.04,42.64414,-2.0641
41,12073,10,577.29,42.6441,-2.06421
41,12074,10,577.86,42.64405,-2.06431
41,12075,10,578.39,42.64401,-2.06442
41,12076,10,578.7,42.64396,-2.06452
41,12077,10,578.71,42.64391,-2.06462
41,12078,10,578.94,42.64385,-2.06471
41,12079,10,579.14,42.64379,-2.0648
41,12080,10,579.86,42.64372,-2.06489
41,12081,10,580.39,42.64366,-2.06498
41,12082,10,580.28,42.64361,-2.06508
41,12083,10,580.8,42.64355,-2.06517
41,12084,10,580.73,42.6435,-2.06527
41,12085,10,580.43,42.64344,-2.06536
41,12086,10,579.4,42.64339,-2.06546
41,12087,10,579.46,42.64333,-2.06556
41,12088,10,579.79,42.64327,-2.06565
41,12089,10,580.24,42.6432,-2.06573
41,12090,10,580.78,42.64315,-2.06582
41,12091,10,581.18,42.6431,-2.06593
41,12092,10,581.63,42.64305,-2.06603
41,12093,10,582.16,42.643,-2.06613
41,12094,10,582.38,42.64296,-2.06624
41,12095,10,582.55,42.64291,-2.06634
41,12096,10,582.2,42.64286,-2.06644
41,12097,10,582.42,42.64281,-2.06654
41,12098,10,582.61,42.64276,-2.06665
41,12099,10,582.6,42.64271,-2.06675
41,12100,10,581.62,42.64267,-2.06685
41,12101,10,580.93,42.64263,-2.06697
41,12102,10,581.05,42.6426,-2.06708
41,12103,10,581.55,42.64256,-2.06719
41,12104,10,582.0,42.64253,-2.0673
41,12105,10,583.18,42.64248,-2.06741
41,12106,10,584.3,42.64243,-2.06751
41,12107,10,585.71,42.64238,-2.06761
41,12108,10,587.48,42.64233,-2.06772
41,12109,10,587.55,42.64229,-2.06782
41,12110,10,587.66,42.64224,-2.06792
41,12111,10,589.06,42.64219,-2.06802
41,12112,10,589.29,42.64214,-2.06812
41,12113,10,590.49,42.64209,-2.06823
41,12114,10,591.04,42.64204,-2.06833
41,12115,10,591.34,42.642,-2.06844
41,12116,10,591.94,42.64197,-2.06855
41,12117,10,592.54,42.64195,-2.06867
41,12118,10,593.15,42.64194,-2.06879
41,12119,10,593.27,42.64193,-2.06891
41,12120,10,592.54,42.64191,-2.06903
41,12121,10,592.36,42.64192,-2.06915
41,12122,10,590.79,42.64192,-2.06928
41,12123,10,589.99,42.64192,-2.0694
41,12124,10,589.5,42.6419,-2.06952
41,12125,10,587.72,42.64189,-2.06964
41,12126,10,587.1,42.64187,-2.06976
41,12127,10,587.02,42.64186,-2.06988
41,12128,10,586.62,42.64186,-2.07
41,12129,10,586.82,42.64186,-2.07012
41,12130,10,585.31,42.64189,-2.07024
41,12131,10,584.09,42.64189,-2.07036
41,12132,10,583.85,42.64187,-2.07048
41,12133,10,583.09,42.64184,-2.0706
41,12134,10,582.67,42.6418,-2.07071
41,12135,10,582.44,42.64176,-2.07082
41,12136,10,582.11,42.64172,-2.07092
41,12137,10,581.35,42.64169,-2.07103
41,12138,10,581.49,42.64165,-2.07114
41,12139,10,580.81,42.6416,-2.07125
41,12140,10,580.25,42.64155,-2.07135
41,12141,10,580.37,42.64151,-2.07146
41,12142,10,580.57,42.64146,-2.07156
41,12143,10,579.39,42.64141,-2.07167
41,12144,10,578.91,42.64137,-2.07177
41,12145,10,578.72,42.64131,-2.07187
41,12146,10,579.17,42.64126,-2.07197
41,12147,10,578.41,42.6412,-2.07206
41,12148,10,577.74,42.64115,-2.07216
41,12149,10,579.18,42.64109,-2.07225
41,12150,10,578.89,42.64104,-2.07235
41,12151,10,578.9,42.64098,-2.07245
41,12152,10,578.99,42.64093,-2.07255
41,12153,10,579.1,42.6409,-2.07266
41,12154,10,579.83,42.64089,-2.07278
41,12155,10,579.92,42.64087,-2.0729
41,12156,10,579.65,42.64086,-2.07302
41,12157,10,580.09,42.64083,-2.07314
41,12158,10,581.43,42.64077,-2.07323
41,12159,10,583.18,42.6407,-2.0732
41,12160,10,585.29,42.64066,-2.07309
41,12161,10,585.7,42.6406,-2.073
41,12162,10,586.14,42.64052,-2.07298
41,12163,10,587.55,42.64043,-2.07294
41,12164,10,589.13,42.64036,-2.07289
41,12165,10,591.06,42.64027,-2.0729
41,12166,10,592.08,42.64018,-2.0729
41,12167,10,592.26,42.64011,-2.07284
41,12168,10,593.26,42.64002,-2.07279
41,12169,10,594.28,42.63993,-2.07278
41,12170,10,594.68,42.63984,-2.07278
41,12171,10,593.76,42.63976,-2.07281
41,12172,10,593.86,42.63969,-2.07273
41,12173,10,594.12,42.6396,-2.07271
41,12174,10,594.48,42.63951,-2.0727
41,12175,10,595.06,42.63942,-2.07267
41,12176,10,595.74,42.63934,-2.07263
41,12177,10,596.13,42.63925,-2.07262
41,12178,10,596.74,42.63918,-2.07268
41,12179,10,597.82,42.63916,-2.0728
41,12180,10,598.55,42.63915,-2.07292
41,12181,10,598.92,42.63914,-2.07304
41,12182,10,599.59,42.63912,-2.07316
41,12183,10,600.22,42.63911,-2.07328
41,12184,10,600.4,42.6391,-2.07341
41,12185,10,600.52,42.63909,-2.07353
41,12186,10,600.28,42.63908,-2.07365
41,12187,10,599.97,42.63906,-2.07377
41,12188,10,599.81,42.63904,-2.07389
41,12189,10,599.88,42.63902,-2.074
41,12190,10,599.39,42.639,-2.07412
41,12191,10,598.76,42.63899,-2.07424
41,12192,10,598.0,42.63899,-2.07437
41,12193,10,597.84,42.63898,-2.07449
41,12194,10,597.49,42.63896,-2.07461
41,12195,10,597.62,42.63894,-2.07473
41,12196,10,597.38,42.63892,-2.07485
41,12197,10,596.43,42.6389,-2.07496
41,12198,10,595.6,42.63885,-2.07506
41,12199,10,595.21,42.63879,-2.07515
41,12200,10,595.12,42.63873,-2.07524
41,12201,10,594.29,42.63867,-2.07534
41,12202,10,593.44,42.63861,-2.07543
41,12203,10,592.44,42.63855,-2.07552
41,12204,10,591.65,42.63851,-2.07563
41,12205,10,591.18,42.63848,-2.07574
41,12206,10,591.62,42.63845,-2.07586
41,12207,10,592.11,42.63843,-2.07598
41,12208,10,592.14,42.63841,-2.07609
41,12209,10,592.21,42.63838,-2.07621
41,12210,10,592.23,42.63836,-2.07633
41,12211,10,591.66,42.63833,-2.07645
41,12212,10,591.06,42.63831,-2.07656
41,12213,10,589.92,42.63829,-2.07668
41,12214,10,590.09,42.63826,-2.0768
41,12215,10,590.1,42.63824,-2.07692
41,12216,10,590.89,42.63821,-2.07703
41,12217,10,590.19,42.63819,-2.07715
41,12218,10,589.87,42.63816,-2.07726
41,12219,10,589.8,42.63812,-2.07738
41,12220,10,589.54,42.63809,-2.07749
41,12221,10,588.49,42.63806,-2.07761
41,12222,10,588.29,42.63803,-2.07772
41,12223,10,587.67,42.638,-2.07784
41,12224,10,587.22,42.63797,-2.07795
41,12225,10,587.12,42.63796,-2.07807
41,12226,10,587.16,42.63795,-2.07819
41,12227,10,587.0,42.63795,-2.07832
41,12228,10,586.87,42.63795,-2.07844
41,12229,10,586.55,42.63796,-2.07856
41,12230,10,586.04,42.63799,-2.07867
41,12231,10,585.13,42.63802,-2.07879
41,12232,10,583.88,42.63805,-2.0789
41,12233,10,583.56,42.63803,-2.07902
41,12234,10,583.69,42.63798,-2.07912
41,12235,10,582.7,42.63795,-2.07923
41,12236,10,582.0,42.63791,-2.07934
41,12237,10,582.12,42.63787,-2.07945
41,12238,10,582.62,42.63786,-2.07957
41,12239,10,583.45,42.63786,-2.0797
41,12240,10,583.57,42.63787,-2.07982
41,12241,10,583.73,42.63786,-2.07994
41,12242,10,583.54,42.63785,-2.08006
41,12243,10,583.58,42.63783,-2.08018
41,12244,10,583.24,42.63782,-2.0803
41,12245,10,582.83,42.6378,-2.08042
41,12246,10,581.93,42.63776,-2.08053
41,12247,10,580.48,42.63769,-2.0806
41,12248,10,579.15,42.6376,-2.08061
41,12249,10,577.27,42.63754,-2.08066
41,12250,10,575.46,42.63761,-2.08074
41,12251,10,573.51,42.63767,-2.08082
41,12252,10,572.06,42.63774,-2.0809
41,12253,10,570.68,42.63781,-2.08098
41,12254,10,569.31,42.63788,-2.08107
41,12255,10,567.77,42.63791,-2.08116
41,12256,10,567.12,42.63799,-2.08123
41,12257,10,566.3,42.63806,-2.08129
41,12258,10,565.74,42.63814,-2.08135
41,12259,10,564.97,42.63822,-2.08142
41,12260,10,564.43,42.63829,-2.08148
41,12261,10,563.18,42.63837,-2.08155
41,12262,10,562.04,42.63843,-2.08163
41,12263,10,562.1,42.6385,-2.08172
41,12264,10,561.84,42.63856,-2.0818
41,12265,10,560.76,42.63863,-2.08189
41,12266,10,559.78,42.63867,-2.08199
41,12267,10,559.09,42.6387,-2.08211
41,12268,10,558.19,42.63873,-2.08222
41,12269,10,557.93,42.63876,-2.08234
41,12270,10,557.24,42.63879,-2.08245
41,12271,10,556.58,42.63882,-2.08257
41,12272,10,555.98,42.63884,-2.08269
41,12273,10,555.1,42.63883,-2.08281
41,12274,10,554.8,42.63881,-2.08292
41,12275,10,554.12,42.63877,-2.08304
41,12276,10,552.89,42.63874,-2.08315
41,12277,10,551.75,42.63871,-2.08327
41,12278,10,549.63,42.63869,-2.08338
41,12279,10,547.71,42.63868,-2.08351
41,12280,10,546.85,42.63868,-2.08363
41,12281,10,546.57,42.63869,-2.08375
41,12282,10,546.56,42.63862,-2.08376
41,12283,10,546.72,42.63854,-2.08372
41,12284,10,547.49,42.63847,-2.08365
41,12285,10,547.78,42.63839,-2.08358
41,12286,10,548.55,42.63832,-2.08352
41,12287,10,549.9,42.63824,-2.08345
41,12288,10,550.94,42.63817,-2.08338
41,12289,10,552.22,42.63809,-2.08331
41,12290,10,553.28,42.63802,-2.08324
41,12291,10,554.63,42.63795,-2.08316
41,12292,10,555.94,42.63787,-2.0831
41,12293,10,557.05,42.63779,-2.08306
41,12294,10,557.41,42.6377,-2.08305
41,12295,10,557.29,42.63761,-2.08306
41,12296,10,557.57,42.63752,-2.08308
41,12297,10,557.88,42.63743,-2.0831
41,12298,10,557.82,42.63735,-2.08315
41,12299,10,558.19,42.63727,-2.08321
41,12300,10,558.38,42.6372,-2.08328
41,12301,10,559.01,42.63713,-2.08336
41,12302,10,559.39,42.63707,-2.08345
41,12303,10,559.17,42.63702,-2.08355
41,12304,10,559.36,42.63697,-2.08366
41,12305,10,559.98,42.63692,-2.08375
41,12306,10,559.72,42.63687,-2.08385
41,12307,10,559.63,42.63681,-2.08395
41,12308,10,559.31,42.63676,-2.08405
41,12309,10,559.02,42.63671,-2.08415
41,12310,10,559.38,42.63665,-2.08425
41,12311,10,559.51,42.63661,-2.08435
41,12312,10,560.16,42.63657,-2.08446
41,12313,10,560.54,42.63654,-2.08457
41,12314,10,559.63,42.6365,-2.08469
41,12315,10,559.47,42.63648,-2.08481
41,12316,10,559.45,42.63646,-2.08492
41,12317,10,559.49,42.63644,-2.08504
41,12318,10,559.9,42.63641,-2.08516
41,12319,10,560.19,42.63637,-2.08527
41,12320,10,560.9,42.63632,-2.08537
41,12321,10,562.2,42.63627,-2.08547
41,12322,10,563.79,42.63622,-2.08557
41,12323,10,564.95,42.63616,-2.08567
42,12324,10,576.85,42.63579,-2.08628
42,12325,10,577.74,42.63574,-2.08639
42,12326,10,578.67,42.63574,-2.0865
42,12327,10,579.81,42.63577,-2.08661
42,12328,10,579.9,42.6358,-2.08673
42,12329,10,580.45,42.63577,-2.08684
42,12330,10,581.52,42.63571,-2.08693
42,12331,10,581.66,42.63564,-2.08701
42,12332,10,581.83,42.63556,-2.08707
42,12333,10,581.54,42.63549,-2.08713
42,12334,10,581.87,42.6354,-2.08718
42,12335,10,582.62,42.63532,-2.08717
42,12336,10,582.9,42.63523,-2.08715
42,12337,10,582.61,42.63514,-2.08714
42,12338,10,581.54,42.63505,-2.08715
42,12339,10,581.13,42.63496,-2.08715
42,12340,10,580.82,42.63487,-2.08717
42,12341,10,581.05,42.63478,-2.0872
42,12342,10,580.36,42.6347,-2.08725
42,12343,10,579.25,42.63462,-2.0873
42,12344,10,577.32,42.63454,-2.08737
42,12345,10,576.11,42.63448,-2.08746
42,12346,10,575.48,42.63441,-2.08754
42,12347,10,575.09,42.63435,-2.08762
42,12348,10,574.26,42.63428,-2.08771
42,12349,10,572.99,42.63422,-2.08779
42,12350,10,572.22,42.63415,-2.08787
42,12351,10,571.14,42.63408,-2.08796
42,12352,10,570.0,42.63402,-2.08804
42,12353,10,569.88,42.63396,-2.08813
42,12354,10,568.48,42.63396,-2.08825
42,12355,10,568.16,42.63397,-2.08837
42,12356,10,567.24,42.63398,-2.08849
42,12357,10,566.72,42.634,-2.08861
42,12358,10,566.75,42.63402,-2.08873
42,12359,10,565.78,42.63408,-2.08882
42,12360,10,564.42,42.63415,-2.08889
42,12361,10,566.17,42.63422,-2.08897
42,12362,10,566.59,42.63429,-2.08905
42,12363,10,566.31,42.63435,-2.08914
42,12364,10,566.7,42.6344,-2.08924
42,12365,10,567.74,42.63441,-2.08935
42,12366,10,570.06,42.63432,-2.08938
42,12367,10,571.42,42.63423,-2.0894
42,12368,10,571.84,42.63414,-2.08942
42,12369,10,572.38,42.63406,-2.08945
42,12370,10,572.92,42.63398,-2.0895
42,12371,10,573.35,42.63391,-2.08958
42,12372,10,573.72,42.63384,-2.08966
42,12373,10,574.57,42.63378,-2.08975
42,12374,10,575.45,42.63371,-2.08983
42,12375,10,576.3,42.63363,-2.0899
42,12376,10,577.58,42.63356,-2.08997
42,12377,10,578.93,42.63349,-2.09004
42,12378,10,579.72,42.63341,-2.09011
42,12379,10,580.62,42.63335,-2.09019
42,12380,10,581.52,42.63329,-2.09028
42,12381,10,582.43,42.63325,-2.09039
42,12382,10,583.34,42.63322,-2.0905
42,12383,10,584.03,42.6332,-2.09062
42,12384,10,584.66,42.63318,-2.09074
42,12385,10,585.29,42.63316,-2.09086
42,12386,10,585.43,42.63315,-2.09098
42,12387,10,585.65,42.63315,-2.0911
42,12388,10,586.47,42.63317,-2.09122
42,12389,10,586.82,42.63318,-2.09134
42,12390,10,587.29,42.63318,-2.09147
42,12391,10,587.81,42.63318,-2.09159
42,12392,10,588.78,42.63318,-2.09171
42,12393,10,589.34,42.63317,-2.09183
42,12394,10,590.21,42.63314,-2.09195
42,12395,10,591.19,42.63311,-2.09206
42,12396,10,592.09,42.63307,-2.09217
42,12397,10,592.91,42.63304,-2.09228
42,12398,10,594.12,42.633,-2.09239
42,12399,10,595.68,42.63296,-2.0925
42,12400,10,597.21,42.63291,-2.0926
42,12401,10,598.78,42.63286,-2.0927
42,12402,10,600.62,42.63281,-2.09281
42,12403,10,601.95,42.63276,-2.09291
42,12404,10,603.37,42.6327,-2.093
42,12405,10,604.4,42.63264,-2.09309
42,12406,10,605.37,42.63259,-2.09319
42,12407,10,606.85,42.63255,-2.0933
42,12408,10,608.67,42.63251,-2.09341
42,12409,10,610.57,42.63245,-2.0935
42,12410,10,612.35,42.63238,-2.09359
42,12411,10,613.54,42.63232,-2.09368
42,12412,10,614.66,42.63227,-2.09377
42,12413,10,616.12,42.63224,-2.09389
42,12414,10,617.04,42.63221,-2.094
42,12415,10,617.58,42.63218,-2.09412
42,12416,10,618.16,42.63215,-2.09423
42,12417,10,619.14,42.63211,-2.09434
42,12418,10,620.75,42.63206,-2.09444
42,12419,10,621.88,42.63201,-2.09454
42,12420,10,623.34,42.63194,-2.09462
42,12421,10,623.98,42.6319,-2.09472
42,12422,10,624.35,42.63188,-2.09484
42,12423,10,624.95,42.63185,-2.09495
42,12424,10,625.7,42.63181,-2.09507
42,12425,10,626.18,42.63181,-2.09519
42,12426,10,627.39,42.6318,-2.09531
42,12427,10,628.23,42.6318,-2.09543
42,12428,10,628.69,42.63182,-2.09553
42,12429,10,628.48,42.6318,-2.0955
42,12430,10,629.41,42.63185,-2.0956
42,12431,10,630.82,42.63191,-2.0957
42,12432,10,631.92,42.63196,-2.0958
42,12433,10,633.26,42.632,-2.09591
42,12434,10,634.37,42.63204,-2.09602
42,12435,10,635.08,42.63207,-2.09613
42,12436,10,635.74,42.63209,-2.09625
42,12437,10,636.48,42.63211,-2.09637
42,12438,10,637.26,42.63212,-2.09649
42,12439,10,638.0,42.63212,-2.09661
42,12440,10,638.43,42.63212,-2.09673
42,12441,10,638.76,42.63212,-2.09686
42,12442,10,639.45,42.63212,-2.09698
42,12443,10,640.36,42.63213,-2.0971
42,12444,10,641.71,42.63213,-2.09722
42,12445,10,642.86,42.63214,-2.09734
42,12446,10,644.29,42.63214,-2.09746
42,12447,10,645.76,42.63215,-2.09759
42,12448,10,646.83,42.63211,-2.09769
42,12449,10,647.71,42.63204,-2.09777
42,12450,10,648.7,42.63198,-2.09786
42,12451,10,649.45,42.63193,-2.09796
42,12452,10,650.04,42.63189,-2.09807
42,12453,10,650.46,42.63186,-2.09819
42,12454,10,651.14,42.63182,-2.09829
42,12455,10,651.86,42.63177,-2.09839
42,12456,10,652.18,42.6317,-2.09847
42,12457,10,652.48,42.63163,-2.09854
42,12458,10,652.97,42.63155,-2.0986
42,12459,10,653.95,42.63147,-2.09866
42,12460,10,654.56,42.63139,-2.09869
42,12461,10,655.51,42.6313,-2.09873
42,12462,10,656.64,42.63121,-2.09877
42,12463,10,657.75,42.63113,-2.09881
42,12464,10,658.92,42.63105,-2.09887
42,12465,10,659.79,42.63098,-2.09894
42,12466,10,660.68,42.63093,-2.09905
42,12467,10,661.14,42.6309,-2.09916
42,12468,10,661.33,42.63087,-2.09927
42,12469,10,661.4,42.63084,-2.09939
42,12470,10,661.31,42.63082,-2.09951
42,12471,10,661.8,42.63081,-2.09963
42,12472,10,662.35,42.63079,-2.09975
42,12473,10,662.76,42.63076,-2.09986
42,12474,10,663.13,42.63071,-2.09996
42,12475,10,663.39,42.63066,-2.10006
42,12476,10,663.88,42.63061,-2.10017
42,12477,10,664.17,42.63055,-2.10025
42,12478,10,664.43,42.63047,-2.10032
42,12479,10,664.82,42.6304,-2.10039
42,12480,10,664.97,42.63032,-2.10045
42,12481,10,664.83,42.63024,-2.10051
42,12482,10,665.08,42.63017,-2.10058
42,12483,10,664.76,42.63009,-2.10065
42,12484,10,664.32,42.63002,-2.10072
42,12485,10,664.14,42.62995,-2.1008
42,12486,10,664.69,42.62989,-2.10089
42,12487,10,664.55,42.62983,-2.10097
42,12488,10,664.09,42.62977,-2.10107
42,12489,10,663.65,42.62972,-2.10117
42,12490,10,663.37,42.62967,-2.10127
42,12491,10,663.21,42.62963,-2.10138
42,12492,10,662.99,42.62959,-2.10149
42,12493,10,663.09,42.62956,-2.10161
42,12494,10,662.56,42.62953,-2.10172
42,12495,10,662.53,42.6295,-2.10184
42,12496,10,663.01,42.62948,-2.10195
42,12497,10,663.57,42.62946,-2.10207
42,12498,10,664.38,42.62946,-2.1022
42,12499,10,664.91,42.62945,-2.10232
42,12500,10,665.41,42.62944,-2.10244
42,12501,10,666.11,42.62941,-2.10256
42,12502,10,667.17,42.62939,-2.10267
42,12503,10,668.2,42.62936,-2.10279
42,12504,10,668.11,42.62933,-2.10287
42,12505,10,668.83,42.62936,-2.10297
42,12506,10,669.76,42.62931,-2.10307
42,12507,10,670.66,42.62926,-2.10317
42,12508,10,670.89,42.62921,-2.10326
42,12509,10,672.61,42.62916,-2.10337
42,12510,10,675.04,42.62914,-2.10348
42,12511,10,675.45,42.62906,-2.10352
42,12512,10,675.24,42.629,-2.1036
42,12513,10,674.88,42.62895,-2.10371
42,12514,10,674.95,42.62894,-2.10382
42,12515,10,674.74,42.62893,-2.10394
42,12516,10,674.36,42.62887,-2.10403
42,12517,10,673.25,42.62881,-2.10412
42,12518,10,672.15,42.62877,-2.10423
42,12519,10,670.61,42.62868,-2.10422
